cell_id,sample,cell_type,gene,u_bin,s_bin,target_u_bin,target_s_bin,is_fixed_stratum,us_cosine_distance
10X_17_028:AAACCTGGTAAAGGAGx,10X_17_028,Radial Glia,FOXG1,9,15,6,15,False,
10X_17_028:AAAGTAGCAAAGTCAAx,10X_17_028,Radial Glia,FOXG1,6,15,6,15,True,0.733482837677002
10X_17_028:AAACCTGTCCTAGTGAx,10X_17_028,Radial Glia,FOXG1,0,14,6,15,False,
10X_17_028:AAACGGGTCTGCGTAAx,10X_17_028,Radial Glia,FOXG1,0,15,6,15,False,
10X_17_028:AAACCTGGTCTCATCCx,10X_17_028,Radial Glia,FOXG1,3,15,6,15,False,
10X_17_028:AAATGCCGTAGCAAATx,10X_17_028,Immature Neuron,FOXG1,7,15,6,15,False,
10X_17_028:AAATGCCGTAGCGCTCx,10X_17_028,Radial Glia,FOXG1,6,15,6,15,True,0.7522379159927368
10X_17_028:AACACGTTCGGAGCAAx,10X_17_028,Immature Neuron,FOXG1,7,15,6,15,False,
10X_17_028:AAAGATGGTACTCTCCx,10X_17_028,Immature Neuron,FOXG1,5,15,6,15,False,
10X_17_028:AAAGTAGTCCGCGGTAx,10X_17_028,Radial Glia,FOXG1,5,15,6,15,False,
10X_17_028:AAACCTGTCGGTGTCGx,10X_17_028,Immature Neuron,FOXG1,8,15,6,15,False,
10X_17_028:AAATGCCAGTCAATAGx,10X_17_028,Radial Glia,FOXG1,5,15,6,15,False,
10X_17_028:AACTCAGAGAGTTGGCx,10X_17_028,Radial Glia,FOXG1,3,15,6,15,False,
10X_17_028:AACTCAGGTAATTGGAx,10X_17_028,Radial Glia,FOXG1,7,15,6,15,False,
10X_17_028:AACGTTGAGTTCGATCx,10X_17_028,Immature Neuron,FOXG1,3,15,6,15,False,
10X_17_028:AACTGGTCAAGCGTAGx,10X_17_028,Immature Neuron,FOXG1,2,15,6,15,False,
10X_17_028:AACTTTCAGCTAAGATx,10X_17_028,Immature Neuron,FOXG1,3,15,6,15,False,
10X_17_028:AACTCTTGTCAATGTCx,10X_17_028,Immature Neuron,FOXG1,1,15,6,15,False,
10X_17_028:AACTCTTTCAGTTCGAx,10X_17_028,Immature Neuron,FOXG1,3,15,6,15,False,
10X_17_028:AAGACCTGTCAATACCx,10X_17_028,Immature Neuron,FOXG1,1,15,6,15,False,
10X_17_028:AACGTTGAGCGCTCCAx,10X_17_028,Immature Neuron,FOXG1,0,15,6,15,False,
10X_17_028:AAGACCTTCTGAAAGAx,10X_17_028,Radial Glia,FOXG1,2,15,6,15,False,
10X_17_028:AACTTTCGTTACCGATx,10X_17_028,Radial Glia,FOXG1,4,15,6,15,False,
10X_17_028:AACTGGTCAGTGGAGTx,10X_17_028,Immature Neuron,FOXG1,4,15,6,15,False,
10X_17_028:AACTTTCAGCTACCGCx,10X_17_028,Immature Neuron,FOXG1,8,15,6,15,False,
10X_17_028:AACGTTGGTGACGGTAx,10X_17_028,Radial Glia,FOXG1,3,15,6,15,False,
10X_17_028:AACGTTGGTCTGCAATx,10X_17_028,Immature Neuron,FOXG1,5,15,6,15,False,
10X_17_028:AACTCAGTCCATTCTAx,10X_17_028,Immature Neuron,FOXG1,5,15,6,15,False,
10X_17_028:AACTTTCTCCTCTAGCx,10X_17_028,Radial Glia,FOXG1,5,15,6,15,False,
10X_17_028:AAGTCTGTCCAAGTACx,10X_17_028,Immature Neuron,FOXG1,4,15,6,15,False,
10X_17_028:ACACCCTAGTAGCCGAx,10X_17_028,Radial Glia,FOXG1,0,15,6,15,False,
10X_17_028:AAGGTTCGTGCGGTAAx,10X_17_028,Immature Neuron,FOXG1,8,15,6,15,False,
10X_17_028:ACACCCTGTCTTCGTCx,10X_17_028,Radial Glia,FOXG1,9,15,6,15,False,
10X_17_028:AAGCCGCGTACCATCAx,10X_17_028,Radial Glia,FOXG1,4,15,6,15,False,
10X_17_028:AATCCAGCATCTATGGx,10X_17_028,Immature Neuron,FOXG1,8,15,6,15,False,
10X_17_028:ACACCCTGTCCAGTTAx,10X_17_028,Radial Glia,FOXG1,6,15,6,15,True,0.72962886095047
10X_17_028:AAGGCAGGTAACGCGAx,10X_17_028,Radial Glia,FOXG1,2,15,6,15,False,
10X_17_028:AAGGTTCGTCTGCAATx,10X_17_028,Immature Neuron,FOXG1,6,15,6,15,True,0.6843024492263794
10X_17_028:ACACCAAAGGTACTCTx,10X_17_028,Immature Neuron,FOXG1,4,15,6,15,False,
10X_17_028:AAGTCTGGTACGAAATx,10X_17_028,Immature Neuron,FOXG1,4,15,6,15,False,
10X_17_028:AATCCAGAGTTCCACAx,10X_17_028,Immature Neuron,FOXG1,5,15,6,15,False,
10X_17_028:AATCCAGCAGCTGCTGx,10X_17_028,Immature Neuron,FOXG1,4,15,6,15,False,
10X_17_028:AAGGCAGCATTAGGCTx,10X_17_028,Radial Glia,FOXG1,4,15,6,15,False,
10X_17_028:AATCGGTCAATAGCAAx,10X_17_028,Immature Neuron,FOXG1,0,15,6,15,False,
10X_17_028:AAGTCTGCATCCCACTx,10X_17_028,Immature Neuron,FOXG1,7,15,6,15,False,
10X_17_028:ACATACGAGCGCCTTGx,10X_17_028,Immature Neuron,FOXG1,3,15,6,15,False,
10X_17_028:ACAGCCGCACTAGTACx,10X_17_028,Radial Glia,FOXG1,2,15,6,15,False,
10X_17_028:ACATCAGCAAGCCCACx,10X_17_028,Immature Neuron,FOXG1,5,15,6,15,False,
10X_17_028:ACCAGTAAGGCCCGTTx,10X_17_028,Radial Glia,FOXG1,4,15,6,15,False,
10X_17_028:ACACTGATCAAGGTAAx,10X_17_028,Immature Neuron,FOXG1,4,15,6,15,False,
10X_17_028:ACCAGTAGTAGCTGCCx,10X_17_028,Radial Glia,FOXG1,1,15,6,15,False,
10X_17_028:ACATCAGCAAGAAAGGx,10X_17_028,Immature Neuron,FOXG1,6,15,6,15,True,0.6796648502349854
10X_17_028:ACCAGTATCTGTCCGTx,10X_17_028,Radial Glia,FOXG1,5,15,6,15,False,
10X_17_028:ACAGCCGCAAACTGCTx,10X_17_028,Immature Neuron,FOXG1,8,15,6,15,False,
10X_17_028:ACATACGTCTCTTGATx,10X_17_028,Radial Glia,FOXG1,5,15,6,15,False,
10X_17_028:ACATCAGAGCGTAGTGx,10X_17_028,Immature Neuron,FOXG1,5,15,6,15,False,
10X_17_028:ACAGCTATCTTTACGTx,10X_17_028,Immature Neuron,FOXG1,7,15,6,15,False,
10X_17_028:ACATACGGTACAGTTCx,10X_17_028,Immature Neuron,FOXG1,6,15,6,15,True,0.6746357083320618
10X_17_028:ACACCGGAGCGATCCCx,10X_17_028,Radial Glia,FOXG1,4,15,6,15,False,
10X_17_028:ACGCAGCGTAGTGAATx,10X_17_028,Radial Glia,FOXG1,5,15,6,15,False,
10X_17_028:ACCTTTATCCGCGTTTx,10X_17_028,Immature Neuron,FOXG1,8,15,6,15,False,
10X_17_028:ACCCACTGTTGAACTCx,10X_17_028,Immature Neuron,FOXG1,7,15,6,15,False,
10X_17_028:ACGCAGCGTCTTGTCCx,10X_17_028,Radial Glia,FOXG1,7,15,6,15,False,
10X_17_028:ACGCAGCCACCTATCCx,10X_17_028,Immature Neuron,FOXG1,5,15,6,15,False,
10X_17_028:ACGAGCCCAAGTCTGTx,10X_17_028,Radial Glia,FOXG1,0,15,6,15,False,
10X_17_028:ACGCAGCTCTAACTTCx,10X_17_028,Immature Neuron,FOXG1,1,15,6,15,False,
10X_17_028:ACGATACTCCATGAACx,10X_17_028,Radial Glia,FOXG1,3,15,6,15,False,
10X_17_028:ACGATGTGTTGTCGCGx,10X_17_028,Radial Glia,FOXG1,5,14,6,15,False,
10X_17_028:ACGATACCAGAAGCACx,10X_17_028,Immature Neuron,FOXG1,7,15,6,15,False,
10X_17_028:ACGATACGTAAGCACGx,10X_17_028,Radial Glia,FOXG1,5,15,6,15,False,
10X_17_028:ACGCCAGAGCTGCGAAx,10X_17_028,Radial Glia,FOXG1,7,15,6,15,False,
10X_17_028:ACGCAGCTCTCAACTTx,10X_17_028,Immature Neuron,FOXG1,9,15,6,15,False,
10X_17_028:ACGATACCAACGATCTx,10X_17_028,Radial Glia,FOXG1,4,15,6,15,False,
10X_17_028:ACCCACTGTAGATTAGx,10X_17_028,Radial Glia,FOXG1,0,15,6,15,False,
10X_17_028:ACCCACTGTAGCACGAx,10X_17_028,Immature Neuron,FOXG1,7,15,6,15,False,
10X_17_028:ACGGCCAGTTCGCTAAx,10X_17_028,Radial Glia,FOXG1,0,15,6,15,False,
10X_17_028:ACGGCCACACTCTGTCx,10X_17_028,Immature Neuron,FOXG1,9,15,6,15,False,
10X_17_028:ACGTCAATCGCATGGCx,10X_17_028,Immature Neuron,FOXG1,5,15,6,15,False,
10X_17_028:ACGGCCATCCTATTCAx,10X_17_028,Immature Neuron,FOXG1,2,15,6,15,False,
10X_17_028:ACGCCGATCTTTCCTCx,10X_17_028,Radial Glia,FOXG1,5,15,6,15,False,
10X_17_028:ACGGGCTCATCGTCGGx,10X_17_028,Radial Glia,FOXG1,6,15,6,15,True,0.744294285774231
10X_17_028:ACGGGTCCATTGTGCAx,10X_17_028,Radial Glia,FOXG1,2,15,6,15,False,
10X_17_028:ACGGCCATCAAGGTAAx,10X_17_028,Immature Neuron,FOXG1,5,15,6,15,False,
10X_17_028:ACGCCAGCATTCTTACx,10X_17_028,Radial Glia,FOXG1,8,15,6,15,False,
10X_17_028:ACGCCAGCATCGTCGGx,10X_17_028,Radial Glia,FOXG1,0,15,6,15,False,
10X_17_028:ACGGGCTGTACAGACGx,10X_17_028,Radial Glia,FOXG1,3,15,6,15,False,
10X_17_028:ACTTGTTAGAACTGTAx,10X_17_028,Immature Neuron,FOXG1,4,15,6,15,False,
10X_17_028:ACTTACTAGATCCGAGx,10X_17_028,Radial Glia,FOXG1,7,14,6,15,False,
10X_17_028:ACTGTCCGTCCATGATx,10X_17_028,Radial Glia,FOXG1,6,15,6,15,True,0.7856959104537964
10X_17_028:ACTTACTAGCCTTGATx,10X_17_028,Immature Neuron,FOXG1,6,15,6,15,True,0.6745772957801819
10X_17_028:ACTGTCCTCTCTGTCGx,10X_17_028,Radial Glia,FOXG1,8,15,6,15,False,
10X_17_028:AGAATAGGTTACGCGCx,10X_17_028,Radial Glia,FOXG1,10,15,6,15,False,
10X_17_028:AGAATAGTCTTAGCCCx,10X_17_028,Radial Glia,FOXG1,7,15,6,15,False,
10X_17_028:AGAATAGAGGCTACGAx,10X_17_028,Radial Glia,FOXG1,6,15,6,15,True,0.7543736696243286
10X_17_028:ACTGTCCGTCCAGTTAx,10X_17_028,Radial Glia,FOXG1,6,15,6,15,True,0.7643344402313232
10X_17_028:ACTGAGTGTGATGCCCx,10X_17_028,Immature Neuron,FOXG1,6,15,6,15,True,0.6831760406494141
10X_17_028:AGAGTGGAGGGATACCx,10X_17_028,Immature Neuron,FOXG1,6,15,6,15,True,0.6797215938568115
10X_17_028:AGATCTGAGAACTCGGx,10X_17_028,Immature Neuron,FOXG1,4,15,6,15,False,
10X_17_028:AGATTGCCAACACCCGx,10X_17_028,Immature Neuron,FOXG1,3,15,6,15,False,
10X_17_028:AGCAGCCAGTTAACGAx,10X_17_028,Immature Neuron,FOXG1,1,15,6,15,False,
10X_17_028:AGACGTTCAAACGCGAx,10X_17_028,Radial Glia,FOXG1,3,15,6,15,False,
10X_17_028:AGAGTGGAGCGCTCCAx,10X_17_028,Immature Neuron,FOXG1,3,15,6,15,False,
10X_17_028:AGCATACCATTCCTGCx,10X_17_028,Immature Neuron,FOXG1,4,15,6,15,False,
10X_17_028:AGCAGCCAGACAGGCTx,10X_17_028,Immature Neuron,FOXG1,3,15,6,15,False,
10X_17_028:AGACGTTCAACGATGGx,10X_17_028,Immature Neuron,FOXG1,1,15,6,15,False,
10X_17_028:AGAGCTTCACGTGAGAx,10X_17_028,Radial Glia,FOXG1,6,15,6,15,True,0.7269942760467529
10X_17_028:AGCGGTCGTCCGACGTx,10X_17_028,Radial Glia,FOXG1,9,15,6,15,False,
10X_17_028:AGATTGCGTCCAAGTTx,10X_17_028,Immature Neuron,FOXG1,4,15,6,15,False,
10X_17_028:AGACGTTAGGCAGGTTx,10X_17_028,Radial Glia,FOXG1,0,15,6,15,False,
10X_17_028:AGCCTAAAGATGCCTTx,10X_17_028,Immature Neuron,FOXG1,5,15,6,15,False,
10X_17_028:AGATTGCTCTGCGGCAx,10X_17_028,Radial Glia,FOXG1,5,15,6,15,False,
10X_17_028:AGACGTTAGTCCCACGx,10X_17_028,Radial Glia,FOXG1,3,15,6,15,False,
10X_17_028:AGATCTGTCCTTAATCx,10X_17_028,Immature Neuron,FOXG1,7,15,6,15,False,
10X_17_028:AGCAGCCCAGTATGCTx,10X_17_028,Radial Glia,FOXG1,4,15,6,15,False,
10X_17_028:AGGCCGTAGTTGTCGTx,10X_17_028,Immature Neuron,FOXG1,8,15,6,15,False,
10X_17_028:AGCGTCGAGCAATCTCx,10X_17_028,Radial Glia,FOXG1,2,15,6,15,False,
10X_17_028:AGGGAGTCACGCGAAAx,10X_17_028,Radial Glia,FOXG1,4,15,6,15,False,
10X_17_028:AGCTCCTGTCACACGCx,10X_17_028,Radial Glia,FOXG1,2,15,6,15,False,
10X_17_028:AGGCCGTAGGTGACCAx,10X_17_028,Immature Neuron,FOXG1,3,15,6,15,False,
10X_17_028:AGGGAGTGTCAGAATAx,10X_17_028,Immature Neuron,FOXG1,7,15,6,15,False,
10X_17_028:AGCGTCGAGTTAACGAx,10X_17_028,Immature Neuron,FOXG1,8,15,6,15,False,
10X_17_028:AGGCCGTTCTCGAGTAx,10X_17_028,Immature Neuron,FOXG1,7,15,6,15,False,
10X_17_028:AGCTCTCTCGCGGATCx,10X_17_028,Immature Neuron,FOXG1,8,15,6,15,False,
10X_17_028:AGCGTCGCAGTACACTx,10X_17_028,Immature Neuron,FOXG1,1,15,6,15,False,
10X_17_028:AGCTCTCGTTAGAACAx,10X_17_028,Radial Glia,FOXG1,2,14,6,15,False,
10X_17_028:AGCGTATAGGGCTTCCx,10X_17_028,Radial Glia,FOXG1,8,15,6,15,False,
10X_17_028:AGGGATGTCTGCAGTAx,10X_17_028,Immature Neuron,FOXG1,6,15,6,15,True,0.6765239238739014
10X_17_028:AGGTCATCAGCGAACAx,10X_17_028,Radial Glia,FOXG1,0,15,6,15,False,
10X_17_028:AGGTCCGGTGGGTCAAx,10X_17_028,Radial Glia,FOXG1,0,15,6,15,False,
10X_17_028:AGTGAGGAGTACGACGx,10X_17_028,Radial Glia,FOXG1,9,15,6,15,False,
10X_17_028:AGTGGGACAGTACACTx,10X_17_028,Radial Glia,FOXG1,3,15,6,15,False,
10X_17_028:AGTAGTCTCACCCTCAx,10X_17_028,Immature Neuron,FOXG1,1,15,6,15,False,
10X_17_028:AGTAGTCTCGCAAGCCx,10X_17_028,Immature Neuron,FOXG1,4,15,6,15,False,
10X_17_028:AGTCTTTCAGTCGTGCx,10X_17_028,Radial Glia,FOXG1,5,15,6,15,False,
10X_17_028:AGTGGGAAGCGTAATAx,10X_17_028,Immature Neuron,FOXG1,4,15,6,15,False,
10X_17_028:AGGTCATAGTGTTGAAx,10X_17_028,Immature Neuron,FOXG1,0,15,6,15,False,
10X_17_028:ATAACGCCAGATAATGx,10X_17_028,Radial Glia,FOXG1,7,15,6,15,False,
10X_17_028:ATCACGAAGTTACCCAx,10X_17_028,Immature Neuron,FOXG1,5,15,6,15,False,
10X_17_028:AGTGTCAAGAGGTAGAx,10X_17_028,Immature Neuron,FOXG1,4,15,6,15,False,
10X_17_028:ATCATCTTCTGTCAAGx,10X_17_028,Radial Glia,FOXG1,2,15,6,15,False,
10X_17_028:ATAGACCAGGAGTACCx,10X_17_028,Radial Glia,FOXG1,5,15,6,15,False,
10X_17_028:ATCATGGTCCTCAATTx,10X_17_028,Radial Glia,FOXG1,2,15,6,15,False,
10X_17_028:ATCATCTGTCTACCTCx,10X_17_028,Radial Glia,FOXG1,6,15,6,15,True,0.7191298007965088
10X_17_028:ATAGACCTCATCGGATx,10X_17_028,Immature Neuron,FOXG1,0,15,6,15,False,
10X_17_028:ATCATCTCATCCTTGCx,10X_17_028,Radial Glia,FOXG1,3,15,6,15,False,
10X_17_028:ATCATGGAGCAGATCGx,10X_17_028,Immature Neuron,FOXG1,3,15,6,15,False,
10X_17_028:ATAACGCAGCTGAAATx,10X_17_028,Radial Glia,FOXG1,5,15,6,15,False,
10X_17_028:ATCCGAAGTTTGTTGGx,10X_17_028,Radial Glia,FOXG1,0,15,6,15,False,
10X_17_028:ATTACTCTCATTTGGGx,10X_17_028,Immature Neuron,FOXG1,8,15,6,15,False,
10X_17_028:ATCTACTAGAAACCTAx,10X_17_028,Radial Glia,FOXG1,4,15,6,15,False,
10X_17_028:ATCTACTTCGAGAGCAx,10X_17_028,Radial Glia,FOXG1,9,15,6,15,False,
10X_17_028:ATCGAGTGTCCAACTAx,10X_17_028,Radial Glia,FOXG1,2,15,6,15,False,
10X_17_028:ATCCGAACAAGTTCTGx,10X_17_028,Radial Glia,FOXG1,0,15,6,15,False,
10X_17_028:ATCTACTTCGTTACAGx,10X_17_028,Immature Neuron,FOXG1,4,15,6,15,False,
10X_17_028:ATTACTCGTGTTTGTGx,10X_17_028,Radial Glia,FOXG1,3,15,6,15,False,
10X_17_028:ATTACTCGTTCTGGTAx,10X_17_028,Immature Neuron,FOXG1,8,15,6,15,False,
10X_17_028:ATTATCCTCAGCACATx,10X_17_028,Immature Neuron,FOXG1,6,15,6,15,True,0.6730071306228638
10X_17_028:ATCTACTTCATGTAGCx,10X_17_028,Immature Neuron,FOXG1,1,15,6,15,False,
10X_17_028:ATTACTCTCTTCATGTx,10X_17_028,Immature Neuron,FOXG1,7,15,6,15,False,
10X_17_028:ATCTACTAGGTGCAACx,10X_17_028,Radial Glia,FOXG1,5,15,6,15,False,
10X_17_028:ATCTACTCATTAGGCTx,10X_17_028,Immature Neuron,FOXG1,8,15,6,15,False,
10X_17_028:ATGTGTGTCCCTAACCx,10X_17_028,Immature Neuron,FOXG1,6,15,6,15,True,0.6868205070495605
10X_17_028:ATGCGATGTGCGGTAAx,10X_17_028,Radial Glia,FOXG1,0,15,6,15,False,
10X_17_028:CAACCTCAGTCGCCGTx,10X_17_028,Radial Glia,FOXG1,7,15,6,15,False,
10X_17_028:CAACCTCCATGTTGACx,10X_17_028,Immature Neuron,FOXG1,3,15,6,15,False,
10X_17_028:CAACCAATCAAGATCCx,10X_17_028,Immature Neuron,FOXG1,6,15,6,15,True,0.658166766166687
10X_17_028:CAAGAAAAGGGTGTGTx,10X_17_028,Immature Neuron,FOXG1,4,15,6,15,False,
10X_17_028:CAACTAGAGCTGCAAGx,10X_17_028,Immature Neuron,FOXG1,6,15,6,15,True,0.6708692312240601
10X_17_028:CAACCTCTCGCGCCAAx,10X_17_028,Radial Glia,FOXG1,0,15,6,15,False,
10X_17_028:ATTCTACGTTGCCTCTx,10X_17_028,Radial Glia,FOXG1,6,15,6,15,True,0.7282096147537231
10X_17_028:CAACCTCCATCACAACx,10X_17_028,Radial Glia,FOXG1,9,15,6,15,False,
10X_17_028:CAACTAGCAGGAATCGx,10X_17_028,Radial Glia,FOXG1,5,15,6,15,False,
10X_17_028:ATTGGACTCCGGCACAx,10X_17_028,Radial Glia,FOXG1,8,15,6,15,False,
10X_17_028:CAACCAAAGACACGACx,10X_17_028,Immature Neuron,FOXG1,4,15,6,15,False,
10X_17_028:CACACAAGTAAATACGx,10X_17_028,Immature Neuron,FOXG1,1,15,6,15,False,
10X_17_028:CACAAACTCACTCTTAx,10X_17_028,Immature Neuron,FOXG1,3,15,6,15,False,
10X_17_028:CAAGGCCGTCGACTGCx,10X_17_028,Immature Neuron,FOXG1,8,15,6,15,False,
10X_17_028:CACACAAAGAAGGTGAx,10X_17_028,Radial Glia,FOXG1,8,15,6,15,False,
10X_17_028:CAAGGCCAGGAGTTGCx,10X_17_028,Radial Glia,FOXG1,8,15,6,15,False,
10X_17_028:CAAGGCCTCCAAACTGx,10X_17_028,Radial Glia,FOXG1,5,14,6,15,False,
10X_17_028:CACACAAGTCGATTGTx,10X_17_028,Radial Glia,FOXG1,2,15,6,15,False,
10X_17_028:CACACAAGTGGCGAATx,10X_17_028,Immature Neuron,FOXG1,0,15,6,15,False,
10X_17_028:CAAGGCCCACCCTATCx,10X_17_028,Radial Glia,FOXG1,10,15,6,15,False,
10X_17_028:CACAGGCAGATCACGGx,10X_17_028,Immature Neuron,FOXG1,6,15,6,15,True,0.6525862812995911
10X_17_028:CACAAACTCGCCGTGAx,10X_17_028,Radial Glia,FOXG1,2,15,6,15,False,
10X_17_028:CACCTTGTCATAACCGx,10X_17_028,Radial Glia,FOXG1,3,15,6,15,False,
10X_17_028:CACATTTCAATAGAGTx,10X_17_028,Radial Glia,FOXG1,2,14,6,15,False,
10X_17_028:CACATTTAGCTGCAAGx,10X_17_028,Immature Neuron,FOXG1,7,15,6,15,False,
10X_17_028:CACAGTAAGGGTATCGx,10X_17_028,Radial Glia,FOXG1,5,14,6,15,False,
10X_17_028:CACTCCAGTGAGGCTAx,10X_17_028,Immature Neuron,FOXG1,0,15,6,15,False,
10X_17_028:CACATTTTCCTAGAACx,10X_17_028,Immature Neuron,FOXG1,5,15,6,15,False,
10X_17_028:CACTCCATCACAATGCx,10X_17_028,Immature Neuron,FOXG1,1,15,6,15,False,
10X_17_028:CACATTTAGACAGAGAx,10X_17_028,Radial Glia,FOXG1,3,15,6,15,False,
10X_17_028:CACAGGCCAGGATCGAx,10X_17_028,Radial Glia,FOXG1,4,15,6,15,False,
10X_17_028:CACATTTAGTGCTGCCx,10X_17_028,Immature Neuron,FOXG1,3,15,6,15,False,
10X_17_028:CAGAATCGTTTCCACCx,10X_17_028,Immature Neuron,FOXG1,0,15,6,15,False,
10X_17_028:CAGCAGCGTTAAGGGCx,10X_17_028,Immature Neuron,FOXG1,0,15,6,15,False,
10X_17_028:CAGCCGAAGCTCCTCTx,10X_17_028,Immature Neuron,FOXG1,7,15,6,15,False,
10X_17_028:CAGAGAGTCGTCCAGGx,10X_17_028,Radial Glia,FOXG1,7,15,6,15,False,
10X_17_028:CAGCTAATCGTACGGCx,10X_17_028,Immature Neuron,FOXG1,8,15,6,15,False,
10X_17_028:CAGCGACTCTTGGGTAx,10X_17_028,Immature Neuron,FOXG1,7,15,6,15,False,
10X_17_028:CAGAATCCATGGGACAx,10X_17_028,Radial Glia,FOXG1,0,15,6,15,False,
10X_17_028:CAGCATATCTTCTGGCx,10X_17_028,Radial Glia,FOXG1,4,15,6,15,False,
10X_17_028:CAGAGAGAGACGCACAx,10X_17_028,Immature Neuron,FOXG1,7,15,6,15,False,
10X_17_028:CAGCTAACAATCTGCAx,10X_17_028,Radial Glia,FOXG1,0,15,6,15,False,
10X_17_028:CAGCTAACAGTAAGATx,10X_17_028,Immature Neuron,FOXG1,1,15,6,15,False,
10X_17_028:CAGATCAGTCTACCTCx,10X_17_028,Immature Neuron,FOXG1,7,15,6,15,False,
10X_17_028:CAGCAGCAGGCTAGACx,10X_17_028,Immature Neuron,FOXG1,7,15,6,15,False,
10X_17_028:CAGATCATCACCGGGTx,10X_17_028,Radial Glia,FOXG1,4,15,6,15,False,
10X_17_028:CAGGTGCAGGAGTAGAx,10X_17_028,Immature Neuron,FOXG1,0,15,6,15,False,
10X_17_028:CAGTAACCATGGTCTAx,10X_17_028,Immature Neuron,FOXG1,7,15,6,15,False,
10X_17_028:CAGGTGCTCTGAGGGAx,10X_17_028,Radial Glia,FOXG1,9,15,6,15,False,
10X_17_028:CAGGTGCTCCCTAATTx,10X_17_028,Radial Glia,FOXG1,4,15,6,15,False,
10X_17_028:CATGGCGTCTGTCAAGx,10X_17_028,Radial Glia,FOXG1,2,15,6,15,False,
10X_17_028:CATGACAGTCTCCCTAx,10X_17_028,Immature Neuron,FOXG1,4,15,6,15,False,
10X_17_028:CATTCGCAGAAGGTGAx,10X_17_028,Immature Neuron,FOXG1,6,15,6,15,True,0.6710017323493958
10X_17_028:CATTATCAGTATCGAAx,10X_17_028,Radial Glia,FOXG1,9,15,6,15,False,
10X_17_028:CATGCCTAGACCTAGGx,10X_17_028,Immature Neuron,FOXG1,1,15,6,15,False,
10X_17_028:CATCGAACACGAAACGx,10X_17_028,Immature Neuron,FOXG1,7,15,6,15,False,
10X_17_028:CATTATCGTCCAAGTTx,10X_17_028,Immature Neuron,FOXG1,3,15,6,15,False,
10X_17_028:CATGGCGTCGGCTACGx,10X_17_028,Immature Neuron,FOXG1,3,15,6,15,False,
10X_17_028:CATGCCTAGACAAGCCx,10X_17_028,Radial Glia,FOXG1,3,15,6,15,False,
10X_17_028:CATGACATCACTTATCx,10X_17_028,Immature Neuron,FOXG1,7,15,6,15,False,
10X_17_028:CCACTACTCGTTACGAx,10X_17_028,Radial Glia,FOXG1,9,15,6,15,False,
10X_17_028:CCCAGTTTCAACACGTx,10X_17_028,Radial Glia,FOXG1,6,15,6,15,True,0.6794167160987854
10X_17_028:CCACTACGTACTCTCCx,10X_17_028,Radial Glia,FOXG1,0,15,6,15,False,
10X_17_028:CCATTCGCACGCCAGTx,10X_17_028,Immature Neuron,FOXG1,2,15,6,15,False,
10X_17_028:CCCAATCTCCAAAGTCx,10X_17_028,Radial Glia,FOXG1,4,15,6,15,False,
10X_17_028:CCATGTCTCCGAAGAGx,10X_17_028,Radial Glia,FOXG1,5,15,6,15,False,
10X_17_028:CCACGGATCAGTGTTGx,10X_17_028,Immature Neuron,FOXG1,0,15,6,15,False,
10X_17_028:CCACTACGTGCTTCTCx,10X_17_028,Immature Neuron,FOXG1,1,15,6,15,False,
10X_17_028:CCACCTACATGGTCATx,10X_17_028,Immature Neuron,FOXG1,7,15,6,15,False,
10X_17_028:CCACCTACAGTTAACCx,10X_17_028,Immature Neuron,FOXG1,3,15,6,15,False,
10X_17_028:CCCAATCTCGGTGTTAx,10X_17_028,Radial Glia,FOXG1,2,14,6,15,False,
10X_17_028:CCGTACTAGTGCCATTx,10X_17_028,Immature Neuron,FOXG1,3,15,6,15,False,
10X_17_028:CCGGGATTCGTAGGAGx,10X_17_028,Immature Neuron,FOXG1,6,15,6,15,True,0.6978664398193359
10X_17_028:CCGTGGACACATTCGAx,10X_17_028,Immature Neuron,FOXG1,2,15,6,15,False,
10X_17_028:CCGGGATGTAGCCTATx,10X_17_028,Immature Neuron,FOXG1,4,15,6,15,False,
10X_17_028:CCGGTAGCACACGCTGx,10X_17_028,Immature Neuron,FOXG1,4,15,6,15,False,
10X_17_028:CCGTACTTCTGTGCAAx,10X_17_028,Immature Neuron,FOXG1,6,15,6,15,True,0.7025349140167236
10X_17_028:CCGGTAGAGCAATCTCx,10X_17_028,Radial Glia,FOXG1,0,15,6,15,False,
10X_17_028:CCCATACTCGCAAGCCx,10X_17_028,Immature Neuron,FOXG1,4,15,6,15,False,
10X_17_028:CCGTTCATCTGTCAAGx,10X_17_028,Immature Neuron,FOXG1,4,15,6,15,False,
10X_17_028:CCGTGGATCTAACTCTx,10X_17_028,Immature Neuron,FOXG1,6,15,6,15,True,0.6704410910606384
10X_17_028:CCGTACTTCTGCAAGTx,10X_17_028,Radial Glia,FOXG1,0,15,6,15,False,
10X_17_028:CCGGTAGGTGAGGCTAx,10X_17_028,Radial Glia,FOXG1,6,15,6,15,True,0.7229349613189697
10X_17_028:CCGGGATGTTGTTTGGx,10X_17_028,Immature Neuron,FOXG1,4,15,6,15,False,
10X_17_028:CCCATACAGAAACCGCx,10X_17_028,Radial Glia,FOXG1,10,15,6,15,False,
10X_17_028:CCTACACAGATCTGCTx,10X_17_028,Immature Neuron,FOXG1,1,15,6,15,False,
10X_17_028:CCTATTACAATAGAGTx,10X_17_028,Radial Glia,FOXG1,7,15,6,15,False,
10X_17_028:CCTCTGATCGGAATCTx,10X_17_028,Immature Neuron,FOXG1,4,15,6,15,False,
10X_17_028:CCTATTACACCTGGTGx,10X_17_028,Immature Neuron,FOXG1,9,15,6,15,False,
10X_17_028:CCTAAAGAGTTGCAGGx,10X_17_028,Radial Glia,FOXG1,1,15,6,15,False,
10X_17_028:CCTTCCCAGTTAGCGGx,10X_17_028,Radial Glia,FOXG1,8,15,6,15,False,
10X_17_028:CCTTCCCGTGACTCATx,10X_17_028,Radial Glia,FOXG1,6,15,6,15,True,0.7261332273483276
10X_17_028:CCTAGCTAGTCCATACx,10X_17_028,Radial Glia,FOXG1,2,15,6,15,False,
10X_17_028:CCTACCATCATTGCCCx,10X_17_028,Immature Neuron,FOXG1,8,15,6,15,False,
10X_17_028:CGAGCACAGAGGTACCx,10X_17_028,Radial Glia,FOXG1,6,15,6,15,True,0.7298166155815125
10X_17_028:CGAACATTCGCATGATx,10X_17_028,Immature Neuron,FOXG1,1,15,6,15,False,
10X_17_028:CGAGAAGCAAGTCATCx,10X_17_028,Radial Glia,FOXG1,4,15,6,15,False,
10X_17_028:CGACTTCTCACCCGAGx,10X_17_028,Immature Neuron,FOXG1,4,15,6,15,False,
10X_17_028:CGAGCCAAGCCAACAGx,10X_17_028,Immature Neuron,FOXG1,6,15,6,15,True,0.6542232632637024
10X_17_028:CGAATGTTCAGCTGGCx,10X_17_028,Radial Glia,FOXG1,4,14,6,15,False,
10X_17_028:CCTTCGATCTACTCATx,10X_17_028,Immature Neuron,FOXG1,5,15,6,15,False,
10X_17_028:CGAACATTCAGGCGAAx,10X_17_028,Radial Glia,FOXG1,8,15,6,15,False,
10X_17_028:CGACCTTAGGACCACAx,10X_17_028,Immature Neuron,FOXG1,7,15,6,15,False,
10X_17_028:CGAATGTCAAAGTGCGx,10X_17_028,Immature Neuron,FOXG1,3,15,6,15,False,
10X_17_028:CGATCGGAGTGGGTTGx,10X_17_028,Radial Glia,FOXG1,2,14,6,15,False,
10X_17_028:CGCCAAGAGCCACTATx,10X_17_028,Radial Glia,FOXG1,6,15,6,15,True,0.7127671241760254
10X_17_028:CGCGGTACACACCGCAx,10X_17_028,Immature Neuron,FOXG1,9,15,6,15,False,
10X_17_028:CGCGGTATCAGGTTCAx,10X_17_028,Radial Glia,FOXG1,5,14,6,15,False,
10X_17_028:CGATTGAAGTGGGATCx,10X_17_028,Immature Neuron,FOXG1,6,15,6,15,True,0.661614179611206
10X_17_028:CGCGGTAGTCATATGCx,10X_17_028,Immature Neuron,FOXG1,3,15,6,15,False,
10X_17_028:CGAGCCATCAACGGCCx,10X_17_028,Immature Neuron,FOXG1,7,15,6,15,False,
10X_17_028:CGCGGTACACAAGTAAx,10X_17_028,Radial Glia,FOXG1,6,15,6,15,True,0.7246788740158081
10X_17_028:CGCGGTAAGCCCAATTx,10X_17_028,Immature Neuron,FOXG1,5,15,6,15,False,
10X_17_028:CGAGCCACAGTCACTAx,10X_17_028,Radial Glia,FOXG1,3,15,6,15,False,
10X_17_028:CGATTGAAGCATCATCx,10X_17_028,Immature Neuron,FOXG1,5,15,6,15,False,
10X_17_028:CGGAGCTAGCGTTCCGx,10X_17_028,Immature Neuron,FOXG1,4,15,6,15,False,
10X_17_028:CGGAGTCAGCCCTAATx,10X_17_028,Radial Glia,FOXG1,7,15,6,15,False,
10X_17_028:CGGACGTGTACCGAGAx,10X_17_028,Radial Glia,FOXG1,3,15,6,15,False,
10X_17_028:CGCTTCATCCTGTAGAx,10X_17_028,Radial Glia,FOXG1,7,15,6,15,False,
10X_17_028:CGGACTGCACCACCAGx,10X_17_028,Radial Glia,FOXG1,0,15,6,15,False,
10X_17_028:CGTAGGCAGCCCAATTx,10X_17_028,Radial Glia,FOXG1,4,15,6,15,False,
10X_17_028:CGTAGCGCAAACGCGAx,10X_17_028,Radial Glia,FOXG1,6,15,6,15,True,0.718463122844696
10X_17_028:CGTCAGGCACAACTGTx,10X_17_028,Radial Glia,FOXG1,6,15,6,15,True,0.6888850927352905
10X_17_028:CGTAGGCGTCCAGTGCx,10X_17_028,Immature Neuron,FOXG1,8,15,6,15,False,
10X_17_028:CGTAGGCCAGCGATCCx,10X_17_028,Immature Neuron,FOXG1,7,15,6,15,False,
10X_17_028:CGGTTAAAGAAGAAGCx,10X_17_028,Immature Neuron,FOXG1,1,15,6,15,False,
10X_17_028:CGGCTAGGTGCACCACx,10X_17_028,Immature Neuron,FOXG1,7,15,6,15,False,
10X_17_028:CGTTAGATCCAAGCCGx,10X_17_028,Immature Neuron,FOXG1,10,15,6,15,False,
10X_17_028:CGTTAGATCGTGGGAAx,10X_17_028,Radial Glia,FOXG1,3,15,6,15,False,
10X_17_028:CGTGAGCTCTGCAGTAx,10X_17_028,Immature Neuron,FOXG1,4,15,6,15,False,
10X_17_028:CGTTGGGAGTTAGCGGx,10X_17_028,Immature Neuron,FOXG1,9,15,6,15,False,
10X_17_028:CGTGTAAGTCTAGCGCx,10X_17_028,Immature Neuron,FOXG1,6,15,6,15,True,0.673984169960022
10X_17_028:CGTGAGCAGCCACGCTx,10X_17_028,Radial Glia,FOXG1,6,15,6,15,True,0.7142139673233032
10X_17_028:CGTTGGGCAAGTAGTAx,10X_17_028,Immature Neuron,FOXG1,8,15,6,15,False,
10X_17_028:CGTTAGACAGACTCGCx,10X_17_028,Immature Neuron,FOXG1,7,15,6,15,False,
10X_17_028:CGTCTACAGACATAACx,10X_17_028,Radial Glia,FOXG1,2,15,6,15,False,
10X_17_028:CGTTCTGGTCTGCAATx,10X_17_028,Immature Neuron,FOXG1,2,15,6,15,False,
10X_17_028:CGTTAGATCTGACCTCx,10X_17_028,Radial Glia,FOXG1,7,15,6,15,False,
10X_17_028:CTAATGGGTCGGCATCx,10X_17_028,Immature Neuron,FOXG1,1,15,6,15,False,
10X_17_028:CTACCCACACCTATCCx,10X_17_028,Immature Neuron,FOXG1,8,15,6,15,False,
10X_17_028:CTCACACCATCGGACCx,10X_17_028,Radial Glia,FOXG1,3,15,6,15,False,
10X_17_028:CTACCCACATTCTCATx,10X_17_028,Radial Glia,FOXG1,5,15,6,15,False,
10X_17_028:CTAGAGTAGTGTGGCAx,10X_17_028,Radial Glia,FOXG1,9,15,6,15,False,
10X_17_028:CTACCCAAGCCTCGTGx,10X_17_028,Radial Glia,FOXG1,6,15,6,15,True,0.7598249912261963
10X_17_028:CTAGAGTCATACAGCTx,10X_17_028,Radial Glia,FOXG1,1,15,6,15,False,
10X_17_028:CTCCTAGAGTGGGATCx,10X_17_028,Immature Neuron,FOXG1,4,15,6,15,False,
10X_17_028:CTCGAGGCAATAGCGGx,10X_17_028,Radial Glia,FOXG1,4,15,6,15,False,
10X_17_028:CTCGGGAGTCTCCATCx,10X_17_028,Immature Neuron,FOXG1,2,15,6,15,False,
10X_17_028:CTCGGAGGTAAGTTCCx,10X_17_028,Radial Glia,FOXG1,2,15,6,15,False,
10X_17_028:CTCAGAATCCACGCAGx,10X_17_028,Immature Neuron,FOXG1,4,15,6,15,False,
10X_17_028:CTCGTACAGGATGTATx,10X_17_028,Radial Glia,FOXG1,0,15,6,15,False,
10X_17_028:CTCGGGATCCCGGATGx,10X_17_028,Radial Glia,FOXG1,7,15,6,15,False,
10X_17_028:CTCGGAGGTCACCTAAx,10X_17_028,Immature Neuron,FOXG1,3,15,6,15,False,
10X_17_028:CTCCTAGAGGCACATGx,10X_17_028,Immature Neuron,FOXG1,2,15,6,15,False,
10X_17_028:CTCGAGGGTCGCATATx,10X_17_028,Immature Neuron,FOXG1,5,15,6,15,False,
10X_17_028:CTCTGGTCAAATCCGTx,10X_17_028,Radial Glia,FOXG1,0,15,6,15,False,
10X_17_028:CTCTGGTAGTGAAGTTx,10X_17_028,Immature Neuron,FOXG1,6,15,6,15,True,0.6700130701065063
10X_17_028:CTCTGGTGTTTGTTGGx,10X_17_028,Immature Neuron,FOXG1,3,15,6,15,False,
10X_17_028:CTGAAACTCAGTTGACx,10X_17_028,Immature Neuron,FOXG1,5,15,6,15,False,
10X_17_028:CTGATCCGTAGCGTCCx,10X_17_028,Immature Neuron,FOXG1,4,15,6,15,False,
10X_17_028:CTCGTCAGTCTCTTATx,10X_17_028,Immature Neuron,FOXG1,4,15,6,15,False,
10X_17_028:CTCTGGTTCAACGGCCx,10X_17_028,Immature Neuron,FOXG1,5,15,6,15,False,
10X_17_028:CTCTGGTTCGTGGGAAx,10X_17_028,Immature Neuron,FOXG1,5,15,6,15,False,
10X_17_028:CTCTGGTAGGATGTATx,10X_17_028,Immature Neuron,FOXG1,3,15,6,15,False,
10X_17_028:CTGAAGTCAGATGGGTx,10X_17_028,Radial Glia,FOXG1,4,14,6,15,False,
10X_17_028:CTGCCTAAGCAGCCTCx,10X_17_028,Immature Neuron,FOXG1,6,15,6,15,True,0.653956413269043
10X_17_028:CTGATAGTCAACACTGx,10X_17_028,Immature Neuron,FOXG1,8,15,6,15,False,
10X_17_028:CTCGTCATCACTTATCx,10X_17_028,Immature Neuron,FOXG1,9,15,6,15,False,
10X_17_028:CTGCCTATCACAACGTx,10X_17_028,Immature Neuron,FOXG1,8,15,6,15,False,
10X_17_028:CTGCGGAGTCGAATCTx,10X_17_028,Radial Glia,FOXG1,6,15,6,15,True,0.7068835496902466
10X_17_028:CTTACCGAGGTCGGATx,10X_17_028,Immature Neuron,FOXG1,6,15,6,15,True,0.6964538097381592
10X_17_028:CTGTTTACAGCTATTGx,10X_17_028,Radial Glia,FOXG1,6,15,6,15,True,0.7458962202072144
10X_17_028:CTGCGGAAGGATGGAAx,10X_17_028,Radial Glia,FOXG1,6,15,6,15,True,0.7205508351325989
10X_17_028:CTGGTCTAGTGAATTGx,10X_17_028,Immature Neuron,FOXG1,5,15,6,15,False,
10X_17_028:CTGTTTAGTCCAAGTTx,10X_17_028,Radial Glia,FOXG1,3,15,6,15,False,
10X_17_028:GAACATCCATTTGCCCx,10X_17_028,Radial Glia,FOXG1,2,15,6,15,False,
10X_17_028:GAAACTCCAAGCCGTCx,10X_17_028,Radial Glia,FOXG1,9,15,6,15,False,
10X_17_028:CTTGGCTGTGATAAGTx,10X_17_028,Immature Neuron,FOXG1,2,15,6,15,False,
10X_17_028:CTTAGGACATCTATGGx,10X_17_028,Radial Glia,FOXG1,6,15,6,15,True,0.7150242328643799
10X_17_028:CTTCTCTAGCCACCTGx,10X_17_028,Immature Neuron,FOXG1,1,15,6,15,False,
10X_17_028:GAACCTAAGACCTTTGx,10X_17_028,Immature Neuron,FOXG1,6,15,6,15,True,0.7098568081855774
10X_17_028:CTTGGCTAGGTGACCAx,10X_17_028,Radial Glia,FOXG1,6,15,6,15,True,0.7577784061431885
10X_17_028:CTTTGCGTCATCTGCCx,10X_17_028,Radial Glia,FOXG1,4,15,6,15,False,
10X_17_028:GAACCTATCCGCATCTx,10X_17_028,Immature Neuron,FOXG1,1,15,6,15,False,
10X_17_028:GACACGCGTAGATTAGx,10X_17_028,Immature Neuron,FOXG1,6,15,6,15,True,0.6768574714660645
10X_17_028:GACACGCAGATATGCAx,10X_17_028,Immature Neuron,FOXG1,0,15,6,15,False,
10X_17_028:GAATGAACAAGCCCACx,10X_17_028,Radial Glia,FOXG1,8,15,6,15,False,
10X_17_028:GAATAAGTCATAGCACx,10X_17_028,Radial Glia,FOXG1,7,15,6,15,False,
10X_17_028:GAATAAGGTGACTACTx,10X_17_028,Immature Neuron,FOXG1,7,15,6,15,False,
10X_17_028:GAATGAAGTGTTTGGTx,10X_17_028,Immature Neuron,FOXG1,8,15,6,15,False,
10X_17_028:GAATAAGAGGCAGTCAx,10X_17_028,Immature Neuron,FOXG1,1,15,6,15,False,
10X_17_028:GAATAAGAGCGTTTACx,10X_17_028,Radial Glia,FOXG1,7,15,6,15,False,
10X_17_028:GACCTGGTCTCCGGTTx,10X_17_028,Immature Neuron,FOXG1,8,15,6,15,False,
10X_17_028:GAACGGAGTACAGTTCx,10X_17_028,Immature Neuron,FOXG1,6,15,6,15,True,0.6547866463661194
10X_17_028:GACTACAAGGCCGAATx,10X_17_028,Radial Glia,FOXG1,3,15,6,15,False,
10X_17_028:GACTACAGTGAGGCTAx,10X_17_028,Immature Neuron,FOXG1,0,15,6,15,False,
10X_17_028:GACGGCTGTCTGCCAGx,10X_17_028,Radial Glia,FOXG1,0,15,6,15,False,
10X_17_028:GACTACAGTTGGACCCx,10X_17_028,Radial Glia,FOXG1,7,15,6,15,False,
10X_17_028:GAGCAGATCCTGCTTGx,10X_17_028,Immature Neuron,FOXG1,5,15,6,15,False,
10X_17_028:GACGCGTTCACTCCTGx,10X_17_028,Radial Glia,FOXG1,0,15,6,15,False,
10X_17_028:GACGGCTCACGTAAGGx,10X_17_028,Immature Neuron,FOXG1,5,15,6,15,False,
10X_17_028:GACGTGCGTTCGTGATx,10X_17_028,Radial Glia,FOXG1,3,14,6,15,False,
10X_17_028:GAGCAGACAGCTGCTGx,10X_17_028,Immature Neuron,FOXG1,5,15,6,15,False,
10X_17_028:GACGCGTTCTTGCATTx,10X_17_028,Immature Neuron,FOXG1,3,15,6,15,False,
10X_17_028:GACGGCTGTCAAGCGAx,10X_17_028,Immature Neuron,FOXG1,5,15,6,15,False,
10X_17_028:GACGTGCTCAGCATGTx,10X_17_028,Radial Glia,FOXG1,2,15,6,15,False,
10X_17_028:GATCAGTGTACCGTATx,10X_17_028,Immature Neuron,FOXG1,7,15,6,15,False,
10X_17_028:GATCGTACATTATCTCx,10X_17_028,Immature Neuron,FOXG1,4,15,6,15,False,
10X_17_028:GATCTAGTCACAAACCx,10X_17_028,Immature Neuron,FOXG1,8,15,6,15,False,
10X_17_028:GATCGATCATCTCCCAx,10X_17_028,Radial Glia,FOXG1,4,15,6,15,False,
10X_17_028:GATCAGTAGTCAAGCGx,10X_17_028,Radial Glia,FOXG1,6,15,6,15,True,0.6747822761535645
10X_17_028:GATCGCGGTATGAATGx,10X_17_028,Immature Neuron,FOXG1,5,15,6,15,False,
10X_17_028:GATCAGTAGGCCCGTTx,10X_17_028,Radial Glia,FOXG1,2,15,6,15,False,
10X_17_028:GCAGCCAGTGTGGTTTx,10X_17_028,Immature Neuron,FOXG1,4,15,6,15,False,
10X_17_028:GCACATAGTCACTGGCx,10X_17_028,Radial Glia,FOXG1,4,15,6,15,False,
10X_17_028:GCAGCCATCCTTAATCx,10X_17_028,Immature Neuron,FOXG1,2,15,6,15,False,
10X_17_028:GATGCTACATTCTCATx,10X_17_028,Radial Glia,FOXG1,7,15,6,15,False,
10X_17_028:GCAATCACACGTGAGAx,10X_17_028,Radial Glia,FOXG1,0,15,6,15,False,
10X_17_028:GATGCTAAGGGTGTGTx,10X_17_028,Immature Neuron,FOXG1,7,15,6,15,False,
10X_17_028:GCAATCAGTTCTGAACx,10X_17_028,Immature Neuron,FOXG1,2,15,6,15,False,
10X_17_028:GCAATCAAGTATTGGAx,10X_17_028,Radial Glia,FOXG1,0,15,6,15,False,
10X_17_028:GCAGCCAAGTAGGCCAx,10X_17_028,Immature Neuron,FOXG1,7,15,6,15,False,
10X_17_028:GCAGCCAGTCGCGTGTx,10X_17_028,Radial Glia,FOXG1,2,15,6,15,False,
10X_17_028:GCAGCCACACATCTTTx,10X_17_028,Radial Glia,FOXG1,0,14,6,15,False,
10X_17_028:GATGAGGCAAAGCAATx,10X_17_028,Immature Neuron,FOXG1,8,15,6,15,False,
10X_17_028:GATGCTACAATGGAATx,10X_17_028,Immature Neuron,FOXG1,1,15,6,15,False,
10X_17_028:GCGCAGTCAATGGAATx,10X_17_028,Immature Neuron,FOXG1,5,15,6,15,False,
10X_17_028:GCATGCGTCACAACGTx,10X_17_028,Immature Neuron,FOXG1,6,15,6,15,True,0.6568195819854736
10X_17_028:GCCTCTACACGGACAAx,10X_17_028,Immature Neuron,FOXG1,8,15,6,15,False,
10X_17_028:GCCTCTACACATGGGAx,10X_17_028,Immature Neuron,FOXG1,6,15,6,15,True,0.6652138233184814
10X_17_028:GCATGTAAGATGTGGCx,10X_17_028,Immature Neuron,FOXG1,7,15,6,15,False,
10X_17_028:GCGAGAAAGTTACGGGx,10X_17_028,Immature Neuron,FOXG1,6,15,6,15,True,0.68989098072052
10X_17_028:GCAGTTATCTGCGACGx,10X_17_028,Immature Neuron,FOXG1,4,15,6,15,False,
10X_17_028:GCATACAGTACCGCTGx,10X_17_028,Radial Glia,FOXG1,4,15,6,15,False,
10X_17_028:GCATACATCCAGATCAx,10X_17_028,Radial Glia,FOXG1,8,15,6,15,False,
10X_17_028:GCATGTAGTGATAAACx,10X_17_028,Immature Neuron,FOXG1,0,15,6,15,False,
10X_17_028:GCCAAATTCTCGTTTAx,10X_17_028,Immature Neuron,FOXG1,6,15,6,15,True,0.6676326394081116
10X_17_028:GCATGATCATCAGTACx,10X_17_028,Radial Glia,FOXG1,0,14,6,15,False,
10X_17_028:GCAGTTATCGGCATCGx,10X_17_028,Radial Glia,FOXG1,4,15,6,15,False,
10X_17_028:GCGCCAACAAGCTGTTx,10X_17_028,Radial Glia,FOXG1,9,15,6,15,False,
10X_17_028:GCGCGATAGCTAACAAx,10X_17_028,Radial Glia,FOXG1,0,15,6,15,False,
10X_17_028:GCTGCTTAGGCTAGGTx,10X_17_028,Radial Glia,FOXG1,5,15,6,15,False,
10X_17_028:GCGCAGTTCCAAGCCGx,10X_17_028,Immature Neuron,FOXG1,7,15,6,15,False,
10X_17_028:GCGCCAATCAGCATGTx,10X_17_028,Immature Neuron,FOXG1,7,15,6,15,False,
10X_17_028:GCTCCTATCACAGTACx,10X_17_028,Immature Neuron,FOXG1,10,15,6,15,False,
10X_17_028:GCGCCAACAAAGGCGTx,10X_17_028,Radial Glia,FOXG1,3,15,6,15,False,
10X_17_028:GCGCGATCACGTTGGCx,10X_17_028,Radial Glia,FOXG1,0,14,6,15,False,
10X_17_028:GCGGGTTTCCAGAGGAx,10X_17_028,Immature Neuron,FOXG1,5,15,6,15,False,
10X_17_028:GCGGGTTCACATGGGAx,10X_17_028,Radial Glia,FOXG1,6,15,6,15,True,0.7423793077468872
10X_17_028:GCGGGTTAGGGTTCCCx,10X_17_028,Radial Glia,FOXG1,0,15,6,15,False,
10X_17_028:GCTGCGACAATGGACGx,10X_17_028,Radial Glia,FOXG1,7,15,6,15,False,
10X_17_028:GCTTGAATCATCGGATx,10X_17_028,Immature Neuron,FOXG1,3,15,6,15,False,
10X_17_028:GGAATAAAGATGTTAGx,10X_17_028,Radial Glia,FOXG1,2,15,6,15,False,
10X_17_028:GCTTCCAGTTCTCATTx,10X_17_028,Immature Neuron,FOXG1,1,15,6,15,False,
10X_17_028:GGAATAAGTAAGTAGTx,10X_17_028,Radial Glia,FOXG1,4,15,6,15,False,
10X_17_028:GCTGGGTGTTTAGCTGx,10X_17_028,Radial Glia,FOXG1,0,15,6,15,False,
10X_17_028:GGACAGAAGACATAACx,10X_17_028,Immature Neuron,FOXG1,7,15,6,15,False,
10X_17_028:GCTGGGTGTCCAGTATx,10X_17_028,Immature Neuron,FOXG1,8,15,6,15,False,
10X_17_028:GGACAGATCTCAACTTx,10X_17_028,Radial Glia,FOXG1,2,15,6,15,False,
10X_17_028:GGATGTTTCTCTTATGx,10X_17_028,Radial Glia,FOXG1,2,15,6,15,False,
10X_17_028:GGCAATTGTCACACGCx,10X_17_028,Immature Neuron,FOXG1,5,15,6,15,False,
10X_17_028:GGAGCAATCTTTACGTx,10X_17_028,Immature Neuron,FOXG1,5,15,6,15,False,
10X_17_028:GGCCGATCATGAACCTx,10X_17_028,Immature Neuron,FOXG1,9,15,6,15,False,
10X_17_028:GGCAATTGTGATGATAx,10X_17_028,Immature Neuron,FOXG1,0,15,6,15,False,
10X_17_028:GGATTACGTAGGCATGx,10X_17_028,Immature Neuron,FOXG1,5,15,6,15,False,
10X_17_028:GGCAATTTCTCGCTTGx,10X_17_028,Immature Neuron,FOXG1,3,15,6,15,False,
10X_17_028:GGACATTAGTGATCGGx,10X_17_028,Radial Glia,FOXG1,3,14,6,15,False,
10X_17_028:GGATTACAGCTGCAAGx,10X_17_028,Radial Glia,FOXG1,1,15,6,15,False,
10X_17_028:GGAGCAAGTGATAAGTx,10X_17_028,Immature Neuron,FOXG1,6,15,6,15,True,0.671021580696106
10X_17_028:GGGCATCAGTTGTCGTx,10X_17_028,Radial Glia,FOXG1,6,15,6,15,True,0.717475175857544
10X_17_028:GGGAGATGTTTGGCGCx,10X_17_028,Immature Neuron,FOXG1,4,15,6,15,False,
10X_17_028:GGCGTGTCACAGACAGx,10X_17_028,Immature Neuron,FOXG1,4,15,6,15,False,
10X_17_028:GGCTGGTGTCGAGTTTx,10X_17_028,Radial Glia,FOXG1,7,15,6,15,False,
10X_17_028:GGCTCGAGTGATGCCCx,10X_17_028,Radial Glia,FOXG1,5,15,6,15,False,
10X_17_028:GGCTGGTGTTAGGGTGx,10X_17_028,Immature Neuron,FOXG1,6,15,6,15,True,0.6787859797477722
10X_17_028:GGGCACTAGTACGCGAx,10X_17_028,Immature Neuron,FOXG1,6,15,6,15,True,0.6885242462158203
10X_17_028:GGGAGATCATTCCTCGx,10X_17_028,Immature Neuron,FOXG1,2,15,6,15,False,
10X_17_028:GGGAGATGTGCTCTTCx,10X_17_028,Immature Neuron,FOXG1,5,15,6,15,False,
10X_17_028:GGCTCGATCGCTTGTCx,10X_17_028,Radial Glia,FOXG1,2,15,6,15,False,
10X_17_028:GGCGTGTTCTGGGCCAx,10X_17_028,Immature Neuron,FOXG1,8,15,6,15,False,
10X_17_028:GGGAATGCAATAACGAx,10X_17_028,Immature Neuron,FOXG1,4,15,6,15,False,
10X_17_028:GGGAGATCAGCCTTTCx,10X_17_028,Immature Neuron,FOXG1,6,15,6,15,True,0.6870914697647095
10X_17_028:GGGCATCAGTATTGGAx,10X_17_028,Radial Glia,FOXG1,8,15,6,15,False,
10X_17_028:GGGTCTGCATTGGGCCx,10X_17_028,Radial Glia,FOXG1,0,15,6,15,False,
10X_17_028:GGTGTTATCTGCGTAAx,10X_17_028,Immature Neuron,FOXG1,7,15,6,15,False,
10X_17_028:GGTGAAGCAGCCTATAx,10X_17_028,Radial Glia,FOXG1,3,15,6,15,False,
10X_17_028:GTAACGTGTGGCCCTAx,10X_17_028,Immature Neuron,FOXG1,5,15,6,15,False,
10X_17_028:GGGCATCGTCTAAAGAx,10X_17_028,Radial Glia,FOXG1,4,15,6,15,False,
10X_17_028:GGGTCTGTCTAACTCTx,10X_17_028,Immature Neuron,FOXG1,5,15,6,15,False,
10X_17_028:GTAACTGCACCAACCGx,10X_17_028,Radial Glia,FOXG1,9,15,6,15,False,
10X_17_028:GGGTCTGAGTTAAGTGx,10X_17_028,Radial Glia,FOXG1,1,15,6,15,False,
10X_17_028:GGGCATCTCAGAGACGx,10X_17_028,Radial Glia,FOXG1,5,15,6,15,False,
10X_17_028:GTAACGTTCAGGCCCAx,10X_17_028,Radial Glia,FOXG1,0,15,6,15,False,
10X_17_028:GTATTCTTCGTCTGCTx,10X_17_028,Radial Glia,FOXG1,9,15,6,15,False,
10X_17_028:GTACGTAAGAGTACATx,10X_17_028,Radial Glia,FOXG1,4,15,6,15,False,
10X_17_028:GTAACTGCATCATCCCx,10X_17_028,Immature Neuron,FOXG1,7,15,6,15,False,
10X_17_028:GTATTCTCATCGTCGGx,10X_17_028,Immature Neuron,FOXG1,5,15,6,15,False,
10X_17_028:GTATCTTTCCCAAGTAx,10X_17_028,Radial Glia,FOXG1,6,15,6,15,True,0.7198820114135742
10X_17_028:GTATCTTCACATAACCx,10X_17_028,Immature Neuron,FOXG1,7,15,6,15,False,
10X_17_028:GTAGGCCGTCGCGAAAx,10X_17_028,Immature Neuron,FOXG1,3,15,6,15,False,
10X_17_028:GTAGTCAAGCCGATTTx,10X_17_028,Immature Neuron,FOXG1,4,15,6,15,False,
10X_17_028:GTAGTCAGTCGCCATGx,10X_17_028,Immature Neuron,FOXG1,1,15,6,15,False,
10X_17_028:GTCAAGTGTGGGTCAAx,10X_17_028,Radial Glia,FOXG1,5,15,6,15,False,
10X_17_028:GTAACTGTCAGTTAGCx,10X_17_028,Radial Glia,FOXG1,0,15,6,15,False,
10X_17_028:GTAGGCCGTTTGTTGGx,10X_17_028,Immature Neuron,FOXG1,6,15,6,15,True,0.677847683429718
10X_17_028:GTCAAGTTCTGGCGACx,10X_17_028,Immature Neuron,FOXG1,7,15,6,15,False,
10X_17_028:GTCCTCATCACGACTAx,10X_17_028,Immature Neuron,FOXG1,4,15,6,15,False,
10X_17_028:GTCGGGTGTCGGCTCAx,10X_17_028,Immature Neuron,FOXG1,4,15,6,15,False,
10X_17_028:GTCACGGGTCATATCGx,10X_17_028,Immature Neuron,FOXG1,3,15,6,15,False,
10X_17_028:GTCACAAGTCCAGTTAx,10X_17_028,Immature Neuron,FOXG1,5,15,6,15,False,
10X_17_028:GTCGTAATCTAGAGTCx,10X_17_028,Radial Glia,FOXG1,3,14,6,15,False,
10X_17_028:GTCATTTAGGCTACGAx,10X_17_028,Radial Glia,FOXG1,2,15,6,15,False,
10X_17_028:GTCCTCAAGTACTTGCx,10X_17_028,Immature Neuron,FOXG1,7,15,6,15,False,
10X_17_028:GTCCTCAAGATATGCAx,10X_17_028,Immature Neuron,FOXG1,6,15,6,15,True,0.6755009889602661
10X_17_028:GTCACAACACTAGTACx,10X_17_028,Radial Glia,FOXG1,0,15,6,15,False,
10X_17_028:GTCGTAAGTCAGAGGTx,10X_17_028,Radial Glia,FOXG1,1,15,6,15,False,
10X_17_028:GTCGGGTTCGACCAGCx,10X_17_028,Radial Glia,FOXG1,0,14,6,15,False,
10X_17_028:GTCATTTGTCTTGATGx,10X_17_028,Radial Glia,FOXG1,8,15,6,15,False,
10X_17_028:GTCATTTGTAAGAGAGx,10X_17_028,Radial Glia,FOXG1,3,14,6,15,False,
10X_17_028:GTCACAACATCGGAAGx,10X_17_028,Radial Glia,FOXG1,5,15,6,15,False,
10X_17_028:GTGAAGGCATGACGGAx,10X_17_028,Immature Neuron,FOXG1,6,15,6,15,True,0.6625877022743225
10X_17_028:GTGAAGGCACGAGAGTx,10X_17_028,Immature Neuron,FOXG1,4,15,6,15,False,
10X_17_028:GTGCTTCAGGCGATACx,10X_17_028,Immature Neuron,FOXG1,4,15,6,15,False,
10X_17_028:GTGCGGTCAAACGCGAx,10X_17_028,Immature Neuron,FOXG1,0,15,6,15,False,
10X_17_028:GTGCAGCAGATCCCGCx,10X_17_028,Immature Neuron,FOXG1,6,15,6,15,True,0.6688891649246216
10X_17_028:GTGCGGTGTGCAACTTx,10X_17_028,Radial Glia,FOXG1,3,15,6,15,False,
10X_17_028:GTGGGTCGTCGTCTTCx,10X_17_028,Immature Neuron,FOXG1,5,15,6,15,False,
10X_17_028:GTGGGTCAGGAATTACx,10X_17_028,Immature Neuron,FOXG1,3,15,6,15,False,
10X_17_028:GTGCGGTAGTAGCCGAx,10X_17_028,Radial Glia,FOXG1,3,15,6,15,False,
10X_17_028:GTGCTTCTCAGCACATx,10X_17_028,Immature Neuron,FOXG1,0,15,6,15,False,
10X_17_028:GTGGGTCGTGTAACGGx,10X_17_028,Immature Neuron,FOXG1,2,15,6,15,False,
10X_17_028:GTGTTAGAGCGTGTCCx,10X_17_028,Immature Neuron,FOXG1,8,15,6,15,False,
10X_17_028:TAAACCGAGTCGAGTGx,10X_17_028,Radial Glia,FOXG1,8,15,6,15,False,
10X_17_028:GTGTTAGCATGGAATAx,10X_17_028,Immature Neuron,FOXG1,5,15,6,15,False,
10X_17_028:GTTCTCGGTCAACTGTx,10X_17_028,Radial Glia,FOXG1,6,15,6,15,True,0.7280232906341553
10X_17_028:GTTCATTGTTCCACGGx,10X_17_028,Immature Neuron,FOXG1,2,15,6,15,False,
10X_17_028:GTGTGCGCAATGTTGCx,10X_17_028,Immature Neuron,FOXG1,5,15,6,15,False,
10X_17_028:TAAGAGAGTAGAAAGGx,10X_17_028,Immature Neuron,FOXG1,1,15,6,15,False,
10X_17_028:GTGTGCGCAGCTATTGx,10X_17_028,Immature Neuron,FOXG1,6,15,6,15,True,0.7106044292449951
10X_17_028:GTTAAGCGTAGCGTCCx,10X_17_028,Immature Neuron,FOXG1,7,15,6,15,False,
10X_17_028:GTTTCTAGTTAGATGAx,10X_17_028,Immature Neuron,FOXG1,0,15,6,15,False,
10X_17_028:GTTACAGTCAGCTCTCx,10X_17_028,Immature Neuron,FOXG1,7,15,6,15,False,
10X_17_028:GTTACAGTCTCCCTGAx,10X_17_028,Radial Glia,FOXG1,5,15,6,15,False,
10X_17_028:GTGTGCGTCGAATGCTx,10X_17_028,Radial Glia,FOXG1,5,15,6,15,False,
10X_17_028:GTGTGCGGTTAAGTAGx,10X_17_028,Immature Neuron,FOXG1,7,15,6,15,False,
10X_17_028:GTTCGGGCATGGATGGx,10X_17_028,Radial Glia,FOXG1,4,15,6,15,False,
10X_17_028:TACACGAAGCAGATCGx,10X_17_028,Immature Neuron,FOXG1,5,15,6,15,False,
10X_17_028:TAAGTGCGTATTCGTGx,10X_17_028,Radial Glia,FOXG1,4,15,6,15,False,
10X_17_028:TACAGTGCAGCCTATAx,10X_17_028,Immature Neuron,FOXG1,2,15,6,15,False,
10X_17_028:TACACGATCAGCTGGCx,10X_17_028,Radial Glia,FOXG1,6,15,6,15,True,0.7073467373847961
10X_17_028:TACCTTAGTACACCGCx,10X_17_028,Immature Neuron,FOXG1,7,15,6,15,False,
10X_17_028:TAAGAGAGTATAGTAGx,10X_17_028,Immature Neuron,FOXG1,4,15,6,15,False,
10X_17_028:TACGGATCAGATCGGAx,10X_17_028,Immature Neuron,FOXG1,5,15,6,15,False,
10X_17_028:TAAGTGCTCTTAACCTx,10X_17_028,Radial Glia,FOXG1,4,15,6,15,False,
10X_17_028:TACCTTATCCGGGTGTx,10X_17_028,Immature Neuron,FOXG1,5,15,6,15,False,
10X_17_028:TAAGTGCGTGCATCTAx,10X_17_028,Radial Glia,FOXG1,8,15,6,15,False,
10X_17_028:TAAGTGCAGAGACTATx,10X_17_028,Immature Neuron,FOXG1,5,15,6,15,False,
10X_17_028:TACCTTAAGTCATCCAx,10X_17_028,Immature Neuron,FOXG1,0,15,6,15,False,
10X_17_028:TAAGTGCAGGATGTATx,10X_17_028,Immature Neuron,FOXG1,2,15,6,15,False,
10X_17_028:TACGGGCAGTCCGGTCx,10X_17_028,Radial Glia,FOXG1,5,15,6,15,False,
10X_17_028:TAGAGCTCAATGGACGx,10X_17_028,Radial Glia,FOXG1,2,15,6,15,False,
10X_17_028:TACTTACAGATGCCAGx,10X_17_028,Immature Neuron,FOXG1,7,15,6,15,False,
10X_17_028:TACTCGCTCGTTTAGGx,10X_17_028,Radial Glia,FOXG1,4,15,6,15,False,
10X_17_028:TACTCATTCTTACCTAx,10X_17_028,Immature Neuron,FOXG1,7,15,6,15,False,
10X_17_028:TACTCGCCAGTACACTx,10X_17_028,Immature Neuron,FOXG1,3,15,6,15,False,
10X_17_028:TACTTGTCATGATCCAx,10X_17_028,Immature Neuron,FOXG1,4,15,6,15,False,
10X_17_028:TACTCATGTAATCACCx,10X_17_028,Immature Neuron,FOXG1,5,15,6,15,False,
10X_17_028:TAGACCAAGAGTAATCx,10X_17_028,Immature Neuron,FOXG1,6,15,6,15,True,0.6717127561569214
10X_17_028:TAGACCATCGGCTACGx,10X_17_028,Immature Neuron,FOXG1,7,15,6,15,False,
10X_17_028:TACTTACTCAACGGCCx,10X_17_028,Radial Glia,FOXG1,5,15,6,15,False,
10X_17_028:TAGAGCTCATCAGTACx,10X_17_028,Radial Glia,FOXG1,10,15,6,15,False,
10X_17_028:TACTCATAGTGCGTGAx,10X_17_028,Immature Neuron,FOXG1,5,15,6,15,False,
10X_17_028:TACTCGCTCGTAGATCx,10X_17_028,Immature Neuron,FOXG1,6,15,6,15,True,0.6856171488761902
10X_17_028:TAGACCAGTAAAGGAGx,10X_17_028,Immature Neuron,FOXG1,6,15,6,15,True,0.6880679726600647
10X_17_028:TACTCATTCTCGTATTx,10X_17_028,Immature Neuron,FOXG1,6,15,6,15,True,0.6499662399291992
10X_17_028:TAGCCGGAGATCCGAGx,10X_17_028,Radial Glia,FOXG1,6,15,6,15,True,0.7130205631256104
10X_17_028:TACTTACAGACTGTAAx,10X_17_028,Radial Glia,FOXG1,2,15,6,15,False,
10X_17_028:TAGACCACAATGAAACx,10X_17_028,Radial Glia,FOXG1,1,15,6,15,False,
10X_17_028:TATCAGGGTGCAGACAx,10X_17_028,Radial Glia,FOXG1,9,15,6,15,False,
10X_17_028:TATGCCCAGAAGATTCx,10X_17_028,Immature Neuron,FOXG1,5,15,6,15,False,
10X_17_028:TAGTGGTTCCAAGCCGx,10X_17_028,Immature Neuron,FOXG1,7,15,6,15,False,
10X_17_028:TAGTGGTAGCCAGGATx,10X_17_028,Radial Glia,FOXG1,7,15,6,15,False,
10X_17_028:TATTACCTCGCTTAGAx,10X_17_028,Radial Glia,FOXG1,3,15,6,15,False,
10X_17_028:TATGCCCGTACAGTGGx,10X_17_028,Immature Neuron,FOXG1,5,15,6,15,False,
10X_17_028:TAGGCATTCGGATGTTx,10X_17_028,Radial Glia,FOXG1,2,15,6,15,False,
10X_17_028:TATTACCCATATGAGAx,10X_17_028,Radial Glia,FOXG1,3,15,6,15,False,
10X_17_028:TAGGCATAGATAGGAGx,10X_17_028,Immature Neuron,FOXG1,3,15,6,15,False,
10X_17_028:TCAGATGCACTTCGAAx,10X_17_028,Immature Neuron,FOXG1,2,15,6,15,False,
10X_17_028:TCAGGATCAGGACCCTx,10X_17_028,Immature Neuron,FOXG1,6,15,6,15,True,0.6637110710144043
10X_17_028:TCAGGTACAGGGCATAx,10X_17_028,Radial Glia,FOXG1,6,15,6,15,True,0.7463330626487732
10X_17_028:TCAGCAACATGAAGTAx,10X_17_028,Radial Glia,FOXG1,4,15,6,15,False,
10X_17_028:TCAGGATGTGAACCTTx,10X_17_028,Radial Glia,FOXG1,6,15,6,15,True,0.7327131032943726
10X_17_028:TCACGAACACGTTGGCx,10X_17_028,Radial Glia,FOXG1,6,15,6,15,True,0.7209506034851074
10X_17_028:TCAGCTCCAGTGGAGTx,10X_17_028,Radial Glia,FOXG1,3,14,6,15,False,
10X_17_028:TCAGCTCCACCAGCACx,10X_17_028,Radial Glia,FOXG1,2,15,6,15,False,
10X_17_028:TCAGATGCAGTAACGGx,10X_17_028,Immature Neuron,FOXG1,6,15,6,15,True,0.6832363605499268
10X_17_028:TCAATCTTCCAGTAGTx,10X_17_028,Immature Neuron,FOXG1,5,15,6,15,False,
10X_17_028:TCAGGTACAGCCTTGGx,10X_17_028,Immature Neuron,FOXG1,4,15,6,15,False,
10X_17_028:TCAGCAAGTACCGTATx,10X_17_028,Immature Neuron,FOXG1,4,15,6,15,False,
10X_17_028:TCAGGATAGCGAGAAAx,10X_17_028,Immature Neuron,FOXG1,4,15,6,15,False,
10X_17_028:TCAGGTAGTAAAGTCAx,10X_17_028,Immature Neuron,FOXG1,0,15,6,15,False,
10X_17_028:TCAACGATCATGTAGCx,10X_17_028,Radial Glia,FOXG1,0,15,6,15,False,
10X_17_028:TCACGAAGTCATGCATx,10X_17_028,Radial Glia,FOXG1,3,15,6,15,False,
10X_17_028:TCGAGGCGTAGAGCTGx,10X_17_028,Radial Glia,FOXG1,4,15,6,15,False,
10X_17_028:TCATTACGTCTAGAGGx,10X_17_028,Radial Glia,FOXG1,8,15,6,15,False,
10X_17_028:TCGGGACAGCCACGTCx,10X_17_028,Immature Neuron,FOXG1,6,15,6,15,True,0.6891060471534729
10X_17_028:TCAGGTATCAACACCAx,10X_17_028,Radial Glia,FOXG1,4,15,6,15,False,
10X_17_028:TCATTTGGTTCTGAACx,10X_17_028,Immature Neuron,FOXG1,8,15,6,15,False,
10X_17_028:TCCCGATCATCGATGTx,10X_17_028,Immature Neuron,FOXG1,6,15,6,15,True,0.6705521941184998
10X_17_028:TCATTACTCTTTAGTCx,10X_17_028,Immature Neuron,FOXG1,2,15,6,15,False,
10X_17_028:TCCACACTCGTCGTTCx,10X_17_028,Immature Neuron,FOXG1,1,15,6,15,False,
10X_17_028:TCAGGTATCGTATCAGx,10X_17_028,Radial Glia,FOXG1,6,15,6,15,True,0.742712140083313
10X_17_028:TCATTTGTCGTTGACAx,10X_17_028,Immature Neuron,FOXG1,5,15,6,15,False,
10X_17_028:TCGCGTTGTGCAACTTx,10X_17_028,Immature Neuron,FOXG1,0,15,6,15,False,
10X_17_028:TCTCATACAGTATAAGx,10X_17_028,Radial Glia,FOXG1,4,15,6,15,False,
10X_17_028:TCTCATAAGCCAGTTTx,10X_17_028,Immature Neuron,FOXG1,7,15,6,15,False,
10X_17_028:TCGTAGATCCTCGCATx,10X_17_028,Radial Glia,FOXG1,4,14,6,15,False,
10X_17_028:TCGTAGAGTCTGCGGTx,10X_17_028,Radial Glia,FOXG1,1,15,6,15,False,
10X_17_028:TCTCTAAAGGGTTTCTx,10X_17_028,Immature Neuron,FOXG1,6,15,6,15,True,0.6554928421974182
10X_17_028:TCGTACCTCTCCAGGGx,10X_17_028,Radial Glia,FOXG1,6,15,6,15,True,0.7062636613845825
10X_17_028:TCTGAGATCGGAGCAAx,10X_17_028,Immature Neuron,FOXG1,7,15,6,15,False,
10X_17_028:TCTCTAAGTGGACGATx,10X_17_028,Radial Glia,FOXG1,5,15,6,15,False,
10X_17_028:TCTCTAAAGCGGCTTCx,10X_17_028,Radial Glia,FOXG1,1,15,6,15,False,
10X_17_028:TCGTACCGTAGCGCTCx,10X_17_028,Radial Glia,FOXG1,7,15,6,15,False,
10X_17_028:TCTCTAAAGCCAGTTTx,10X_17_028,Immature Neuron,FOXG1,4,15,6,15,False,
10X_17_028:TCTGGAATCAGCATGTx,10X_17_028,Immature Neuron,FOXG1,2,15,6,15,False,
10X_17_028:TCTCTAAAGACCGGATx,10X_17_028,Radial Glia,FOXG1,4,15,6,15,False,
10X_17_028:TCTCTAACACGAAATAx,10X_17_028,Immature Neuron,FOXG1,8,15,6,15,False,
10X_17_028:TGAGAGGCAAATACAGx,10X_17_028,Immature Neuron,FOXG1,1,15,6,15,False,
10X_17_028:TGACAACTCTGCTGCTx,10X_17_028,Radial Glia,FOXG1,3,15,6,15,False,
10X_17_028:TGACTTTCAAAGGTGCx,10X_17_028,Radial Glia,FOXG1,5,15,6,15,False,
10X_17_028:TGACAACTCTATGTGGx,10X_17_028,Immature Neuron,FOXG1,7,15,6,15,False,
10X_17_028:TGACAACAGCACCGTCx,10X_17_028,Radial Glia,FOXG1,0,15,6,15,False,
10X_17_028:TGACTTTAGCGGCTTCx,10X_17_028,Radial Glia,FOXG1,0,15,6,15,False,
10X_17_028:TGACGGCCAATGTTGCx,10X_17_028,Immature Neuron,FOXG1,6,15,6,15,True,0.6785775423049927
10X_17_028:TGACTTTCACCAACCGx,10X_17_028,Radial Glia,FOXG1,6,15,6,15,True,0.7591981887817383
10X_17_028:TGACAACTCTCAAACGx,10X_17_028,Immature Neuron,FOXG1,6,15,6,15,True,0.6858599185943604
10X_17_028:TGAGAGGAGCGGCTTCx,10X_17_028,Immature Neuron,FOXG1,6,15,6,15,True,0.6771397590637207
10X_17_028:TCTTTCCTCGTCTGCTx,10X_17_028,Radial Glia,FOXG1,6,15,6,15,True,0.7432913780212402
10X_17_028:TGCCCATCATAGGATAx,10X_17_028,Immature Neuron,FOXG1,6,15,6,15,True,0.6977463960647583
10X_17_028:TGAGGGATCTGTCTCGx,10X_17_028,Immature Neuron,FOXG1,6,15,6,15,True,0.655666708946228
10X_17_028:TGAGCATCAGTAAGCGx,10X_17_028,Radial Glia,FOXG1,5,15,6,15,False,
10X_17_028:TGCCAAAAGAGCCCAAx,10X_17_028,Immature Neuron,FOXG1,9,15,6,15,False,
10X_17_028:TGCACCTGTGAACCTTx,10X_17_028,Radial Glia,FOXG1,8,15,6,15,False,
10X_17_028:TGCCAAATCTCGTTTAx,10X_17_028,Radial Glia,FOXG1,3,15,6,15,False,
10X_17_028:TGCCCATCAAAGCAATx,10X_17_028,Radial Glia,FOXG1,1,15,6,15,False,
10X_17_028:TGCCAAACACCACCAGx,10X_17_028,Radial Glia,FOXG1,0,14,6,15,False,
10X_17_028:TGCCAAATCAGTACGTx,10X_17_028,Radial Glia,FOXG1,2,15,6,15,False,
10X_17_028:TGATTTCCACATAACCx,10X_17_028,Radial Glia,FOXG1,1,15,6,15,False,
10X_17_028:TGCCAAACATGGTAGGx,10X_17_028,Radial Glia,FOXG1,2,15,6,15,False,
10X_17_028:TGCCCATTCGGAAATAx,10X_17_028,Radial Glia,FOXG1,4,15,6,15,False,
10X_17_028:TGCACCTAGATGGGTCx,10X_17_028,Radial Glia,FOXG1,7,15,6,15,False,
10X_17_028:TGATTTCGTGACGCCTx,10X_17_028,Immature Neuron,FOXG1,5,15,6,15,False,
10X_17_028:TGAGGGATCGGTCCGAx,10X_17_028,Immature Neuron,FOXG1,9,15,6,15,False,
10X_17_028:TGAGGGAGTGTAAGTAx,10X_17_028,Immature Neuron,FOXG1,3,15,6,15,False,
10X_17_028:TGATTTCTCGCATGGCx,10X_17_028,Radial Glia,FOXG1,7,15,6,15,False,
10X_17_028:TGCCAAAAGATGCCAGx,10X_17_028,Immature Neuron,FOXG1,9,15,6,15,False,
10X_17_028:TGGCCAGCAAACGCGAx,10X_17_028,Immature Neuron,FOXG1,4,15,6,15,False,
10X_17_028:TGGACGCCACGAAATAx,10X_17_028,Radial Glia,FOXG1,7,15,6,15,False,
10X_17_028:TGCTACCGTCATCCCTx,10X_17_028,Radial Glia,FOXG1,6,15,6,15,True,0.7389739155769348
10X_17_028:TGCGCAGCAACGCACCx,10X_17_028,Immature Neuron,FOXG1,7,15,6,15,False,
10X_17_028:TGCTGCTTCAGGCGAAx,10X_17_028,Radial Glia,FOXG1,7,15,6,15,False,
10X_17_028:TGGACGCAGTTAGGTAx,10X_17_028,Radial Glia,FOXG1,6,15,6,15,True,0.7534211874008179
10X_17_028:TGCGTGGGTAGGCATGx,10X_17_028,Immature Neuron,FOXG1,3,15,6,15,False,
10X_17_028:TGCTACCAGTGCAAGCx,10X_17_028,Immature Neuron,FOXG1,3,15,6,15,False,
10X_17_028:TGCTGCTAGACTAGATx,10X_17_028,Immature Neuron,FOXG1,5,15,6,15,False,
10X_17_028:TGTATTCTCACATAGCx,10X_17_028,Radial Glia,FOXG1,6,15,6,15,True,0.7122709155082703
10X_17_028:TGGCTGGTCTGTTGAGx,10X_17_028,Immature Neuron,FOXG1,8,15,6,15,False,
10X_17_028:TGGGAAGTCAGGCCCAx,10X_17_028,Immature Neuron,FOXG1,5,15,6,15,False,
10X_17_028:TGGGCGTTCGCTGATAx,10X_17_028,Radial Glia,FOXG1,4,15,6,15,False,
10X_17_028:TGGCGCATCGGCGCATx,10X_17_028,Radial Glia,FOXG1,4,15,6,15,False,
10X_17_028:TGGGCGTAGTTGTCGTx,10X_17_028,Radial Glia,FOXG1,8,15,6,15,False,
10X_17_028:TGGGAAGAGTCCCACGx,10X_17_028,Radial Glia,FOXG1,4,14,6,15,False,
10X_17_028:TGGTTAGCATGGAATAx,10X_17_028,Radial Glia,FOXG1,5,15,6,15,False,
10X_17_028:TGTATTCGTTACGTCAx,10X_17_028,Immature Neuron,FOXG1,2,15,6,15,False,
10X_17_028:TTAGGCAGTAAATGACx,10X_17_028,Radial Glia,FOXG1,1,15,6,15,False,
10X_17_028:TTAGTTCAGACTAGATx,10X_17_028,Radial Glia,FOXG1,4,15,6,15,False,
10X_17_028:TTAGGCAAGAGCCTAGx,10X_17_028,Radial Glia,FOXG1,0,15,6,15,False,
10X_17_028:TGTTCCGGTCAGTGGAx,10X_17_028,Radial Glia,FOXG1,2,15,6,15,False,
10X_17_028:TGTTCCGGTTTAAGCCx,10X_17_028,Immature Neuron,FOXG1,6,15,6,15,True,0.6628569960594177
10X_17_028:TGTGGTATCCTTTCGGx,10X_17_028,Immature Neuron,FOXG1,1,15,6,15,False,
10X_17_028:TGTTCCGCAGGACCCTx,10X_17_028,Immature Neuron,FOXG1,8,15,6,15,False,
10X_17_028:TGTGTTTGTCTCACCTx,10X_17_028,Radial Glia,FOXG1,6,15,6,15,True,0.7467212677001953
10X_17_028:TGTGGTATCGCCATAAx,10X_17_028,Immature Neuron,FOXG1,6,15,6,15,True,0.6631577014923096
10X_17_028:TTAGTTCAGTACGCCCx,10X_17_028,Immature Neuron,FOXG1,10,15,6,15,False,
10X_17_028:TGTGTTTCAGACGCAAx,10X_17_028,Radial Glia,FOXG1,7,15,6,15,False,
10X_17_028:TTAGTTCTCGCCTGAGx,10X_17_028,Radial Glia,FOXG1,4,15,6,15,False,
10X_17_028:TTAGGCATCAGTACGTx,10X_17_028,Immature Neuron,FOXG1,6,15,6,15,True,0.700785756111145
10X_17_028:TTCTTAGCAGCTTAACx,10X_17_028,Radial Glia,FOXG1,2,15,6,15,False,
10X_17_028:TTCTTAGGTCGCCATGx,10X_17_028,Radial Glia,FOXG1,7,15,6,15,False,
10X_17_028:TTCTACAAGTCCAGGAx,10X_17_028,Radial Glia,FOXG1,2,15,6,15,False,
10X_17_028:TTCTCAATCGACCAGCx,10X_17_028,Immature Neuron,FOXG1,4,15,6,15,False,
10X_17_028:TTCTCAACACCCAGTGx,10X_17_028,Immature Neuron,FOXG1,5,15,6,15,False,
10X_17_028:TTCTCAAGTTTAAGCCx,10X_17_028,Immature Neuron,FOXG1,5,15,6,15,False,
10X_17_028:TTCTTAGGTTCCCGAGx,10X_17_028,Immature Neuron,FOXG1,4,15,6,15,False,
10X_17_028:TTGAACGGTTCGTGATx,10X_17_028,Immature Neuron,FOXG1,1,15,6,15,False,
10X_17_028:TTTACTGGTCGGCACTx,10X_17_028,Immature Neuron,FOXG1,5,15,6,15,False,
10X_17_028:TTGCGTCGTTTGTTGGx,10X_17_028,Radial Glia,FOXG1,6,15,6,15,True,0.7963732481002808
10X_17_028:TTTATGCAGTGGTAGCx,10X_17_028,Radial Glia,FOXG1,6,15,6,15,True,0.718178391456604
10X_17_028:TTGCCGTTCCTTTCGGx,10X_17_028,Immature Neuron,FOXG1,7,15,6,15,False,
10X_17_028:TTTATGCAGTGAATTGx,10X_17_028,Radial Glia,FOXG1,8,15,6,15,False,
10X_17_028:TTTGTCACAGACGCCTx,10X_17_028,Immature Neuron,FOXG1,7,15,6,15,False,
10X_17_028:TTTGTCACAAGGACTGx,10X_17_028,Radial Glia,FOXG1,6,15,6,15,True,0.7200521230697632
10X_17_028:TTTGCGCTCACTTCATx,10X_17_028,Radial Glia,FOXG1,3,15,6,15,False,
10X_17_028:TTTATGCGTTAAGGGCx,10X_17_028,Radial Glia,FOXG1,6,15,6,15,True,0.7309446334838867
10X_17_028:TTTCCTCTCGACAGCCx,10X_17_028,Immature Neuron,FOXG1,3,15,6,15,False,
10X_17_029:AAATGCCTCTAACTCTx,10X_17_029,Immature Neuron,FOXG1,5,15,6,15,False,
10X_17_029:AACACGTAGGTAGCCAx,10X_17_029,Immature Neuron,FOXG1,5,15,6,15,False,
10X_17_029:AAGCCGCAGCTAGTCTx,10X_17_029,Radial Glia,FOXG1,3,15,6,15,False,
10X_17_029:AACTCTTCAGACAGGTx,10X_17_029,Immature Neuron,FOXG1,3,15,6,15,False,
10X_17_029:AACACGTCATTACGACx,10X_17_029,Immature Neuron,FOXG1,6,15,6,15,True,0.676132321357727
10X_17_029:AAACGGGTCGCTAGCGx,10X_17_029,Immature Neuron,FOXG1,4,15,6,15,False,
10X_17_029:AACTCAGTCACTATTCx,10X_17_029,Immature Neuron,FOXG1,4,15,6,15,False,
10X_17_029:AAGCCGCGTCCGACGTx,10X_17_029,Immature Neuron,FOXG1,6,15,6,15,True,0.6663716435432434
10X_17_029:ACAGCCGTCTTCGGTCx,10X_17_029,Immature Neuron,FOXG1,4,15,6,15,False,
10X_17_029:ACAGCCGAGCTGAAATx,10X_17_029,Immature Neuron,FOXG1,1,15,6,15,False,
10X_17_029:AATCCAGCAGACGCTCx,10X_17_029,Immature Neuron,FOXG1,3,15,6,15,False,
10X_17_029:AAGGTTCAGGAGCGTTx,10X_17_029,Immature Neuron,FOXG1,3,15,6,15,False,
10X_17_029:AAGTCTGAGCGATATAx,10X_17_029,Radial Glia,FOXG1,4,15,6,15,False,
10X_17_029:AAGTCTGAGCAAATCAx,10X_17_029,Immature Neuron,FOXG1,5,15,6,15,False,
10X_17_029:ACACTGAGTTGTCGCGx,10X_17_029,Radial Glia,FOXG1,5,15,6,15,False,
10X_17_029:ACCCACTTCTGGTGTAx,10X_17_029,Radial Glia,FOXG1,4,15,6,15,False,
10X_17_029:ACATGGTGTCGGGTCTx,10X_17_029,Radial Glia,FOXG1,3,14,6,15,False,
10X_17_029:ACGAGGACAGCTGGCTx,10X_17_029,Radial Glia,FOXG1,2,15,6,15,False,
10X_17_029:ACGCCAGAGACAAAGGx,10X_17_029,Immature Neuron,FOXG1,5,15,6,15,False,
10X_17_029:ACCAGTAAGATGTTAGx,10X_17_029,Radial Glia,FOXG1,4,15,6,15,False,
10X_17_029:ACCAGTATCGGTTCGGx,10X_17_029,Immature Neuron,FOXG1,8,15,6,15,False,
10X_17_029:ACCTTTAAGTATTGGAx,10X_17_029,Immature Neuron,FOXG1,8,15,6,15,False,
10X_17_029:ACGATGTGTCTCCACTx,10X_17_029,Immature Neuron,FOXG1,5,15,6,15,False,
10X_17_029:ACCTTTAAGCAGATCGx,10X_17_029,Immature Neuron,FOXG1,3,15,6,15,False,
10X_17_029:ACGGGTCCATCACGTAx,10X_17_029,Immature Neuron,FOXG1,8,15,6,15,False,
10X_17_029:ACTTTCACACCCATTCx,10X_17_029,Immature Neuron,FOXG1,5,15,6,15,False,
10X_17_029:ACGGGCTGTCAATACCx,10X_17_029,Radial Glia,FOXG1,0,15,6,15,False,
10X_17_029:ACTATCTGTCGCCATGx,10X_17_029,Radial Glia,FOXG1,4,15,6,15,False,
10X_17_029:ACGGAGACATGCGCACx,10X_17_029,Radial Glia,FOXG1,0,15,6,15,False,
10X_17_029:ACTTGTTGTTTGACTGx,10X_17_029,Immature Neuron,FOXG1,3,15,6,15,False,
10X_17_029:ACGGGTCGTGCAACTTx,10X_17_029,Radial Glia,FOXG1,2,15,6,15,False,
10X_17_029:ACTGTCCTCACTTCATx,10X_17_029,Immature Neuron,FOXG1,5,15,6,15,False,
10X_17_029:ACTTGTTTCCGCGGTAx,10X_17_029,Radial Glia,FOXG1,10,15,6,15,False,
10X_17_029:AGCGTATGTATAGGGCx,10X_17_029,Immature Neuron,FOXG1,6,15,6,15,True,0.690147876739502
10X_17_029:AGCGTATGTGACAAATx,10X_17_029,Immature Neuron,FOXG1,7,15,6,15,False,
10X_17_029:AGATTGCTCCTACAGAx,10X_17_029,Immature Neuron,FOXG1,7,15,6,15,False,
10X_17_029:AGCGTCGTCCTCAACCx,10X_17_029,Radial Glia,FOXG1,6,15,6,15,True,0.7079605460166931
10X_17_029:AGCGTCGCACTCGACGx,10X_17_029,Immature Neuron,FOXG1,3,15,6,15,False,
10X_17_029:AGCAGCCAGTCTCGGCx,10X_17_029,Immature Neuron,FOXG1,5,15,6,15,False,
10X_17_029:AGATTGCTCCGAGCCAx,10X_17_029,Immature Neuron,FOXG1,5,15,6,15,False,
10X_17_029:AGCAGCCGTGCGATAGx,10X_17_029,Radial Glia,FOXG1,7,15,6,15,False,
10X_17_029:AGCATACTCGACAGCCx,10X_17_029,Radial Glia,FOXG1,3,15,6,15,False,
10X_17_029:AGCCTAACATGGGACAx,10X_17_029,Immature Neuron,FOXG1,7,15,6,15,False,
10X_17_029:AGACGTTAGATGGCGTx,10X_17_029,Immature Neuron,FOXG1,3,15,6,15,False,
10X_17_029:AGCCTAACACAACGCCx,10X_17_029,Radial Glia,FOXG1,5,15,6,15,False,
10X_17_029:AGCATACCAGTAAGCGx,10X_17_029,Radial Glia,FOXG1,0,15,6,15,False,
10X_17_029:AGCTCCTCATGGGACAx,10X_17_029,Immature Neuron,FOXG1,6,15,6,15,True,0.6579962372779846
10X_17_029:AGGGTGAAGCTAACTCx,10X_17_029,Radial Glia,FOXG1,2,15,6,15,False,
10X_17_029:AGGGTGACAATGGACGx,10X_17_029,Immature Neuron,FOXG1,0,15,6,15,False,
10X_17_029:AGGTCATGTTGGTTTGx,10X_17_029,Immature Neuron,FOXG1,6,15,6,15,True,0.6668088436126709
10X_17_029:AGCTCTCGTAAGTGGCx,10X_17_029,Immature Neuron,FOXG1,7,15,6,15,False,
10X_17_029:AGCTCCTGTGACTACTx,10X_17_029,Radial Glia,FOXG1,2,15,6,15,False,
10X_17_029:AGGGATGTCTTGAGGTx,10X_17_029,Immature Neuron,FOXG1,5,15,6,15,False,
10X_17_029:AGGGAGTGTCACAAGGx,10X_17_029,Immature Neuron,FOXG1,1,15,6,15,False,
10X_17_029:AGTGTCAAGTAGCGGTx,10X_17_029,Radial Glia,FOXG1,0,15,6,15,False,
10X_17_029:AGGTCCGAGTCCAGGAx,10X_17_029,Immature Neuron,FOXG1,7,15,6,15,False,
10X_17_029:AGGGAGTTCGTCCGTTx,10X_17_029,Radial Glia,FOXG1,0,15,6,15,False,
10X_17_029:AGGCCGTGTCCTGCTTx,10X_17_029,Radial Glia,FOXG1,0,15,6,15,False,
10X_17_029:AGTGAGGAGAACTCGGx,10X_17_029,Immature Neuron,FOXG1,1,15,6,15,False,
10X_17_029:AGTGTCAGTTCGCTAAx,10X_17_029,Immature Neuron,FOXG1,7,15,6,15,False,
10X_17_029:AGTTGGTGTCTAGAGGx,10X_17_029,Immature Neuron,FOXG1,7,15,6,15,False,
10X_17_029:ATAAGAGAGTCTTGCAx,10X_17_029,Immature Neuron,FOXG1,0,15,6,15,False,
10X_17_029:ATCATGGGTTAAGGGCx,10X_17_029,Radial Glia,FOXG1,9,15,6,15,False,
10X_17_029:ATAAGAGTCTACCAGAx,10X_17_029,Immature Neuron,FOXG1,4,15,6,15,False,
10X_17_029:ATGCGATAGACTTTCGx,10X_17_029,Immature Neuron,FOXG1,0,15,6,15,False,
10X_17_029:ATAACGCTCGACAGCCx,10X_17_029,Radial Glia,FOXG1,0,15,6,15,False,
10X_17_029:ATCTGCCAGTCTCCTCx,10X_17_029,Immature Neuron,FOXG1,6,15,6,15,True,0.6516368985176086
10X_17_029:AGTGTCAGTCCGCTGAx,10X_17_029,Immature Neuron,FOXG1,4,15,6,15,False,
10X_17_029:ATAACGCGTCGAACAGx,10X_17_029,Immature Neuron,FOXG1,0,15,6,15,False,
10X_17_029:ATCATGGGTCCGAATTx,10X_17_029,Radial Glia,FOXG1,4,15,6,15,False,
10X_17_029:ATCATGGAGATGCCAGx,10X_17_029,Radial Glia,FOXG1,0,14,6,15,False,
10X_17_029:ATCATGGAGCGGCTTCx,10X_17_029,Radial Glia,FOXG1,0,15,6,15,False,
10X_17_029:ATAGACCTCATGCTCCx,10X_17_029,Immature Neuron,FOXG1,4,15,6,15,False,
10X_17_029:ATCTGCCAGCTCAACTx,10X_17_029,Immature Neuron,FOXG1,0,15,6,15,False,
10X_17_029:ATCCGAACAAACTGTCx,10X_17_029,Radial Glia,FOXG1,2,15,6,15,False,
10X_17_029:ATGAGGGCAACTGGCCx,10X_17_029,Radial Glia,FOXG1,6,15,6,15,True,0.6917159557342529
10X_17_029:ATTCTACTCTCTAGGAx,10X_17_029,Immature Neuron,FOXG1,6,15,6,15,True,0.6527729034423828
10X_17_029:ATTCTACTCCTAGTGAx,10X_17_029,Radial Glia,FOXG1,3,15,6,15,False,
10X_17_029:CAAGGCCTCCGCGCAAx,10X_17_029,Radial Glia,FOXG1,1,15,6,15,False,
10X_17_029:CAAGTTGAGTCGATAAx,10X_17_029,Radial Glia,FOXG1,0,15,6,15,False,
10X_17_029:CAACCTCCACGTAAGGx,10X_17_029,Immature Neuron,FOXG1,4,15,6,15,False,
10X_17_029:CAAGATCTCAGAAATGx,10X_17_029,Radial Glia,FOXG1,0,15,6,15,False,
10X_17_029:CAACTAGAGATCCGAGx,10X_17_029,Radial Glia,FOXG1,4,15,6,15,False,
10X_17_029:ATGGGAGGTTTGTGTGx,10X_17_029,Immature Neuron,FOXG1,0,15,6,15,False,
10X_17_029:CAACCTCAGGGCACTAx,10X_17_029,Radial Glia,FOXG1,2,15,6,15,False,
10X_17_029:ATTACTCCATTCGACAx,10X_17_029,Immature Neuron,FOXG1,4,15,6,15,False,
10X_17_029:CAACCAACAGGCGATAx,10X_17_029,Immature Neuron,FOXG1,5,15,6,15,False,
10X_17_029:CAAGGCCAGGTGCTAGx,10X_17_029,Immature Neuron,FOXG1,7,15,6,15,False,
10X_17_029:ATGTGTGGTTCGCGACx,10X_17_029,Radial Glia,FOXG1,1,15,6,15,False,
10X_17_029:CAACCTCCATTGGCGCx,10X_17_029,Radial Glia,FOXG1,5,15,6,15,False,
10X_17_029:ATTTCTGCACCATGTAx,10X_17_029,Radial Glia,FOXG1,6,15,6,15,True,0.7249297499656677
10X_17_029:ATGTGTGGTCATCCCTx,10X_17_029,Radial Glia,FOXG1,6,15,6,15,True,0.7310877442359924
10X_17_029:CAGAGAGCATCGGACCx,10X_17_029,Immature Neuron,FOXG1,2,15,6,15,False,
10X_17_029:CACCTTGCAGGTTTCAx,10X_17_029,Immature Neuron,FOXG1,3,15,6,15,False,
10X_17_029:CAGCAGCGTACCGCTGx,10X_17_029,Immature Neuron,FOXG1,4,15,6,15,False,
10X_17_029:CACCACTCACCAACCGx,10X_17_029,Immature Neuron,FOXG1,0,15,6,15,False,
10X_17_029:CAGATCACAGGGATTGx,10X_17_029,Radial Glia,FOXG1,6,15,6,15,True,0.7454934120178223
10X_17_029:CAGCAGCCACCGAAAGx,10X_17_029,Immature Neuron,FOXG1,6,15,6,15,True,0.6759711503982544
10X_17_029:CACAGGCCATTAGCCAx,10X_17_029,Radial Glia,FOXG1,6,15,6,15,True,0.7242853045463562
10X_17_029:CAGAGAGTCAGGTTCAx,10X_17_029,Radial Glia,FOXG1,0,15,6,15,False,
10X_17_029:CACTCCATCGGTGTCGx,10X_17_029,Radial Glia,FOXG1,6,15,6,15,True,0.7355526685714722
10X_17_029:CACAGTAGTTAAAGTGx,10X_17_029,Radial Glia,FOXG1,0,15,6,15,False,
10X_17_029:CAGATCATCGCATGATx,10X_17_029,Radial Glia,FOXG1,5,15,6,15,False,
10X_17_029:CAGATCATCATCGGATx,10X_17_029,Immature Neuron,FOXG1,7,15,6,15,False,
10X_17_029:CAGAATCGTCACAAGGx,10X_17_029,Immature Neuron,FOXG1,8,15,6,15,False,
10X_17_029:CACACAACAGATGGCAx,10X_17_029,Immature Neuron,FOXG1,5,15,6,15,False,
10X_17_029:CAGCTAACAAATACAGx,10X_17_029,Immature Neuron,FOXG1,5,15,6,15,False,
10X_17_029:CATATTCCAGTAACGGx,10X_17_029,Immature Neuron,FOXG1,4,15,6,15,False,
10X_17_029:CATCAAGGTATAGTAGx,10X_17_029,Radial Glia,FOXG1,3,15,6,15,False,
10X_17_029:CAGTAACTCAACCATGx,10X_17_029,Immature Neuron,FOXG1,5,15,6,15,False,
10X_17_029:CAGCTGGAGGTCGGATx,10X_17_029,Radial Glia,FOXG1,6,15,6,15,True,0.7677096128463745
10X_17_029:CAGCTGGAGTCCGGTCx,10X_17_029,Radial Glia,FOXG1,8,15,6,15,False,
10X_17_029:CAGTCCTAGGATGCGTx,10X_17_029,Radial Glia,FOXG1,2,14,6,15,False,
10X_17_029:CAGCCGACACTAGTACx,10X_17_029,Radial Glia,FOXG1,5,15,6,15,False,
10X_17_029:CAGTCCTTCCAAACTGx,10X_17_029,Immature Neuron,FOXG1,7,15,6,15,False,
10X_17_029:CATATTCCATGACATCx,10X_17_029,Immature Neuron,FOXG1,6,15,6,15,True,0.6669100522994995
10X_17_029:CATCAAGCAAGCCGCTx,10X_17_029,Radial Glia,FOXG1,3,15,6,15,False,
10X_17_029:CATCAAGCATGTCGATx,10X_17_029,Immature Neuron,FOXG1,7,15,6,15,False,
10X_17_029:CATATTCCAGGAATCGx,10X_17_029,Immature Neuron,FOXG1,4,15,6,15,False,
10X_17_029:CAGCTAATCTTGAGACx,10X_17_029,Immature Neuron,FOXG1,1,15,6,15,False,
10X_17_029:CAGTAACTCACCAGGCx,10X_17_029,Immature Neuron,FOXG1,6,15,6,15,True,0.6802377700805664
10X_17_029:CCACGGAAGGGTCTCCx,10X_17_029,Immature Neuron,FOXG1,4,15,6,15,False,
10X_17_029:CATTATCAGCAGACTGx,10X_17_029,Immature Neuron,FOXG1,4,15,6,15,False,
10X_17_029:CCACGGAAGCTCCCAGx,10X_17_029,Radial Glia,FOXG1,4,15,6,15,False,
10X_17_029:CATGCCTGTTTAAGCCx,10X_17_029,Immature Neuron,FOXG1,6,15,6,15,True,0.6779958605766296
10X_17_029:CCACGGAGTGGTCTCGx,10X_17_029,Radial Glia,FOXG1,4,15,6,15,False,
10X_17_029:CATTATCCATCCCACTx,10X_17_029,Radial Glia,FOXG1,9,15,6,15,False,
10X_17_029:CATCAGATCTACTCATx,10X_17_029,Radial Glia,FOXG1,0,14,6,15,False,
10X_17_029:CCACGGATCTGATACGx,10X_17_029,Radial Glia,FOXG1,6,15,6,15,True,0.7337793111801147
10X_17_029:CATCGAATCTGATACGx,10X_17_029,Radial Glia,FOXG1,10,15,6,15,False,
10X_17_029:CATGGCGGTCCAGTATx,10X_17_029,Immature Neuron,FOXG1,7,15,6,15,False,
10X_17_029:CCACTACGTGATGTCTx,10X_17_029,Immature Neuron,FOXG1,9,15,6,15,False,
10X_17_029:CCACCTACATGGATGGx,10X_17_029,Radial Glia,FOXG1,6,15,6,15,True,0.6809198260307312
10X_17_029:CATCCACAGGCTAGGTx,10X_17_029,Radial Glia,FOXG1,3,14,6,15,False,
10X_17_029:CCGTTCATCGGATGTTx,10X_17_029,Immature Neuron,FOXG1,7,15,6,15,False,
10X_17_029:CCACTACTCGAATGGGx,10X_17_029,Radial Glia,FOXG1,3,15,6,15,False,
10X_17_029:CCGGGATAGGTGTGGTx,10X_17_029,Radial Glia,FOXG1,0,15,6,15,False,
10X_17_029:CCCAATCAGACTACAAx,10X_17_029,Immature Neuron,FOXG1,1,15,6,15,False,
10X_17_029:CCCTCCTAGCACCGCTx,10X_17_029,Immature Neuron,FOXG1,0,15,6,15,False,
10X_17_029:CCATTCGGTCTAGGTTx,10X_17_029,Radial Glia,FOXG1,7,15,6,15,False,
10X_17_029:CCGGGATTCACTGGGCx,10X_17_029,Radial Glia,FOXG1,3,15,6,15,False,
10X_17_029:CCGTTCATCCGCATCTx,10X_17_029,Immature Neuron,FOXG1,5,15,6,15,False,
10X_17_029:CCATTCGCAAAGCGGTx,10X_17_029,Immature Neuron,FOXG1,4,15,6,15,False,
10X_17_029:CCGTACTAGATGTGGCx,10X_17_029,Immature Neuron,FOXG1,5,15,6,15,False,
10X_17_029:CCAGCGACATTACGACx,10X_17_029,Radial Glia,FOXG1,6,14,6,15,False,
10X_17_029:CCATGTCGTACTTAGCx,10X_17_029,Immature Neuron,FOXG1,4,15,6,15,False,
10X_17_029:CCCATACTCCCGGATGx,10X_17_029,Immature Neuron,FOXG1,1,15,6,15,False,
10X_17_029:CGATCGGGTACGCACCx,10X_17_029,Immature Neuron,FOXG1,5,15,6,15,False,
10X_17_029:CCTCAGTTCAGTCCCTx,10X_17_029,Immature Neuron,FOXG1,5,15,6,15,False,
10X_17_029:CCTAGCTGTGAGTATAx,10X_17_029,Immature Neuron,FOXG1,1,15,6,15,False,
10X_17_029:CGAATGTAGTTCGCATx,10X_17_029,Immature Neuron,FOXG1,4,15,6,15,False,
10X_17_029:CGAATGTAGACTAGATx,10X_17_029,Immature Neuron,FOXG1,1,15,6,15,False,
10X_17_029:CGAGCCACATAAAGGTx,10X_17_029,Immature Neuron,FOXG1,3,15,6,15,False,
10X_17_029:CCTTCCCGTCCGACGTx,10X_17_029,Immature Neuron,FOXG1,2,15,6,15,False,
10X_17_029:CGAGCACAGATCGATAx,10X_17_029,Immature Neuron,FOXG1,2,15,6,15,False,
10X_17_029:CGAACATCAGTTCCCTx,10X_17_029,Radial Glia,FOXG1,0,15,6,15,False,
10X_17_029:CGACTTCGTTTACTCTx,10X_17_029,Immature Neuron,FOXG1,4,15,6,15,False,
10X_17_029:CGACTTCCATAAAGGTx,10X_17_029,Immature Neuron,FOXG1,6,15,6,15,True,0.6475479602813721
10X_17_029:CCTAGCTGTTAAGATGx,10X_17_029,Radial Glia,FOXG1,1,15,6,15,False,
10X_17_029:CGACCTTAGCCTATGTx,10X_17_029,Radial Glia,FOXG1,3,15,6,15,False,
10X_17_029:CCTTCCCGTACATGTCx,10X_17_029,Radial Glia,FOXG1,0,15,6,15,False,
10X_17_029:CGATCGGAGAGACTATx,10X_17_029,Immature Neuron,FOXG1,4,15,6,15,False,
10X_17_029:CGAGAAGGTGACTACTx,10X_17_029,Immature Neuron,FOXG1,7,15,6,15,False,
10X_17_029:CGAACATTCGCGCCAAx,10X_17_029,Immature Neuron,FOXG1,7,15,6,15,False,
10X_17_029:CCTCTGACACTTAACGx,10X_17_029,Radial Glia,FOXG1,10,15,6,15,False,
10X_17_029:CGATCGGTCGTCACGGx,10X_17_029,Immature Neuron,FOXG1,6,15,6,15,True,0.6737472414970398
10X_17_029:CGCTGGAAGGCAGTCAx,10X_17_029,Immature Neuron,FOXG1,7,15,6,15,False,
10X_17_029:CGGACTGAGGCAATTAx,10X_17_029,Radial Glia,FOXG1,5,15,6,15,False,
10X_17_029:CGCTATCAGATAGCATx,10X_17_029,Radial Glia,FOXG1,4,15,6,15,False,
10X_17_029:CGGACGTGTTCACGGCx,10X_17_029,Radial Glia,FOXG1,3,15,6,15,False,
10X_17_029:CGATGGCTCCAAACTGx,10X_17_029,Immature Neuron,FOXG1,4,15,6,15,False,
10X_17_029:CGCGTTTTCACCTCGTx,10X_17_029,Radial Glia,FOXG1,0,15,6,15,False,
10X_17_029:CGCGTTTTCTTCGGTCx,10X_17_029,Immature Neuron,FOXG1,2,15,6,15,False,
10X_17_029:CGGACACTCATGCTCCx,10X_17_029,Radial Glia,FOXG1,4,15,6,15,False,
10X_17_029:CGCTGGAAGTTTCCTTx,10X_17_029,Radial Glia,FOXG1,0,15,6,15,False,
10X_17_029:CGTCACTCAATGTAAGx,10X_17_029,Immature Neuron,FOXG1,3,15,6,15,False,
10X_17_029:CGTGTAACAGTAACGGx,10X_17_029,Immature Neuron,FOXG1,0,15,6,15,False,
10X_17_029:CGGGTCATCGTACCGGx,10X_17_029,Radial Glia,FOXG1,6,15,6,15,True,0.7497744560241699
10X_17_029:CGGGTCAGTGTCGCTGx,10X_17_029,Radial Glia,FOXG1,4,15,6,15,False,
10X_17_029:CGTTCTGAGCGGCTTCx,10X_17_029,Immature Neuron,FOXG1,2,15,6,15,False,
10X_17_029:CGTCCATGTTCACGGCx,10X_17_029,Radial Glia,FOXG1,4,15,6,15,False,
10X_17_029:CGGGTCAAGCAGCCTCx,10X_17_029,Immature Neuron,FOXG1,4,15,6,15,False,
10X_17_029:CGTAGCGGTTTAGCTGx,10X_17_029,Immature Neuron,FOXG1,1,15,6,15,False,
10X_17_029:CGTGTCTCAGCTCGACx,10X_17_029,Immature Neuron,FOXG1,6,15,6,15,True,0.6752787232398987
10X_17_029:CGTTAGATCGTTACAGx,10X_17_029,Immature Neuron,FOXG1,6,15,6,15,True,0.671584963798523
10X_17_029:CGTGTCTTCCATGCTCx,10X_17_029,Radial Glia,FOXG1,4,15,6,15,False,
10X_17_029:CGTCACTTCCTACAGAx,10X_17_029,Immature Neuron,FOXG1,6,15,6,15,True,0.6331765055656433
10X_17_029:CGTGTCTCAGACGCCTx,10X_17_029,Immature Neuron,FOXG1,1,15,6,15,False,
10X_17_029:CTCACACGTGCAGTAGx,10X_17_029,Radial Glia,FOXG1,5,14,6,15,False,
10X_17_029:CTCCTAGCACGACGAAx,10X_17_029,Immature Neuron,FOXG1,2,15,6,15,False,
10X_17_029:CTACATTTCTCTGCTGx,10X_17_029,Radial Glia,FOXG1,5,14,6,15,False,
10X_17_029:CTACGTCTCAGTTTGGx,10X_17_029,Immature Neuron,FOXG1,5,15,6,15,False,
10X_17_029:CTACATTGTCTCACCTx,10X_17_029,Radial Glia,FOXG1,8,15,6,15,False,
10X_17_029:CTACATTAGGATGGAAx,10X_17_029,Immature Neuron,FOXG1,4,15,6,15,False,
10X_17_029:CTCACACAGTAATCCCx,10X_17_029,Immature Neuron,FOXG1,7,15,6,15,False,
10X_17_029:CTCACACTCATGCTCCx,10X_17_029,Radial Glia,FOXG1,6,14,6,15,False,
10X_17_029:CTCACACCAGCATACTx,10X_17_029,Radial Glia,FOXG1,0,15,6,15,False,
10X_17_029:CTACATTTCTATCGCCx,10X_17_029,Radial Glia,FOXG1,0,15,6,15,False,
10X_17_029:CTACCCACACCAGATTx,10X_17_029,Radial Glia,FOXG1,7,15,6,15,False,
10X_17_029:CTACACCAGACACGACx,10X_17_029,Immature Neuron,FOXG1,0,15,6,15,False,
10X_17_029:CTAAGACGTACCGTATx,10X_17_029,Immature Neuron,FOXG1,6,15,6,15,True,0.6625350117683411
10X_17_029:CTAATGGGTCTGATCAx,10X_17_029,Radial Glia,FOXG1,6,15,6,15,True,0.7220897078514099
10X_17_029:CTAACTTTCCTCCTAGx,10X_17_029,Immature Neuron,FOXG1,4,15,6,15,False,
10X_17_029:CTCGAGGTCCGAGCCAx,10X_17_029,Radial Glia,FOXG1,6,15,6,15,True,0.7775099277496338
10X_17_029:CTGATAGAGATGAGAGx,10X_17_029,Radial Glia,FOXG1,5,14,6,15,False,
10X_17_029:CTCGAAAGTGAGGCTAx,10X_17_029,Radial Glia,FOXG1,6,15,6,15,True,0.7200105786323547
10X_17_029:CTCGGGAAGTTTCCTTx,10X_17_029,Radial Glia,FOXG1,5,15,6,15,False,
10X_17_029:CTGAAGTTCAGGCAAGx,10X_17_029,Immature Neuron,FOXG1,6,15,6,15,True,0.6564045548439026
10X_17_029:CTCGAAATCGCCATAAx,10X_17_029,Immature Neuron,FOXG1,2,15,6,15,False,
10X_17_029:CTCTGGTCACGAAACGx,10X_17_029,Immature Neuron,FOXG1,1,15,6,15,False,
10X_17_029:CTCTAATTCCCATTATx,10X_17_029,Immature Neuron,FOXG1,3,15,6,15,False,
10X_17_029:CTCGGAGCAAGGTTTCx,10X_17_029,Radial Glia,FOXG1,1,15,6,15,False,
10X_17_029:CTCGAGGGTACTCTCCx,10X_17_029,Radial Glia,FOXG1,6,15,6,15,True,0.7381972074508667
10X_17_029:CTCTGGTGTGTCAATCx,10X_17_029,Radial Glia,FOXG1,6,15,6,15,True,0.7020310163497925
10X_17_029:CTGATCCCATCTGGTAx,10X_17_029,Radial Glia,FOXG1,3,15,6,15,False,
10X_17_029:CTCTAATAGATATACGx,10X_17_029,Radial Glia,FOXG1,0,15,6,15,False,
10X_17_029:CTCGAGGTCAGCTCTCx,10X_17_029,Radial Glia,FOXG1,0,15,6,15,False,
10X_17_029:CTGATCCCATACTACGx,10X_17_029,Radial Glia,FOXG1,5,15,6,15,False,
10X_17_029:CTGATCCAGTACGTAAx,10X_17_029,Immature Neuron,FOXG1,5,15,6,15,False,
10X_17_029:CTGATAGAGTTAACGAx,10X_17_029,Radial Glia,FOXG1,0,15,6,15,False,
10X_17_029:CTCTACGAGGGCTCTCx,10X_17_029,Immature Neuron,FOXG1,6,15,6,15,True,0.6565302014350891
10X_17_029:CTCGAGGGTGACCAAGx,10X_17_029,Immature Neuron,FOXG1,6,15,6,15,True,0.6732035279273987
10X_17_029:CTGCCTAAGTTAAGTGx,10X_17_029,Immature Neuron,FOXG1,6,15,6,15,True,0.6684204339981079
10X_17_029:CTTAGGATCTTGTACTx,10X_17_029,Immature Neuron,FOXG1,4,15,6,15,False,
10X_17_029:GAAATGATCGTTTATCx,10X_17_029,Immature Neuron,FOXG1,8,15,6,15,False,
10X_17_029:CTGCGGATCATACGGTx,10X_17_029,Immature Neuron,FOXG1,7,15,6,15,False,
10X_17_029:GAACCTAAGCGGATCAx,10X_17_029,Immature Neuron,FOXG1,6,15,6,15,True,0.670728325843811
10X_17_029:CTTCTCTCAACACGCCx,10X_17_029,Radial Glia,FOXG1,5,15,6,15,False,
10X_17_029:CTTAACTTCAGGATCTx,10X_17_029,Radial Glia,FOXG1,2,15,6,15,False,
10X_17_029:CTTTGCGCATCAGTCAx,10X_17_029,Immature Neuron,FOXG1,6,15,6,15,True,0.6589186787605286
10X_17_029:CTTAGGACAAAGAATCx,10X_17_029,Immature Neuron,FOXG1,4,15,6,15,False,
10X_17_029:GAAATGATCCGCTGTTx,10X_17_029,Radial Glia,FOXG1,0,15,6,15,False,
10X_17_029:GAACATCTCATTGCCCx,10X_17_029,Immature Neuron,FOXG1,4,15,6,15,False,
10X_17_029:GAAACTCTCGCAAACTx,10X_17_029,Immature Neuron,FOXG1,6,15,6,15,True,0.6533938646316528
10X_17_029:GAAACTCTCGGATGGAx,10X_17_029,Immature Neuron,FOXG1,3,15,6,15,False,
10X_17_029:GAACATCTCAGAGCTTx,10X_17_029,Immature Neuron,FOXG1,0,15,6,15,False,
10X_17_029:CTGCGGAAGAGTACATx,10X_17_029,Radial Glia,FOXG1,7,15,6,15,False,
10X_17_029:GAAATGAAGCCCAACCx,10X_17_029,Immature Neuron,FOXG1,1,15,6,15,False,
10X_17_029:GAACCTAGTTCAACCAx,10X_17_029,Immature Neuron,FOXG1,6,15,6,15,True,0.6664825081825256
10X_17_029:GACCAATAGTACGCGAx,10X_17_029,Immature Neuron,FOXG1,3,15,6,15,False,
10X_17_029:GACGTGCTCTAGCACAx,10X_17_029,Radial Glia,FOXG1,9,15,6,15,False,
10X_17_029:GACCAATAGAACTGTAx,10X_17_029,Immature Neuron,FOXG1,9,15,6,15,False,
10X_17_029:GACGGCTGTCGACTGCx,10X_17_029,Radial Glia,FOXG1,4,15,6,15,False,
10X_17_029:GAACGGAGTGCACCACx,10X_17_029,Immature Neuron,FOXG1,5,15,6,15,False,
10X_17_029:GACGTTATCTAACTCTx,10X_17_029,Immature Neuron,FOXG1,4,15,6,15,False,
10X_17_029:GACTAACGTCCCTACTx,10X_17_029,Radial Glia,FOXG1,6,15,6,15,True,0.7059550285339355
10X_17_029:GACTAACCATCGATTGx,10X_17_029,Immature Neuron,FOXG1,0,15,6,15,False,
10X_17_029:GACAGAGGTTTGACACx,10X_17_029,Radial Glia,FOXG1,5,15,6,15,False,
10X_17_029:GAATAAGCATAGACTCx,10X_17_029,Immature Neuron,FOXG1,7,15,6,15,False,
10X_17_029:GACCAATGTGAGGCTAx,10X_17_029,Radial Glia,FOXG1,0,15,6,15,False,
10X_17_029:GAAGCAGAGGCTCATTx,10X_17_029,Radial Glia,FOXG1,7,15,6,15,False,
10X_17_029:GACCTGGCATCGATTGx,10X_17_029,Immature Neuron,FOXG1,6,15,6,15,True,0.6556721329689026
10X_17_029:GAAGCAGTCACTTCATx,10X_17_029,Radial Glia,FOXG1,4,15,6,15,False,
10X_17_029:GACACGCGTCCAAGTTx,10X_17_029,Radial Glia,FOXG1,5,15,6,15,False,
10X_17_029:GAGGTGAAGGCAGTCAx,10X_17_029,Immature Neuron,FOXG1,4,15,6,15,False,
10X_17_029:GATCGTATCAATACCGx,10X_17_029,Radial Glia,FOXG1,2,15,6,15,False,
10X_17_029:GATCGTAAGAATGTTGx,10X_17_029,Radial Glia,FOXG1,4,15,6,15,False,
10X_17_029:GAGCAGAGTAGAGCTGx,10X_17_029,Radial Glia,FOXG1,4,15,6,15,False,
10X_17_029:GATGAAAGTGCAGGTAx,10X_17_029,Radial Glia,FOXG1,0,15,6,15,False,
10X_17_029:GATCGTAAGAGTGAGAx,10X_17_029,Immature Neuron,FOXG1,5,15,6,15,False,
10X_17_029:GATCGCGGTTTGTTTCx,10X_17_029,Radial Glia,FOXG1,3,15,6,15,False,
10X_17_029:GCAATCAAGAGTAAGGx,10X_17_029,Immature Neuron,FOXG1,6,15,6,15,True,0.6524863243103027
10X_17_029:GATCAGTAGGGTTTCTx,10X_17_029,Immature Neuron,FOXG1,4,15,6,15,False,
10X_17_029:GAGGTGATCGCATGATx,10X_17_029,Immature Neuron,FOXG1,0,15,6,15,False,
10X_17_029:GATCAGTTCCGGGTGTx,10X_17_029,Immature Neuron,FOXG1,7,15,6,15,False,
10X_17_029:GCATACAGTGCACGAAx,10X_17_029,Radial Glia,FOXG1,7,15,6,15,False,
10X_17_029:GCATGTAAGACTAGATx,10X_17_029,Radial Glia,FOXG1,7,14,6,15,False,
10X_17_029:GCACTCTGTGCAACTTx,10X_17_029,Radial Glia,FOXG1,8,14,6,15,False,
10X_17_029:GCAATCATCCGCATCTx,10X_17_029,Radial Glia,FOXG1,1,15,6,15,False,
10X_17_029:GCGAGAATCTATCCCGx,10X_17_029,Radial Glia,FOXG1,7,15,6,15,False,
10X_17_029:GCGAGAACACGACGAAx,10X_17_029,Radial Glia,FOXG1,1,15,6,15,False,
10X_17_029:GCAGCCAGTATTCTCTx,10X_17_029,Radial Glia,FOXG1,4,15,6,15,False,
10X_17_029:GCGAGAATCTCAAGTGx,10X_17_029,Immature Neuron,FOXG1,1,15,6,15,False,
10X_17_029:GGAACTTGTCCCTACTx,10X_17_029,Radial Glia,FOXG1,4,15,6,15,False,
10X_17_029:GCGCCAATCCCTAATTx,10X_17_029,Radial Glia,FOXG1,2,15,6,15,False,
10X_17_029:GCTGCTTGTCCAAGTTx,10X_17_029,Immature Neuron,FOXG1,6,15,6,15,True,0.698930561542511
10X_17_029:GCGCAGTTCCGCAAGCx,10X_17_029,Immature Neuron,FOXG1,5,15,6,15,False,
10X_17_029:GCGCCAAGTTCATGGTx,10X_17_029,Immature Neuron,FOXG1,7,15,6,15,False,
10X_17_029:GCTGGGTCACATTCGAx,10X_17_029,Immature Neuron,FOXG1,7,15,6,15,False,
10X_17_029:GGAACTTAGTGAAGAGx,10X_17_029,Immature Neuron,FOXG1,8,15,6,15,False,
10X_17_029:GCTGGGTGTCTAAACCx,10X_17_029,Immature Neuron,FOXG1,7,15,6,15,False,
10X_17_029:GGAACTTAGGATGCGTx,10X_17_029,Radial Glia,FOXG1,3,15,6,15,False,
10X_17_029:GCGGGTTGTGAACCTTx,10X_17_029,Radial Glia,FOXG1,3,14,6,15,False,
10X_17_029:GCGGGTTTCAGTACGTx,10X_17_029,Radial Glia,FOXG1,5,15,6,15,False,
10X_17_029:GGCTGGTCAAACCCATx,10X_17_029,Immature Neuron,FOXG1,3,15,6,15,False,
10X_17_029:GGAGCAACAGTACACTx,10X_17_029,Immature Neuron,FOXG1,7,15,6,15,False,
10X_17_029:GGCGACTGTGATGATAx,10X_17_029,Radial Glia,FOXG1,1,15,6,15,False,
10X_17_029:GGGAATGAGCGTAGTGx,10X_17_029,Radial Glia,FOXG1,2,15,6,15,False,
10X_17_029:GGGAATGAGTCCATACx,10X_17_029,Radial Glia,FOXG1,7,15,6,15,False,
10X_17_029:GGACGTCGTGTTTGTGx,10X_17_029,Radial Glia,FOXG1,2,15,6,15,False,
10X_17_029:GGCCGATAGCCAGAACx,10X_17_029,Radial Glia,FOXG1,6,15,6,15,True,0.721442699432373
10X_17_029:GGCAATTCACGTGAGAx,10X_17_029,Immature Neuron,FOXG1,4,15,6,15,False,
10X_17_029:GGTATTGAGCTCCTCTx,10X_17_029,Radial Glia,FOXG1,2,15,6,15,False,
10X_17_029:GGGATGACATCCAACAx,10X_17_029,Radial Glia,FOXG1,5,15,6,15,False,
10X_17_029:GGTATTGCATGATCCAx,10X_17_029,Immature Neuron,FOXG1,3,15,6,15,False,
10X_17_029:GGGCATCAGAAGGCCTx,10X_17_029,Radial Glia,FOXG1,5,15,6,15,False,
10X_17_029:GTACGTACACAACTGTx,10X_17_029,Immature Neuron,FOXG1,5,15,6,15,False,
10X_17_029:GGTATTGTCAGCGATTx,10X_17_029,Immature Neuron,FOXG1,8,15,6,15,False,
10X_17_029:GGGAGATTCATCGATGx,10X_17_029,Immature Neuron,FOXG1,3,15,6,15,False,
10X_17_029:GGGCACTCACATAACCx,10X_17_029,Immature Neuron,FOXG1,2,15,6,15,False,
10X_17_029:GTACTCCTCCGTAGTAx,10X_17_029,Radial Glia,FOXG1,3,15,6,15,False,
10X_17_029:GGGCACTAGATGTCGGx,10X_17_029,Radial Glia,FOXG1,5,15,6,15,False,
10X_17_029:GGTGAAGGTTCCATGAx,10X_17_029,Immature Neuron,FOXG1,7,15,6,15,False,
10X_17_029:GGGCACTCAGTATAAGx,10X_17_029,Radial Glia,FOXG1,0,15,6,15,False,
10X_17_029:GTCCTCAGTGAGCGATx,10X_17_029,Immature Neuron,FOXG1,4,15,6,15,False,
10X_17_029:GTCACAACAGCCAATTx,10X_17_029,Immature Neuron,FOXG1,0,15,6,15,False,
10X_17_029:GTCGGGTCACGTTGGCx,10X_17_029,Immature Neuron,FOXG1,7,15,6,15,False,
10X_17_029:GTCGGGTGTTAAGATGx,10X_17_029,Radial Glia,FOXG1,6,15,6,15,True,0.7376433610916138
10X_17_029:GTATCTTCAGACGTAGx,10X_17_029,Immature Neuron,FOXG1,2,15,6,15,False,
10X_17_029:GTCACAAGTGCGCTTGx,10X_17_029,Radial Glia,FOXG1,6,15,6,15,True,0.7049493789672852
10X_17_029:GTCCTCATCAACGCTAx,10X_17_029,Immature Neuron,FOXG1,6,15,6,15,True,0.6706584692001343
10X_17_029:GTATCTTTCGAATGGGx,10X_17_029,Immature Neuron,FOXG1,4,15,6,15,False,
10X_17_029:GTACTTTCAGTCAGAGx,10X_17_029,Immature Neuron,FOXG1,3,15,6,15,False,
10X_17_029:GTATCTTGTGTCGCTGx,10X_17_029,Immature Neuron,FOXG1,6,15,6,15,True,0.6633970737457275
10X_17_029:GTATCTTGTCCGTCAGx,10X_17_029,Immature Neuron,FOXG1,6,15,6,15,True,0.6677826642990112
10X_17_029:GTAGTCAGTTCCATGAx,10X_17_029,Immature Neuron,FOXG1,2,15,6,15,False,
10X_17_029:GTCACGGCATTGCGGCx,10X_17_029,Radial Glia,FOXG1,2,15,6,15,False,
10X_17_029:GTATCTTTCAGGCAAGx,10X_17_029,Immature Neuron,FOXG1,6,15,6,15,True,0.6758959293365479
10X_17_029:GTAGGCCAGGCCCTCAx,10X_17_029,Radial Glia,FOXG1,5,15,6,15,False,
10X_17_029:GTATTCTCAAAGTGCGx,10X_17_029,Immature Neuron,FOXG1,1,15,6,15,False,
10X_17_029:GTGTTAGTCCATGAACx,10X_17_029,Radial Glia,FOXG1,5,15,6,15,False,
10X_17_029:GTGCATATCTTTACACx,10X_17_029,Immature Neuron,FOXG1,6,15,6,15,True,0.6535397171974182
10X_17_029:GTGGGTCCACTCTGTCx,10X_17_029,Immature Neuron,FOXG1,8,15,6,15,False,
10X_17_029:GTTAAGCGTAAGTAGTx,10X_17_029,Radial Glia,FOXG1,7,14,6,15,False,
10X_17_029:GTGTTAGAGTAGGCCAx,10X_17_029,Radial Glia,FOXG1,7,15,6,15,False,
10X_17_029:GTCTTCGGTCTTCGTCx,10X_17_029,Radial Glia,FOXG1,3,15,6,15,False,
10X_17_029:GTCTCGTAGAGTACATx,10X_17_029,Immature Neuron,FOXG1,0,15,6,15,False,
10X_17_029:GTCGTAACACTTAACGx,10X_17_029,Radial Glia,FOXG1,5,15,6,15,False,
10X_17_029:GTTCATTTCTACTCATx,10X_17_029,Immature Neuron,FOXG1,4,15,6,15,False,
10X_17_029:TACCTATGTACGCTGCx,10X_17_029,Immature Neuron,FOXG1,2,15,6,15,False,
10X_17_029:TAAGTGCCAGTCGTGCx,10X_17_029,Radial Glia,FOXG1,0,14,6,15,False,
10X_17_029:TACACGAGTCTCTTATx,10X_17_029,Immature Neuron,FOXG1,5,15,6,15,False,
10X_17_029:GTTACAGGTCCAGTTAx,10X_17_029,Immature Neuron,FOXG1,4,15,6,15,False,
10X_17_029:TACACGACACGACGAAx,10X_17_029,Radial Glia,FOXG1,6,15,6,15,True,0.7523868680000305
10X_17_029:TAAACCGTCACTGGGCx,10X_17_029,Radial Glia,FOXG1,2,15,6,15,False,
10X_17_029:GTTCGGGGTACAGTGGx,10X_17_029,Immature Neuron,FOXG1,5,15,6,15,False,
10X_17_029:GTTCATTCATCGATTGx,10X_17_029,Radial Glia,FOXG1,3,15,6,15,False,
10X_17_029:TACACGACAACCGCCAx,10X_17_029,Radial Glia,FOXG1,2,15,6,15,False,
10X_17_029:TACCTTACACCGATATx,10X_17_029,Radial Glia,FOXG1,3,15,6,15,False,
10X_17_029:TACAGTGCAGTATGCTx,10X_17_029,Immature Neuron,FOXG1,6,15,6,15,True,0.6789612770080566
10X_17_029:GTTCGGGCACTGAAGGx,10X_17_029,Radial Glia,FOXG1,2,15,6,15,False,
10X_17_029:GTTCTCGAGCTGTCTAx,10X_17_029,Radial Glia,FOXG1,6,14,6,15,False,
10X_17_029:TATCAGGAGTAATCCCx,10X_17_029,Radial Glia,FOXG1,5,15,6,15,False,
10X_17_029:TATCTCATCGTATCAGx,10X_17_029,Immature Neuron,FOXG1,5,15,6,15,False,
10X_17_029:TAGACCAGTATTCTCTx,10X_17_029,Immature Neuron,FOXG1,5,15,6,15,False,
10X_17_029:TACTCATTCATGTGGTx,10X_17_029,Immature Neuron,FOXG1,7,15,6,15,False,
10X_17_029:TATCAGGAGGCCGAATx,10X_17_029,Immature Neuron,FOXG1,9,15,6,15,False,
10X_17_029:TAGACCAGTCCGAAGAx,10X_17_029,Immature Neuron,FOXG1,6,15,6,15,True,0.672351062297821
10X_17_029:TAGTGGTGTCTAGTCAx,10X_17_029,Radial Glia,FOXG1,5,15,6,15,False,
10X_17_029:TAGAGCTAGACAAGCCx,10X_17_029,Immature Neuron,FOXG1,4,15,6,15,False,
10X_17_029:TACGGATAGTTTAGGAx,10X_17_029,Immature Neuron,FOXG1,5,15,6,15,False,
10X_17_029:TACTCGCAGGAGCGTTx,10X_17_029,Immature Neuron,FOXG1,4,15,6,15,False,
10X_17_029:TACTCGCCACGTCTCTx,10X_17_029,Radial Glia,FOXG1,10,15,6,15,False,
10X_17_029:TACGGATGTCAAAGCGx,10X_17_029,Radial Glia,FOXG1,3,15,6,15,False,
10X_17_029:TACGGATTCCGAACGCx,10X_17_029,Immature Neuron,FOXG1,5,15,6,15,False,
10X_17_029:TACTTGTCACAACTGTx,10X_17_029,Radial Glia,FOXG1,3,15,6,15,False,
10X_17_029:TAGTTGGGTGCTTCTCx,10X_17_029,Radial Glia,FOXG1,7,15,6,15,False,
10X_17_029:TATTACCGTGCCTTGGx,10X_17_029,Radial Glia,FOXG1,7,15,6,15,False,
10X_17_029:TCACGAACAAGCGATGx,10X_17_029,Radial Glia,FOXG1,6,15,6,15,True,0.6783530116081238
10X_17_029:TCAACGAAGTGAAGTTx,10X_17_029,Immature Neuron,FOXG1,6,15,6,15,True,0.6770612001419067
10X_17_029:TCACAAGTCTTGCATTx,10X_17_029,Immature Neuron,FOXG1,3,15,6,15,False,
10X_17_029:TCCCGATCACGTGAGAx,10X_17_029,Radial Glia,FOXG1,5,15,6,15,False,
10X_17_029:TCATTACGTCTAACGTx,10X_17_029,Immature Neuron,FOXG1,5,15,6,15,False,
10X_17_029:TCCACACTCCACGAATx,10X_17_029,Radial Glia,FOXG1,5,15,6,15,False,
10X_17_029:TCATTACCAATGAATGx,10X_17_029,Immature Neuron,FOXG1,2,15,6,15,False,
10X_17_029:TCAGATGAGCGTAATAx,10X_17_029,Radial Glia,FOXG1,4,15,6,15,False,
10X_17_029:TCATTACTCTACTTACx,10X_17_029,Immature Neuron,FOXG1,2,15,6,15,False,
10X_17_029:TCTTTCCAGACTCGGAx,10X_17_029,Immature Neuron,FOXG1,5,15,6,15,False,
10X_17_029:TCGTACCGTAAGAGAGx,10X_17_029,Immature Neuron,FOXG1,5,15,6,15,False,
10X_17_029:TCTCTAAGTCGAACAGx,10X_17_029,Radial Glia,FOXG1,4,15,6,15,False,
10X_17_029:TCGGTAAGTCATTAGCx,10X_17_029,Radial Glia,FOXG1,2,15,6,15,False,
10X_17_029:TCGTACCTCTCGAGTAx,10X_17_029,Radial Glia,FOXG1,0,15,6,15,False,
10X_17_029:TCGTAGATCACGAAGGx,10X_17_029,Immature Neuron,FOXG1,10,15,6,15,False,
10X_17_029:TCTTTCCAGAAGGGTAx,10X_17_029,Immature Neuron,FOXG1,4,15,6,15,False,
10X_17_029:TCTTTCCAGGCAATTAx,10X_17_029,Immature Neuron,FOXG1,4,15,6,15,False,
10X_17_029:TCTCATACAAGGGTCAx,10X_17_029,Radial Glia,FOXG1,0,15,6,15,False,
10X_17_029:TCTCATAGTGCCTGTGx,10X_17_029,Immature Neuron,FOXG1,7,15,6,15,False,
10X_17_029:TCTTTCCCATCATCCCx,10X_17_029,Immature Neuron,FOXG1,4,15,6,15,False,
10X_17_029:TGCCAAAGTGTAATGAx,10X_17_029,Immature Neuron,FOXG1,6,15,6,15,True,0.6502580642700195
10X_17_029:TGACAACAGTTCGCATx,10X_17_029,Immature Neuron,FOXG1,6,15,6,15,True,0.6883189678192139
10X_17_029:TGAAAGACAATGAATGx,10X_17_029,Immature Neuron,FOXG1,4,15,6,15,False,
10X_17_029:TGAGCCGAGTGGGTTGx,10X_17_029,Radial Glia,FOXG1,6,15,6,15,True,0.7467284798622131
10X_17_029:TGACTTTCACGGTAGAx,10X_17_029,Radial Glia,FOXG1,4,15,6,15,False,
10X_17_029:TGAGCCGTCCATGAACx,10X_17_029,Radial Glia,FOXG1,0,15,6,15,False,
10X_17_029:TGAGAGGAGACACGACx,10X_17_029,Radial Glia,FOXG1,0,15,6,15,False,
10X_17_029:TGCACCTAGCGCCTCAx,10X_17_029,Immature Neuron,FOXG1,7,15,6,15,False,
10X_17_029:TGATTTCGTTTGTTTCx,10X_17_029,Radial Glia,FOXG1,7,15,6,15,False,
10X_17_029:TGACGGCCAACTGGCCx,10X_17_029,Immature Neuron,FOXG1,4,15,6,15,False,
10X_17_029:TGAGGGAGTGTAACGGx,10X_17_029,Immature Neuron,FOXG1,6,15,6,15,True,0.6697477102279663
10X_17_029:TGCGTGGCAAAGCGGTx,10X_17_029,Immature Neuron,FOXG1,7,15,6,15,False,
10X_17_029:TGGCCAGGTCCGAGTCx,10X_17_029,Radial Glia,FOXG1,7,15,6,15,False,
10X_17_029:TGCTGCTTCGTTTGCCx,10X_17_029,Radial Glia,FOXG1,5,15,6,15,False,
10X_17_029:TGCTGCTTCTAGAGTCx,10X_17_029,Immature Neuron,FOXG1,8,15,6,15,False,
10X_17_029:TGGGCGTGTTATGCGTx,10X_17_029,Radial Glia,FOXG1,2,15,6,15,False,
10X_17_029:TGCGCAGAGACCACGAx,10X_17_029,Radial Glia,FOXG1,5,15,6,15,False,
10X_17_029:TGGTTAGAGGAGTTTAx,10X_17_029,Immature Neuron,FOXG1,0,15,6,15,False,
10X_17_029:TGGCTGGCAGGGTTAGx,10X_17_029,Radial Glia,FOXG1,0,15,6,15,False,
10X_17_029:TGCCCTAGTCAAACTCx,10X_17_029,Radial Glia,FOXG1,7,15,6,15,False,
10X_17_029:TGCTGCTGTGAGTATAx,10X_17_029,Radial Glia,FOXG1,5,15,6,15,False,
10X_17_029:TGCGTGGTCTACTATCx,10X_17_029,Radial Glia,FOXG1,6,15,6,15,True,0.7199970483779907
10X_17_029:TGGACGCGTCCTGCTTx,10X_17_029,Immature Neuron,FOXG1,6,15,6,15,True,0.6750593781471252
10X_17_029:TGTGTTTTCTGCGTAAx,10X_17_029,Radial Glia,FOXG1,1,15,6,15,False,
10X_17_029:TTAGGACAGGTGGGTTx,10X_17_029,Radial Glia,FOXG1,7,15,6,15,False,
10X_17_029:TGTGGTAAGACCTAGGx,10X_17_029,Immature Neuron,FOXG1,6,15,6,15,True,0.6504775285720825
10X_17_029:TTCCCAGCAGGGTATGx,10X_17_029,Immature Neuron,FOXG1,2,15,6,15,False,
10X_17_029:TTAGTTCAGATACACAx,10X_17_029,Radial Glia,FOXG1,4,15,6,15,False,
10X_17_029:TGTTCCGTCCTATTCAx,10X_17_029,Radial Glia,FOXG1,8,15,6,15,False,
10X_17_029:TGTCCCACATCCGTGGx,10X_17_029,Immature Neuron,FOXG1,0,15,6,15,False,
10X_17_029:TGTTCCGAGTCCATACx,10X_17_029,Immature Neuron,FOXG1,5,15,6,15,False,
10X_17_029:TTAGGCAAGCAGCGTAx,10X_17_029,Radial Glia,FOXG1,4,15,6,15,False,
10X_17_029:TTAGTTCAGTCCGGTCx,10X_17_029,Radial Glia,FOXG1,1,15,6,15,False,
10X_17_029:TTAGTTCCAAACCTACx,10X_17_029,Radial Glia,FOXG1,7,15,6,15,False,
10X_17_029:TTCCCAGGTACCGCTGx,10X_17_029,Immature Neuron,FOXG1,4,15,6,15,False,
10X_17_029:TGTGGTAGTTGCGTTAx,10X_17_029,Immature Neuron,FOXG1,0,15,6,15,False,
10X_17_029:TTCGAAGAGACAAGCCx,10X_17_029,Radial Glia,FOXG1,4,14,6,15,False,
10X_17_029:TGTCCCATCAGCGATTx,10X_17_029,Radial Glia,FOXG1,6,15,6,15,True,0.6840377449989319
10X_17_029:TGTCCCACATACTCTTx,10X_17_029,Radial Glia,FOXG1,1,15,6,15,False,
10X_17_029:TGTATTCTCACGCGGTx,10X_17_029,Radial Glia,FOXG1,7,15,6,15,False,
10X_17_029:TTCTACATCAGTGCATx,10X_17_029,Immature Neuron,FOXG1,2,15,6,15,False,
10X_17_029:TTGGAACAGCGACGTAx,10X_17_029,Radial Glia,FOXG1,0,15,6,15,False,
10X_17_029:TTCTACAAGTTAAGTGx,10X_17_029,Immature Neuron,FOXG1,5,15,6,15,False,
10X_17_029:TTCTCCTTCAGGCAAGx,10X_17_029,Immature Neuron,FOXG1,9,15,6,15,False,
10X_17_029:TTGGCAAAGACACGACx,10X_17_029,Radial Glia,FOXG1,5,15,6,15,False,
10X_17_029:TTGCGTCAGACACGACx,10X_17_029,Radial Glia,FOXG1,4,15,6,15,False,
10X_17_029:TTCTACAGTCCGCTGAx,10X_17_029,Immature Neuron,FOXG1,7,15,6,15,False,
10X_17_029:TTGGAACTCTGCTGTCx,10X_17_029,Immature Neuron,FOXG1,5,15,6,15,False,
10X_17_029:TTCTTAGGTTCCACAAx,10X_17_029,Immature Neuron,FOXG1,2,15,6,15,False,
10X_17_029:TTCTTAGAGACGACGTx,10X_17_029,Immature Neuron,FOXG1,5,15,6,15,False,
10X_17_029:TTCTCCTGTTACAGAAx,10X_17_029,Radial Glia,FOXG1,3,14,6,15,False,
10X_17_029:TTGGAACCATATGGTCx,10X_17_029,Radial Glia,FOXG1,3,15,6,15,False,
10X_17_029:TTCGGTCAGCTCCTTCx,10X_17_029,Radial Glia,FOXG1,0,15,6,15,False,
10X_17_029:TTGTAGGTCCAGAGGAx,10X_17_029,Immature Neuron,FOXG1,7,15,6,15,False,
10X_17_029:TTGTAGGAGGATATACx,10X_17_029,Immature Neuron,FOXG1,2,15,6,15,False,
10X_17_029:TTTCCTCCAGATGGGTx,10X_17_029,Radial Glia,FOXG1,5,15,6,15,False,
10X_17_029:TTTACTGTCTTTACACx,10X_17_029,Immature Neuron,FOXG1,4,15,6,15,False,
10X_17_029:TTTGGTTAGATGGCGTx,10X_17_029,Radial Glia,FOXG1,8,15,6,15,False,
10X_17_029:TTTATGCAGCTCAACTx,10X_17_029,Radial Glia,FOXG1,0,15,6,15,False,
10X_17_029:TTTATGCGTTGCGCACx,10X_17_029,Radial Glia,FOXG1,5,15,6,15,False,
10X_17_029:TTTCCTCCAGTCCTTCx,10X_17_029,Radial Glia,FOXG1,7,15,6,15,False,
10X_17_029:TTTGCGCCACAGATTCx,10X_17_029,Radial Glia,FOXG1,3,15,6,15,False,
10X_17_028:AACCATGGTAATCACCx,10X_17_028,Neuroblast,PAX6,12,15,11,15,False,
10X_17_028:AACCATGCATACTACGx,10X_17_028,Neuroblast,PAX6,14,15,11,15,False,
10X_17_028:AAACCTGGTAAAGGAGx,10X_17_028,Radial Glia,PAX6,14,15,11,15,False,
10X_17_028:AAAGTAGCAAAGTCAAx,10X_17_028,Radial Glia,PAX6,13,15,11,15,False,
10X_17_028:AAAGCAACAAACGCGAx,10X_17_028,Neuroblast,PAX6,12,15,11,15,False,
10X_17_028:AAACCTGCACGGTTTAx,10X_17_028,Neuroblast,PAX6,6,14,11,15,False,
10X_17_028:AAACCTGTCCTAGTGAx,10X_17_028,Radial Glia,PAX6,11,15,11,15,True,0.926082730293274
10X_17_028:AAACGGGTCTGCGTAAx,10X_17_028,Radial Glia,PAX6,12,15,11,15,False,
10X_17_028:AAACCTGGTCTCATCCx,10X_17_028,Radial Glia,PAX6,11,15,11,15,True,0.8538081645965576
10X_17_028:AAAGATGGTTACCGATx,10X_17_028,Neuroblast,PAX6,12,15,11,15,False,
10X_17_028:AAATGCCGTAGCGCTCx,10X_17_028,Radial Glia,PAX6,11,15,11,15,True,0.8991479873657227
10X_17_028:AACACGTGTCGAATCTx,10X_17_028,Neuroblast,PAX6,11,15,11,15,True,0.7969547510147095
10X_17_028:AAAGTAGTCCGCGGTAx,10X_17_028,Radial Glia,PAX6,12,15,11,15,False,
10X_17_028:AAACGGGGTGTAATGAx,10X_17_028,Neuroblast,PAX6,11,15,11,15,True,0.7336608171463013
10X_17_028:AAATGCCAGTCAATAGx,10X_17_028,Radial Glia,PAX6,13,15,11,15,False,
10X_17_028:AACTCAGAGAGTTGGCx,10X_17_028,Radial Glia,PAX6,13,15,11,15,False,
10X_17_028:AACTCAGGTAATTGGAx,10X_17_028,Radial Glia,PAX6,12,15,11,15,False,
10X_17_028:AACTCAGCATGCTAGTx,10X_17_028,Neuroblast,PAX6,10,15,11,15,False,
10X_17_028:AAGACCTTCTGAAAGAx,10X_17_028,Radial Glia,PAX6,8,15,11,15,False,
10X_17_028:AACTTTCGTTACCGATx,10X_17_028,Radial Glia,PAX6,12,15,11,15,False,
10X_17_028:AACGTTGGTGACGGTAx,10X_17_028,Radial Glia,PAX6,13,15,11,15,False,
10X_17_028:AACTTTCTCCTCTAGCx,10X_17_028,Radial Glia,PAX6,13,15,11,15,False,
10X_17_028:ACACCCTAGTAGCCGAx,10X_17_028,Radial Glia,PAX6,12,15,11,15,False,
10X_17_028:AAGTCTGGTCCAACTAx,10X_17_028,Neuroblast,PAX6,13,15,11,15,False,
10X_17_028:ACACCCTGTCTTCGTCx,10X_17_028,Radial Glia,PAX6,13,15,11,15,False,
10X_17_028:AAGCCGCGTACCATCAx,10X_17_028,Radial Glia,PAX6,12,15,11,15,False,
10X_17_028:AAGTCTGCATCCTAGAx,10X_17_028,Neuroblast,PAX6,11,15,11,15,True,0.7491538524627686
10X_17_028:ACACCCTGTCCAGTTAx,10X_17_028,Radial Glia,PAX6,12,15,11,15,False,
10X_17_028:AAGGCAGGTAACGCGAx,10X_17_028,Radial Glia,PAX6,11,15,11,15,True,0.9191359877586364
10X_17_028:AAGGAGCGTTGGTTTGx,10X_17_028,Neuroblast,PAX6,5,12,11,15,False,
10X_17_028:AAGGCAGCATTAGGCTx,10X_17_028,Radial Glia,PAX6,12,15,11,15,False,
10X_17_028:ACATACGGTTGGTGGAx,10X_17_028,Neuroblast,PAX6,8,12,11,15,False,
10X_17_028:ACAGCCGCACTAGTACx,10X_17_028,Radial Glia,PAX6,11,15,11,15,True,0.8874495625495911
10X_17_028:ACCAGTAAGGCCCGTTx,10X_17_028,Radial Glia,PAX6,13,15,11,15,False,
10X_17_028:ACCAGTAGTAGCTGCCx,10X_17_028,Radial Glia,PAX6,12,15,11,15,False,
10X_17_028:ACCAGTATCTGTCCGTx,10X_17_028,Radial Glia,PAX6,10,15,11,15,False,
10X_17_028:ACATACGTCTCTTGATx,10X_17_028,Radial Glia,PAX6,12,15,11,15,False,
10X_17_028:ACACCGGTCTTGCCGTx,10X_17_028,Neuroblast,PAX6,11,15,11,15,True,0.7118245363235474
10X_17_028:ACACCGGAGCGATCCCx,10X_17_028,Radial Glia,PAX6,14,15,11,15,False,
10X_17_028:ACGCAGCGTAGTGAATx,10X_17_028,Radial Glia,PAX6,12,15,11,15,False,
10X_17_028:ACGCAGCGTCTTGTCCx,10X_17_028,Radial Glia,PAX6,13,15,11,15,False,
10X_17_028:ACGAGCCCAAGTCTGTx,10X_17_028,Radial Glia,PAX6,12,15,11,15,False,
10X_17_028:ACGATACTCCATGAACx,10X_17_028,Radial Glia,PAX6,12,15,11,15,False,
10X_17_028:ACGATGTGTTGTCGCGx,10X_17_028,Radial Glia,PAX6,12,15,11,15,False,
10X_17_028:ACGATACGTAAGCACGx,10X_17_028,Radial Glia,PAX6,13,15,11,15,False,
10X_17_028:ACGCCAGAGCTGCGAAx,10X_17_028,Radial Glia,PAX6,10,15,11,15,False,
10X_17_028:ACGATGTAGGCTAGACx,10X_17_028,Neuroblast,PAX6,11,15,11,15,True,0.8060691356658936
10X_17_028:ACGATACCAACGATCTx,10X_17_028,Radial Glia,PAX6,12,15,11,15,False,
10X_17_028:ACCCACTGTAGATTAGx,10X_17_028,Radial Glia,PAX6,13,15,11,15,False,
10X_17_028:ACCCACTCATTATCTCx,10X_17_028,Neuroblast,PAX6,13,15,11,15,False,
10X_17_028:ACGAGCCCAGATGGCAx,10X_17_028,Neuroblast,PAX6,7,15,11,15,False,
10X_17_028:ACGGCCAGTTCGCTAAx,10X_17_028,Radial Glia,PAX6,12,15,11,15,False,
10X_17_028:ACGGGCTGTCAAACTCx,10X_17_028,Neuroblast,PAX6,7,14,11,15,False,
10X_17_028:ACGGCCACACAGGCCTx,10X_17_028,Neuroblast,PAX6,12,15,11,15,False,
10X_17_028:ACGGGCTCACGGTGTCx,10X_17_028,Neuroblast,PAX6,10,15,11,15,False,
10X_17_028:ACGCCGATCTTTCCTCx,10X_17_028,Radial Glia,PAX6,8,15,11,15,False,
10X_17_028:ACGCCAGAGTGCCATTx,10X_17_028,Neuroblast,PAX6,9,14,11,15,False,
10X_17_028:ACGGGCTCATCGTCGGx,10X_17_028,Radial Glia,PAX6,12,15,11,15,False,
10X_17_028:ACGGGTCCATTGTGCAx,10X_17_028,Radial Glia,PAX6,12,15,11,15,False,
10X_17_028:ACGTCAAAGTCGTACTx,10X_17_028,Neuroblast,PAX6,12,15,11,15,False,
10X_17_028:ACGCCAGCATTCTTACx,10X_17_028,Radial Glia,PAX6,12,15,11,15,False,
10X_17_028:ACGGGTCGTCTACCTCx,10X_17_028,Neuroblast,PAX6,13,15,11,15,False,
10X_17_028:ACGGCCAAGTCGTACTx,10X_17_028,Neuroblast,PAX6,11,15,11,15,True,0.8053526878356934
10X_17_028:ACGCCAGCATCGTCGGx,10X_17_028,Radial Glia,PAX6,13,15,11,15,False,
10X_17_028:ACGGGCTGTACAGACGx,10X_17_028,Radial Glia,PAX6,12,15,11,15,False,
10X_17_028:ACGTCAAGTACAGTTCx,10X_17_028,Neuroblast,PAX6,12,15,11,15,False,
10X_17_028:ACTTACTAGATCCGAGx,10X_17_028,Radial Glia,PAX6,13,15,11,15,False,
10X_17_028:ACTGTCCGTCCATGATx,10X_17_028,Radial Glia,PAX6,13,15,11,15,False,
10X_17_028:ACTGCTCTCTGCGACGx,10X_17_028,Neuroblast,PAX6,12,15,11,15,False,
10X_17_028:ACTGTCCTCTCTGTCGx,10X_17_028,Radial Glia,PAX6,13,15,11,15,False,
10X_17_028:AGAATAGGTTACGCGCx,10X_17_028,Radial Glia,PAX6,12,15,11,15,False,
10X_17_028:AGAATAGTCTTAGCCCx,10X_17_028,Radial Glia,PAX6,11,15,11,15,True,0.8144596815109253
10X_17_028:AGAATAGAGGCTACGAx,10X_17_028,Radial Glia,PAX6,12,15,11,15,False,
10X_17_028:ACTGTCCGTCCAGTTAx,10X_17_028,Radial Glia,PAX6,10,15,11,15,False,
10X_17_028:ACTTGTTGTTAAGACAx,10X_17_028,Neuroblast,PAX6,13,15,11,15,False,
10X_17_028:ACTGTCCAGAGCCTAGx,10X_17_028,Neuroblast,PAX6,12,15,11,15,False,
10X_17_028:AGAGCGAGTAAACGCGx,10X_17_028,Neuroblast,PAX6,6,12,11,15,False,
10X_17_028:AGACGTTCAAACGCGAx,10X_17_028,Radial Glia,PAX6,14,15,11,15,False,
10X_17_028:AGCCTAAGTTGCCTCTx,10X_17_028,Neuroblast,PAX6,11,15,11,15,True,0.7530432939529419
10X_17_028:AGAGCTTCACGTGAGAx,10X_17_028,Radial Glia,PAX6,13,15,11,15,False,
10X_17_028:AGCGGTCGTCCGACGTx,10X_17_028,Radial Glia,PAX6,14,15,11,15,False,
10X_17_028:AGACGTTAGGCAGGTTx,10X_17_028,Radial Glia,PAX6,11,15,11,15,True,0.9257764220237732
10X_17_028:AGATTGCTCTGCGGCAx,10X_17_028,Radial Glia,PAX6,13,15,11,15,False,
10X_17_028:AGATTGCAGAACTCGGx,10X_17_028,Neuroblast,PAX6,12,15,11,15,False,
10X_17_028:AGACGTTAGTCCCACGx,10X_17_028,Radial Glia,PAX6,12,15,11,15,False,
10X_17_028:AGCAGCCCAGTATGCTx,10X_17_028,Radial Glia,PAX6,12,15,11,15,False,
10X_17_028:AGCGTCGAGCAATCTCx,10X_17_028,Radial Glia,PAX6,11,15,11,15,True,0.8278770446777344
10X_17_028:AGGGAGTCACGCGAAAx,10X_17_028,Radial Glia,PAX6,13,15,11,15,False,
10X_17_028:AGCTCCTGTCACACGCx,10X_17_028,Radial Glia,PAX6,11,15,11,15,True,0.8684409260749817
10X_17_028:AGGGAGTTCGCTTAGAx,10X_17_028,Neuroblast,PAX6,13,15,11,15,False,
10X_17_028:AGCTCCTCATTCGACAx,10X_17_028,Neuroblast,PAX6,12,15,11,15,False,
10X_17_028:AGCTCTCGTTAGAACAx,10X_17_028,Radial Glia,PAX6,13,15,11,15,False,
10X_17_028:AGCGTATAGGGCTTCCx,10X_17_028,Radial Glia,PAX6,12,15,11,15,False,
10X_17_028:AGGGAGTAGTCACGCCx,10X_17_028,Neuroblast,PAX6,10,15,11,15,False,
10X_17_028:AGGTCATCAGCGAACAx,10X_17_028,Radial Glia,PAX6,13,15,11,15,False,
10X_17_028:AGGGATGCACTGCCAGx,10X_17_028,Neuroblast,PAX6,10,15,11,15,False,
10X_17_028:AGGTCCGTCATTGCCCx,10X_17_028,Neuroblast,PAX6,11,15,11,15,True,0.7313675284385681
10X_17_028:AGGTCCGGTGGGTCAAx,10X_17_028,Radial Glia,PAX6,13,15,11,15,False,
10X_17_028:AGGGTGATCAGGCCCAx,10X_17_028,Neuroblast,PAX6,13,15,11,15,False,
10X_17_028:AGTAGTCCATGGAATAx,10X_17_028,Neuroblast,PAX6,10,15,11,15,False,
10X_17_028:AGTGAGGAGTACGACGx,10X_17_028,Radial Glia,PAX6,12,15,11,15,False,
10X_17_028:AGTGGGACAGTACACTx,10X_17_028,Radial Glia,PAX6,14,15,11,15,False,
10X_17_028:AGGGTGAAGTACGACGx,10X_17_028,Neuroblast,PAX6,10,15,11,15,False,
10X_17_028:AGTCTTTCAGTCGTGCx,10X_17_028,Radial Glia,PAX6,13,15,11,15,False,
10X_17_028:ATAACGCCAGATAATGx,10X_17_028,Radial Glia,PAX6,12,15,11,15,False,
10X_17_028:ATCATCTTCTGTCAAGx,10X_17_028,Radial Glia,PAX6,13,15,11,15,False,
10X_17_028:ATCATGGAGCCACCTGx,10X_17_028,Neuroblast,PAX6,9,15,11,15,False,
10X_17_028:ATCCACCCACCAACCGx,10X_17_028,Neuroblast,PAX6,12,15,11,15,False,
10X_17_028:ATAGACCAGGAGTACCx,10X_17_028,Radial Glia,PAX6,13,15,11,15,False,
10X_17_028:ATCATCTCAATGCCATx,10X_17_028,Neuroblast,PAX6,13,15,11,15,False,
10X_17_028:ATCATGGTCCTCAATTx,10X_17_028,Radial Glia,PAX6,12,15,11,15,False,
10X_17_028:ATCATCTGTCTACCTCx,10X_17_028,Radial Glia,PAX6,12,15,11,15,False,
10X_17_028:ATCCACCTCTTGCATTx,10X_17_028,Neuroblast,PAX6,8,15,11,15,False,
10X_17_028:AGTTGGTTCGAGGTAGx,10X_17_028,Neuroblast,PAX6,12,15,11,15,False,
10X_17_028:ATCACGAGTGACTCATx,10X_17_028,Neuroblast,PAX6,10,15,11,15,False,
10X_17_028:ATCATCTCATCCTTGCx,10X_17_028,Radial Glia,PAX6,12,15,11,15,False,
10X_17_028:ATAACGCAGCTGAAATx,10X_17_028,Radial Glia,PAX6,13,15,11,15,False,
10X_17_028:ATCCGAAGTTTGTTGGx,10X_17_028,Radial Glia,PAX6,10,15,11,15,False,
10X_17_028:ATCTACTAGAAACCTAx,10X_17_028,Radial Glia,PAX6,12,15,11,15,False,
10X_17_028:ATCTACTTCGAGAGCAx,10X_17_028,Radial Glia,PAX6,12,15,11,15,False,
10X_17_028:ATCGAGTGTCCAACTAx,10X_17_028,Radial Glia,PAX6,13,15,11,15,False,
10X_17_028:ATCCGAACAAGTTCTGx,10X_17_028,Radial Glia,PAX6,11,15,11,15,True,0.8727818727493286
10X_17_028:ATCGAGTCATTTCAGGx,10X_17_028,Neuroblast,PAX6,10,15,11,15,False,
10X_17_028:ATTACTCGTGTTTGTGx,10X_17_028,Radial Glia,PAX6,13,15,11,15,False,
10X_17_028:ATCTACTGTTCGCTAAx,10X_17_028,Neuroblast,PAX6,12,15,11,15,False,
10X_17_028:ATCTACTAGGTGCAACx,10X_17_028,Radial Glia,PAX6,13,15,11,15,False,
10X_17_028:ATGCGATGTGCGGTAAx,10X_17_028,Radial Glia,PAX6,13,15,11,15,False,
10X_17_028:ATTGGTGCATATGGTCx,10X_17_028,Neuroblast,PAX6,12,15,11,15,False,
10X_17_028:CAACCTCAGTCGCCGTx,10X_17_028,Radial Glia,PAX6,13,15,11,15,False,
10X_17_028:ATTCTACGTCGCTTCTx,10X_17_028,Neuroblast,PAX6,9,14,11,15,False,
10X_17_028:ATTGGACCATCCGCGAx,10X_17_028,Neuroblast,PAX6,11,15,11,15,True,0.7271459698677063
10X_17_028:CAACCTCTCGCGCCAAx,10X_17_028,Radial Glia,PAX6,12,15,11,15,False,
10X_17_028:ATTCTACGTTGCCTCTx,10X_17_028,Radial Glia,PAX6,11,15,11,15,True,0.8718609809875488
10X_17_028:CAACCTCCATCACAACx,10X_17_028,Radial Glia,PAX6,13,15,11,15,False,
10X_17_028:CAACTAGCAGGAATCGx,10X_17_028,Radial Glia,PAX6,12,15,11,15,False,
10X_17_028:ATTGGACTCCGGCACAx,10X_17_028,Radial Glia,PAX6,13,15,11,15,False,
10X_17_028:CACACTCAGCTGATAAx,10X_17_028,Neuroblast,PAX6,4,12,11,15,False,
10X_17_028:CACACTCCAAAGGCGTx,10X_17_028,Neuroblast,PAX6,12,15,11,15,False,
10X_17_028:CACAAACCAGCCTTTCx,10X_17_028,Neuroblast,PAX6,12,15,11,15,False,
10X_17_028:CACACAAAGAAGGTGAx,10X_17_028,Radial Glia,PAX6,12,15,11,15,False,
10X_17_028:CAAGGCCAGGAGTTGCx,10X_17_028,Radial Glia,PAX6,12,15,11,15,False,
10X_17_028:CAAGGCCTCCAAACTGx,10X_17_028,Radial Glia,PAX6,13,15,11,15,False,
10X_17_028:CACACAAGTCGATTGTx,10X_17_028,Radial Glia,PAX6,12,15,11,15,False,
10X_17_028:CAAGGCCCACCCTATCx,10X_17_028,Radial Glia,PAX6,11,15,11,15,True,0.8302463889122009
10X_17_028:CAAGAAAGTTATGTGCx,10X_17_028,Neuroblast,PAX6,13,15,11,15,False,
10X_17_028:CACACAAGTGCGAAACx,10X_17_028,Neuroblast,PAX6,8,15,11,15,False,
10X_17_028:CACAAACTCGCCGTGAx,10X_17_028,Radial Glia,PAX6,13,15,11,15,False,
10X_17_028:CACCTTGTCATAACCGx,10X_17_028,Radial Glia,PAX6,11,15,11,15,True,0.8997097611427307
10X_17_028:CACATTTCAATAGAGTx,10X_17_028,Radial Glia,PAX6,12,15,11,15,False,
10X_17_028:CACAGTAAGGGTATCGx,10X_17_028,Radial Glia,PAX6,12,15,11,15,False,
10X_17_028:CACAGGCTCCGAAGAGx,10X_17_028,Neuroblast,PAX6,11,15,11,15,True,0.7284404635429382
10X_17_028:CACATTTCAGGACGTAx,10X_17_028,Neuroblast,PAX6,9,15,11,15,False,
10X_17_028:CACATTTAGACAGAGAx,10X_17_028,Radial Glia,PAX6,12,15,11,15,False,
10X_17_028:CACAGGCCAGGATCGAx,10X_17_028,Radial Glia,PAX6,11,15,11,15,True,0.9001779556274414
10X_17_028:CACAGGCGTCTAGAGGx,10X_17_028,Neuroblast,PAX6,9,15,11,15,False,
10X_17_028:CAGAGAGTCGTCCAGGx,10X_17_028,Radial Glia,PAX6,11,15,11,15,True,0.9516375064849854
10X_17_028:CAGCATAAGACTTGAAx,10X_17_028,Neuroblast,PAX6,10,15,11,15,False,
10X_17_028:CAGCATAAGCTGCCCAx,10X_17_028,Neuroblast,PAX6,12,15,11,15,False,
10X_17_028:CAGCTAATCTTAGAGCx,10X_17_028,Neuroblast,PAX6,14,15,11,15,False,
10X_17_028:CAGAATCCATGGGACAx,10X_17_028,Radial Glia,PAX6,12,15,11,15,False,
10X_17_028:CAGCATATCTTCTGGCx,10X_17_028,Radial Glia,PAX6,13,15,11,15,False,
10X_17_028:CAGATCAGTTGGTGGAx,10X_17_028,Neuroblast,PAX6,14,15,11,15,False,
10X_17_028:CAGCTAACAATCTGCAx,10X_17_028,Radial Glia,PAX6,11,15,11,15,True,0.8641321063041687
10X_17_028:CAGAATCTCTACTATCx,10X_17_028,Neuroblast,PAX6,12,15,11,15,False,
10X_17_028:CAGAATCCATCTCGCTx,10X_17_028,Neuroblast,PAX6,12,15,11,15,False,
10X_17_028:CAGATCATCACCGGGTx,10X_17_028,Radial Glia,PAX6,12,15,11,15,False,
10X_17_028:CAGCTGGTCAGCTGGCx,10X_17_028,Neuroblast,PAX6,5,13,11,15,False,
10X_17_028:CATCAGATCGCATGATx,10X_17_028,Neuroblast,PAX6,11,15,11,15,True,0.7136255502700806
10X_17_028:CAGGTGCTCTGAGGGAx,10X_17_028,Radial Glia,PAX6,11,15,11,15,True,0.8726310133934021
10X_17_028:CAGTCCTCAACGATCTx,10X_17_028,Neuroblast,PAX6,8,15,11,15,False,
10X_17_028:CAGGTGCTCCCTAATTx,10X_17_028,Radial Glia,PAX6,11,15,11,15,True,0.8967331051826477
10X_17_028:CATGGCGTCTGTCAAGx,10X_17_028,Radial Glia,PAX6,13,15,11,15,False,
10X_17_028:CATTCGCAGTCGATAAx,10X_17_028,Neuroblast,PAX6,12,15,11,15,False,
10X_17_028:CATTATCAGTATCGAAx,10X_17_028,Radial Glia,PAX6,10,15,11,15,False,
10X_17_028:CATCCACCAAGGTTCTx,10X_17_028,Neuroblast,PAX6,11,15,11,15,True,0.738669216632843
10X_17_028:CATGCCTAGACAAGCCx,10X_17_028,Radial Glia,PAX6,12,15,11,15,False,
10X_17_028:CCCAGTTGTGAGGGTTx,10X_17_028,Neuroblast,PAX6,12,15,11,15,False,
10X_17_028:CCACTACTCGTTACGAx,10X_17_028,Radial Glia,PAX6,13,15,11,15,False,
10X_17_028:CCCAGTTTCAACACGTx,10X_17_028,Radial Glia,PAX6,12,15,11,15,False,
10X_17_028:CCACTACGTACTCTCCx,10X_17_028,Radial Glia,PAX6,11,15,11,15,True,0.9038047194480896
10X_17_028:CCCAATCTCCAAAGTCx,10X_17_028,Radial Glia,PAX6,10,15,11,15,False,
10X_17_028:CCAATCCGTACTCGCGx,10X_17_028,Neuroblast,PAX6,12,15,11,15,False,
10X_17_028:CCATGTCTCCGAAGAGx,10X_17_028,Radial Glia,PAX6,12,15,11,15,False,
10X_17_028:CCACTACCATGTCTCCx,10X_17_028,Neuroblast,PAX6,12,15,11,15,False,
10X_17_028:CCCAGTTGTAAGTTCCx,10X_17_028,Neuroblast,PAX6,11,15,11,15,True,0.803415060043335
10X_17_028:CCCAATCTCGGTGTTAx,10X_17_028,Radial Glia,PAX6,13,15,11,15,False,
10X_17_028:CCCATACTCCAGTAGTx,10X_17_028,Neuroblast,PAX6,10,14,11,15,False,
10X_17_028:CCGGTAGAGCAATCTCx,10X_17_028,Radial Glia,PAX6,12,15,11,15,False,
10X_17_028:CCGTACTTCTGCAAGTx,10X_17_028,Radial Glia,PAX6,13,15,11,15,False,
10X_17_028:CCGGTAGGTGAGGCTAx,10X_17_028,Radial Glia,PAX6,13,15,11,15,False,
10X_17_028:CCCATACAGAAACCGCx,10X_17_028,Radial Glia,PAX6,13,15,11,15,False,
10X_17_028:CCCTCCTCATATGAGAx,10X_17_028,Neuroblast,PAX6,12,15,11,15,False,
10X_17_028:CCTTCCCTCTGCGGCAx,10X_17_028,Neuroblast,PAX6,12,15,11,15,False,
10X_17_028:CCTCAGTAGAGTAAGGx,10X_17_028,Neuroblast,PAX6,5,14,11,15,False,
10X_17_028:CCTATTACAATAGAGTx,10X_17_028,Radial Glia,PAX6,10,15,11,15,False,
10X_17_028:CCTTCCCGTGATGTCTx,10X_17_028,Neuroblast,PAX6,11,15,11,15,True,0.7153865098953247
10X_17_028:CCTAAAGAGTTGCAGGx,10X_17_028,Radial Glia,PAX6,13,15,11,15,False,
10X_17_028:CCTTCCCAGTTAGCGGx,10X_17_028,Radial Glia,PAX6,14,15,11,15,False,
10X_17_028:CCTTCCCGTGACTCATx,10X_17_028,Radial Glia,PAX6,13,15,11,15,False,
10X_17_028:CCTAGCTAGTCCATACx,10X_17_028,Radial Glia,PAX6,10,15,11,15,False,
10X_17_028:CCTTTCTCATATACCGx,10X_17_028,Neuroblast,PAX6,12,13,11,15,False,
10X_17_028:CGAATGTAGGTGCTTTx,10X_17_028,Neuroblast,PAX6,11,15,11,15,True,0.775164783000946
10X_17_028:CGAGCACAGAGGTACCx,10X_17_028,Radial Glia,PAX6,12,15,11,15,False,
10X_17_028:CGAGAAGCAAGTCATCx,10X_17_028,Radial Glia,PAX6,14,15,11,15,False,
10X_17_028:CGAATGTTCAGCTGGCx,10X_17_028,Radial Glia,PAX6,10,15,11,15,False,
10X_17_028:CGAACATTCAGGCGAAx,10X_17_028,Radial Glia,PAX6,13,15,11,15,False,
10X_17_028:CCTTTCTTCCCTCTTTx,10X_17_028,Neuroblast,PAX6,9,15,11,15,False,
10X_17_028:CGATCGGAGTGGGTTGx,10X_17_028,Radial Glia,PAX6,13,15,11,15,False,
10X_17_028:CGCCAAGAGCCACTATx,10X_17_028,Radial Glia,PAX6,13,15,11,15,False,
10X_17_028:CGCGGTATCAGGTTCAx,10X_17_028,Radial Glia,PAX6,14,15,11,15,False,
10X_17_028:CGATTGATCAGGTAAAx,10X_17_028,Neuroblast,PAX6,12,15,11,15,False,
10X_17_028:CGCGGTACACAAGTAAx,10X_17_028,Radial Glia,PAX6,13,15,11,15,False,
10X_17_028:CGAGCCACAGTCACTAx,10X_17_028,Radial Glia,PAX6,13,15,11,15,False,
10X_17_028:CGGAGTCAGCCCTAATx,10X_17_028,Radial Glia,PAX6,13,15,11,15,False,
10X_17_028:CGGACGTGTACCGAGAx,10X_17_028,Radial Glia,PAX6,12,15,11,15,False,
10X_17_028:CGCTGGATCAAAGACAx,10X_17_028,Neuroblast,PAX6,12,15,11,15,False,
10X_17_028:CGCTTCATCCTGTAGAx,10X_17_028,Radial Glia,PAX6,13,15,11,15,False,
10X_17_028:CGCTGGAGTCTTCGTCx,10X_17_028,Neuroblast,PAX6,10,15,11,15,False,
10X_17_028:CGCTTCAGTCCGACGTx,10X_17_028,Neuroblast,PAX6,6,13,11,15,False,
10X_17_028:CGGACTGCACCACCAGx,10X_17_028,Radial Glia,PAX6,13,15,11,15,False,
10X_17_028:CGGCTAGCAATCGAAAx,10X_17_028,Neuroblast,PAX6,10,15,11,15,False,
10X_17_028:CGTAGCGTCGTCCAGGx,10X_17_028,Neuroblast,PAX6,12,15,11,15,False,
10X_17_028:CGTAGGCGTATGAATGx,10X_17_028,Neuroblast,PAX6,14,15,11,15,False,
10X_17_028:CGTAGGCAGCCCAATTx,10X_17_028,Radial Glia,PAX6,12,15,11,15,False,
10X_17_028:CGTAGCGCAAACGCGAx,10X_17_028,Radial Glia,PAX6,13,15,11,15,False,
10X_17_028:CGGCTAGTCATGTGGTx,10X_17_028,Neuroblast,PAX6,12,15,11,15,False,
10X_17_028:CGTCAGGCACAACTGTx,10X_17_028,Radial Glia,PAX6,9,15,11,15,False,
10X_17_028:CGTCCATGTTGATTGCx,10X_17_028,Neuroblast,PAX6,11,15,11,15,True,0.8720067143440247
10X_17_028:CGGTTAATCCAAACACx,10X_17_028,Neuroblast,PAX6,7,15,11,15,False,
10X_17_028:CGTAGGCGTCCCGACAx,10X_17_028,Neuroblast,PAX6,12,15,11,15,False,
10X_17_028:CGGTTAACATACTACGx,10X_17_028,Neuroblast,PAX6,13,15,11,15,False,
10X_17_028:CGTTAGATCGTGGGAAx,10X_17_028,Radial Glia,PAX6,13,15,11,15,False,
10X_17_028:CGTTAGAAGCCTCGTGx,10X_17_028,Neuroblast,PAX6,12,15,11,15,False,
10X_17_028:CTAACTTAGACAAGCCx,10X_17_028,Neuroblast,PAX6,11,15,11,15,True,0.7127985954284668
10X_17_028:CGTGAGCAGCCACGCTx,10X_17_028,Radial Glia,PAX6,14,15,11,15,False,
10X_17_028:CGTCTACAGACATAACx,10X_17_028,Radial Glia,PAX6,13,15,11,15,False,
10X_17_028:CGTTAGATCTGACCTCx,10X_17_028,Radial Glia,PAX6,13,15,11,15,False,
10X_17_028:CGTTCTGCACGGACAAx,10X_17_028,Neuroblast,PAX6,6,12,11,15,False,
10X_17_028:CGTCTACGTACATGTCx,10X_17_028,Neuroblast,PAX6,12,15,11,15,False,
10X_17_028:CGTCTACAGGCAGGTTx,10X_17_028,Neuroblast,PAX6,12,15,11,15,False,
10X_17_028:CTAACTTGTACATCCAx,10X_17_028,Neuroblast,PAX6,9,15,11,15,False,
10X_17_028:CTCACACGTGTCCTCTx,10X_17_028,Neuroblast,PAX6,9,15,11,15,False,
10X_17_028:CTACCCAAGACAGACCx,10X_17_028,Neuroblast,PAX6,13,15,11,15,False,
10X_17_028:CTCACACCATCGGACCx,10X_17_028,Radial Glia,PAX6,12,15,11,15,False,
10X_17_028:CTACCCACATTCTCATx,10X_17_028,Radial Glia,PAX6,14,15,11,15,False,
10X_17_028:CTACACCGTGCGCTTGx,10X_17_028,Neuroblast,PAX6,11,15,11,15,True,0.7415685057640076
10X_17_028:CTAGAGTAGTGTGGCAx,10X_17_028,Radial Glia,PAX6,13,15,11,15,False,
10X_17_028:CTACCCAAGCCTCGTGx,10X_17_028,Radial Glia,PAX6,12,15,11,15,False,
10X_17_028:CTAGAGTCATACAGCTx,10X_17_028,Radial Glia,PAX6,13,15,11,15,False,
10X_17_028:CTCGAGGCAATAGCGGx,10X_17_028,Radial Glia,PAX6,9,15,11,15,False,
10X_17_028:CTCGAGGTCCGCTGTTx,10X_17_028,Neuroblast,PAX6,10,15,11,15,False,
10X_17_028:CTCGGAGGTAAGTTCCx,10X_17_028,Radial Glia,PAX6,13,15,11,15,False,
10X_17_028:CTCATTAAGGCTAGCAx,10X_17_028,Neuroblast,PAX6,12,15,11,15,False,
10X_17_028:CTCGGAGTCTCCAACCx,10X_17_028,Neuroblast,PAX6,13,15,11,15,False,
10X_17_028:CTCGTACTCTCCGGTTx,10X_17_028,Neuroblast,PAX6,13,15,11,15,False,
10X_17_028:CTCCTAGGTGGACGATx,10X_17_028,Neuroblast,PAX6,12,15,11,15,False,
10X_17_028:CTCGTACAGGATGTATx,10X_17_028,Radial Glia,PAX6,11,15,11,15,True,0.8690074682235718
10X_17_028:CTCGGGATCCCGGATGx,10X_17_028,Radial Glia,PAX6,12,15,11,15,False,
10X_17_028:CTCGGAGGTGTGAAATx,10X_17_028,Neuroblast,PAX6,13,15,11,15,False,
10X_17_028:CTCTGGTCAAATCCGTx,10X_17_028,Radial Glia,PAX6,12,15,11,15,False,
10X_17_028:CTGAAACAGTCGTACTx,10X_17_028,Neuroblast,PAX6,12,15,11,15,False,
10X_17_028:CTGATAGCATGGATGGx,10X_17_028,Neuroblast,PAX6,12,15,11,15,False,
10X_17_028:CTGAAGTAGCTGAAATx,10X_17_028,Neuroblast,PAX6,10,15,11,15,False,
10X_17_028:CTGAAACTCTGCGTAAx,10X_17_028,Neuroblast,PAX6,7,15,11,15,False,
10X_17_028:CTGATCCAGAATCTCCx,10X_17_028,Neuroblast,PAX6,11,15,11,15,True,0.723578691482544
10X_17_028:CTGAAGTCAGATGGGTx,10X_17_028,Radial Glia,PAX6,13,15,11,15,False,
10X_17_028:CTCGTCAAGACGACGTx,10X_17_028,Neuroblast,PAX6,12,15,11,15,False,
10X_17_028:CTGATAGAGTACGATAx,10X_17_028,Neuroblast,PAX6,13,15,11,15,False,
10X_17_028:CTGCGGAGTCGAATCTx,10X_17_028,Radial Glia,PAX6,12,15,11,15,False,
10X_17_028:CTGGTCTTCGGAGGTAx,10X_17_028,Neuroblast,PAX6,11,15,11,15,True,0.7248410582542419
10X_17_028:CTGCTGTTCACAATGCx,10X_17_028,Neuroblast,PAX6,11,15,11,15,True,0.7926756143569946
10X_17_028:CTGTTTACAGCTATTGx,10X_17_028,Radial Glia,PAX6,10,15,11,15,False,
10X_17_028:CTGTGCTAGTTGCAGGx,10X_17_028,Neuroblast,PAX6,12,15,11,15,False,
10X_17_028:CTGCGGAAGGATGGAAx,10X_17_028,Radial Glia,PAX6,13,15,11,15,False,
10X_17_028:CTGCTGTAGAACAATCx,10X_17_028,Neuroblast,PAX6,9,15,11,15,False,
10X_17_028:CTGCGGAGTGCCTTGGx,10X_17_028,Neuroblast,PAX6,11,15,11,15,True,0.7215913534164429
10X_17_028:CTGTTTAGTCCAAGTTx,10X_17_028,Radial Glia,PAX6,12,15,11,15,False,
10X_17_028:CTTAACTTCCTATTCAx,10X_17_028,Neuroblast,PAX6,8,15,11,15,False,
10X_17_028:CTGCCTACAAGGGTCAx,10X_17_028,Neuroblast,PAX6,12,15,11,15,False,
10X_17_028:GAAACTCCAAACTGCTx,10X_17_028,Neuroblast,PAX6,11,15,11,15,True,0.7206577062606812
10X_17_028:GAACATCCATTTGCCCx,10X_17_028,Radial Glia,PAX6,13,15,11,15,False,
10X_17_028:GAAACTCCAAGCCGTCx,10X_17_028,Radial Glia,PAX6,13,15,11,15,False,
10X_17_028:CTTAGGACATCTATGGx,10X_17_028,Radial Glia,PAX6,12,15,11,15,False,
10X_17_028:CTTGGCTAGGTGACCAx,10X_17_028,Radial Glia,PAX6,12,15,11,15,False,
10X_17_028:CTTAGGATCTGCCCTAx,10X_17_028,Neuroblast,PAX6,14,15,11,15,False,
10X_17_028:CTTTGCGTCATCTGCCx,10X_17_028,Radial Glia,PAX6,12,15,11,15,False,
10X_17_028:GAATGAACAAGCCCACx,10X_17_028,Radial Glia,PAX6,12,15,11,15,False,
10X_17_028:GAATAAGTCATAGCACx,10X_17_028,Radial Glia,PAX6,13,15,11,15,False,
10X_17_028:GAATAAGAGCGTTTACx,10X_17_028,Radial Glia,PAX6,13,15,11,15,False,
10X_17_028:GAATGAAGTTGTGGAGx,10X_17_028,Neuroblast,PAX6,10,15,11,15,False,
10X_17_028:GACAGAGGTTCCCTTGx,10X_17_028,Neuroblast,PAX6,6,15,11,15,False,
10X_17_028:GAACGGACACATGACTx,10X_17_028,Neuroblast,PAX6,10,15,11,15,False,
10X_17_028:GACTACAAGGCCGAATx,10X_17_028,Radial Glia,PAX6,12,15,11,15,False,
10X_17_028:GACGGCTGTCTGCCAGx,10X_17_028,Radial Glia,PAX6,13,15,11,15,False,
10X_17_028:GACGTTATCGTATCAGx,10X_17_028,Neuroblast,PAX6,8,15,11,15,False,
10X_17_028:GACTACAGTTGGACCCx,10X_17_028,Radial Glia,PAX6,13,15,11,15,False,
10X_17_028:GACGCGTTCACTCCTGx,10X_17_028,Radial Glia,PAX6,12,15,11,15,False,
10X_17_028:GACGTGCGTTCGTGATx,10X_17_028,Radial Glia,PAX6,13,15,11,15,False,
10X_17_028:GACGTTAGTCCCTACTx,10X_17_028,Neuroblast,PAX6,9,14,11,15,False,
10X_17_028:GACTGCGGTTGAGTTCx,10X_17_028,Neuroblast,PAX6,10,15,11,15,False,
10X_17_028:GACGTGCTCATTGCCCx,10X_17_028,Neuroblast,PAX6,1,12,11,15,False,
10X_17_028:GACGTGCTCAGCATGTx,10X_17_028,Radial Glia,PAX6,10,15,11,15,False,
10X_17_028:GATCGTAGTCGAGTTTx,10X_17_028,Neuroblast,PAX6,7,15,11,15,False,
10X_17_028:GATCGATCATCTCCCAx,10X_17_028,Radial Glia,PAX6,12,15,11,15,False,
10X_17_028:GATCAGTAGTCAAGCGx,10X_17_028,Radial Glia,PAX6,8,14,11,15,False,
10X_17_028:GATCAGTAGGCCCGTTx,10X_17_028,Radial Glia,PAX6,10,15,11,15,False,
10X_17_028:GATCGATCATCACAACx,10X_17_028,Neuroblast,PAX6,6,14,11,15,False,
10X_17_028:GCACATAAGTGTCCATx,10X_17_028,Neuroblast,PAX6,12,14,11,15,False,
10X_17_028:GCACATAGTCACTGGCx,10X_17_028,Radial Glia,PAX6,13,15,11,15,False,
10X_17_028:GATGCTACATTCTCATx,10X_17_028,Radial Glia,PAX6,14,15,11,15,False,
10X_17_028:GCAATCACACGTGAGAx,10X_17_028,Radial Glia,PAX6,11,15,11,15,True,0.903819978237152
10X_17_028:GCACTCTAGACCTAGGx,10X_17_028,Neuroblast,PAX6,10,15,11,15,False,
10X_17_028:GCAATCAAGTATTGGAx,10X_17_028,Radial Glia,PAX6,12,15,11,15,False,
10X_17_028:GCAGTTAAGATGTTAGx,10X_17_028,Neuroblast,PAX6,12,15,11,15,False,
10X_17_028:GCAGCCAGTCGCGTGTx,10X_17_028,Radial Glia,PAX6,12,15,11,15,False,
10X_17_028:GCAGCCACACATCTTTx,10X_17_028,Radial Glia,PAX6,13,15,11,15,False,
10X_17_028:GATGCTATCGAATGCTx,10X_17_028,Neuroblast,PAX6,9,14,11,15,False,
10X_17_028:GCAATCATCTGCAAGTx,10X_17_028,Neuroblast,PAX6,10,15,11,15,False,
10X_17_028:GCGCAGTAGCAGGTCAx,10X_17_028,Neuroblast,PAX6,9,15,11,15,False,
10X_17_028:GCGCAACTCCATGAGTx,10X_17_028,Neuroblast,PAX6,9,15,11,15,False,
10X_17_028:GCGCAGTAGAGCCCAAx,10X_17_028,Neuroblast,PAX6,9,14,11,15,False,
10X_17_028:GCGCAACTCCAAATGCx,10X_17_028,Neuroblast,PAX6,13,15,11,15,False,
10X_17_028:GCATACAGTACCGCTGx,10X_17_028,Radial Glia,PAX6,12,15,11,15,False,
10X_17_028:GCATACATCCAGATCAx,10X_17_028,Radial Glia,PAX6,12,15,11,15,False,
10X_17_028:GCATGATCATCAGTACx,10X_17_028,Radial Glia,PAX6,13,15,11,15,False,
10X_17_028:GCAGTTATCGGCATCGx,10X_17_028,Radial Glia,PAX6,12,15,11,15,False,
10X_17_028:GCGCCAACAAGCTGTTx,10X_17_028,Radial Glia,PAX6,13,15,11,15,False,
10X_17_028:GCTGCGATCGCATGATx,10X_17_028,Neuroblast,PAX6,10,15,11,15,False,
10X_17_028:GCGCGATAGCTAACAAx,10X_17_028,Radial Glia,PAX6,13,15,11,15,False,
10X_17_028:GCGCCAACACAGCGTCx,10X_17_028,Neuroblast,PAX6,12,15,11,15,False,
10X_17_028:GCTGCTTAGGCTAGGTx,10X_17_028,Radial Glia,PAX6,12,15,11,15,False,
10X_17_028:GCGCCAACAAAGGCGTx,10X_17_028,Radial Glia,PAX6,11,15,11,15,True,0.8760671615600586
10X_17_028:GCGCGATCACGTTGGCx,10X_17_028,Radial Glia,PAX6,9,15,11,15,False,
10X_17_028:GCGGGTTCACATGGGAx,10X_17_028,Radial Glia,PAX6,13,15,11,15,False,
10X_17_028:GCGGGTTAGGGTTCCCx,10X_17_028,Radial Glia,PAX6,12,15,11,15,False,
10X_17_028:GCTGCGACAATGGACGx,10X_17_028,Radial Glia,PAX6,11,15,11,15,True,0.8790197372436523
10X_17_028:GCTGCGATCATTGCCCx,10X_17_028,Neuroblast,PAX6,11,15,11,15,True,0.7203565835952759
10X_17_028:GGACAGAGTAAGGATTx,10X_17_028,Neuroblast,PAX6,11,15,11,15,True,0.7059204578399658
10X_17_028:GGAATAAAGATGTTAGx,10X_17_028,Radial Glia,PAX6,10,15,11,15,False,
10X_17_028:GGAATAAGTAAGTAGTx,10X_17_028,Radial Glia,PAX6,13,15,11,15,False,
10X_17_028:GCTGGGTGTTTAGCTGx,10X_17_028,Radial Glia,PAX6,13,15,11,15,False,
10X_17_028:GGACAGATCTCAACTTx,10X_17_028,Radial Glia,PAX6,12,15,11,15,False,
10X_17_028:GCTTCCAGTCGCATCGx,10X_17_028,Neuroblast,PAX6,12,15,11,15,False,
10X_17_028:GGATGTTTCTCTTATGx,10X_17_028,Radial Glia,PAX6,13,15,11,15,False,
10X_17_028:GGCGACTAGCGCTCCAx,10X_17_028,Neuroblast,PAX6,13,15,11,15,False,
10X_17_028:GGAGCAACATCACCCTx,10X_17_028,Neuroblast,PAX6,12,15,11,15,False,
10X_17_028:GGACGTCAGTTATCGCx,10X_17_028,Neuroblast,PAX6,12,15,11,15,False,
10X_17_028:GGACATTAGTGATCGGx,10X_17_028,Radial Glia,PAX6,12,15,11,15,False,
10X_17_028:GGATTACAGCTGCAAGx,10X_17_028,Radial Glia,PAX6,12,15,11,15,False,
10X_17_028:GGAGCAACATCCTAGAx,10X_17_028,Neuroblast,PAX6,13,15,11,15,False,
10X_17_028:GGGCATCAGTTGTCGTx,10X_17_028,Radial Glia,PAX6,13,15,11,15,False,
10X_17_028:GGGACCTAGAGTACATx,10X_17_028,Neuroblast,PAX6,9,15,11,15,False,
10X_17_028:GGCTGGTGTCGAGTTTx,10X_17_028,Radial Glia,PAX6,10,15,11,15,False,
10X_17_028:GGCGTGTTCTCGATGAx,10X_17_028,Neuroblast,PAX6,14,15,11,15,False,
10X_17_028:GGCTCGAGTGATGCCCx,10X_17_028,Radial Glia,PAX6,13,15,11,15,False,
10X_17_028:GGGAGATGTATAGGGCx,10X_17_028,Neuroblast,PAX6,12,15,11,15,False,
10X_17_028:GGCTCGATCGCTTGTCx,10X_17_028,Radial Glia,PAX6,13,15,11,15,False,
10X_17_028:GGGCATCAGTATTGGAx,10X_17_028,Radial Glia,PAX6,9,15,11,15,False,
10X_17_028:GGGTCTGCATTGGGCCx,10X_17_028,Radial Glia,PAX6,11,15,11,15,True,0.8699564933776855
10X_17_028:GGTGAAGCAGCCTATAx,10X_17_028,Radial Glia,PAX6,12,15,11,15,False,
10X_17_028:GGGCATCGTCTAAAGAx,10X_17_028,Radial Glia,PAX6,12,15,11,15,False,
10X_17_028:GTAACTGCACCAACCGx,10X_17_028,Radial Glia,PAX6,12,15,11,15,False,
10X_17_028:GGGTCTGAGTTAAGTGx,10X_17_028,Radial Glia,PAX6,12,15,11,15,False,
10X_17_028:GGGCATCTCAGAGACGx,10X_17_028,Radial Glia,PAX6,10,15,11,15,False,
10X_17_028:GTAACGTTCAGGCCCAx,10X_17_028,Radial Glia,PAX6,14,15,11,15,False,
10X_17_028:GTATTCTTCGTCTGCTx,10X_17_028,Radial Glia,PAX6,12,15,11,15,False,
10X_17_028:GTAGTCAAGATCCGAGx,10X_17_028,Neuroblast,PAX6,6,13,11,15,False,
10X_17_028:GTACGTAAGAGTACATx,10X_17_028,Radial Glia,PAX6,12,15,11,15,False,
10X_17_028:GTACGTAGTACTCTCCx,10X_17_028,Neuroblast,PAX6,12,15,11,15,False,
10X_17_028:GTATCTTTCCCAAGTAx,10X_17_028,Radial Glia,PAX6,12,15,11,15,False,
10X_17_028:GTCAAGTGTGGGTCAAx,10X_17_028,Radial Glia,PAX6,14,15,11,15,False,
10X_17_028:GTATTCTAGCTGCAAGx,10X_17_028,Neuroblast,PAX6,13,15,11,15,False,
10X_17_028:GTAACTGTCAGTTAGCx,10X_17_028,Radial Glia,PAX6,8,15,11,15,False,
10X_17_028:GTCGTAATCTAGAGTCx,10X_17_028,Radial Glia,PAX6,13,15,11,15,False,
10X_17_028:GTCATTTAGGCTACGAx,10X_17_028,Radial Glia,PAX6,12,15,11,15,False,
10X_17_028:GTCCTCAGTCTTGTCCx,10X_17_028,Neuroblast,PAX6,10,15,11,15,False,
10X_17_028:GTCACAACACTAGTACx,10X_17_028,Radial Glia,PAX6,12,15,11,15,False,
10X_17_028:GTCGTAAGTCAGAGGTx,10X_17_028,Radial Glia,PAX6,14,15,11,15,False,
10X_17_028:GTCACGGGTACTTCTTx,10X_17_028,Neuroblast,PAX6,8,15,11,15,False,
10X_17_028:GTCACAAGTCCGAGTCx,10X_17_028,Neuroblast,PAX6,8,15,11,15,False,
10X_17_028:GTCGGGTTCGACCAGCx,10X_17_028,Radial Glia,PAX6,14,15,11,15,False,
10X_17_028:GTCATTTGTCTTGATGx,10X_17_028,Radial Glia,PAX6,13,15,11,15,False,
10X_17_028:GTCATTTGTAAGAGAGx,10X_17_028,Radial Glia,PAX6,14,15,11,15,False,
10X_17_028:GTCACAACATCGGAAGx,10X_17_028,Radial Glia,PAX6,12,15,11,15,False,
10X_17_028:GTGCGGTTCTGGAGCCx,10X_17_028,Neuroblast,PAX6,13,15,11,15,False,
10X_17_028:GTGCGGTGTGCAACTTx,10X_17_028,Radial Glia,PAX6,11,15,11,15,True,0.8958619236946106
10X_17_028:GTGAAGGCATTCCTGCx,10X_17_028,Neuroblast,PAX6,12,15,11,15,False,
10X_17_028:GTGCGGTAGTAGCCGAx,10X_17_028,Radial Glia,PAX6,12,15,11,15,False,
10X_17_028:GTGCTTCTCAGGCGAAx,10X_17_028,Neuroblast,PAX6,12,15,11,15,False,
10X_17_028:TAAACCGAGTCGAGTGx,10X_17_028,Radial Glia,PAX6,13,15,11,15,False,
10X_17_028:GTTCTCGGTCAACTGTx,10X_17_028,Radial Glia,PAX6,13,15,11,15,False,
10X_17_028:GTTACAGTCTCCCTGAx,10X_17_028,Radial Glia,PAX6,12,15,11,15,False,
10X_17_028:GTTAAGCCAAGGTTCTx,10X_17_028,Neuroblast,PAX6,12,15,11,15,False,
10X_17_028:GTGTGCGTCGAATGCTx,10X_17_028,Radial Glia,PAX6,13,15,11,15,False,
10X_17_028:GTTCGGGCATGGATGGx,10X_17_028,Radial Glia,PAX6,14,15,11,15,False,
10X_17_028:TAAGTGCGTATTCGTGx,10X_17_028,Radial Glia,PAX6,11,15,11,15,True,0.8337281942367554
10X_17_028:TACAGTGCAAGGGTCAx,10X_17_028,Neuroblast,PAX6,12,15,11,15,False,
10X_17_028:TACACGATCAGCTGGCx,10X_17_028,Radial Glia,PAX6,13,15,11,15,False,
10X_17_028:TACACGAAGTTGAGATx,10X_17_028,Neuroblast,PAX6,11,15,11,15,True,0.7978833913803101
10X_17_028:TACGGGCTCCTACAGAx,10X_17_028,Neuroblast,PAX6,9,14,11,15,False,
10X_17_028:TAAGTGCTCTTAACCTx,10X_17_028,Radial Glia,PAX6,13,15,11,15,False,
10X_17_028:TACCTATCATGTCTCCx,10X_17_028,Neuroblast,PAX6,10,15,11,15,False,
10X_17_028:TAAGTGCGTGCATCTAx,10X_17_028,Radial Glia,PAX6,13,15,11,15,False,
10X_17_028:TACGGGCAGTCCGGTCx,10X_17_028,Radial Glia,PAX6,13,15,11,15,False,
10X_17_028:TAGAGCTCAATGGACGx,10X_17_028,Radial Glia,PAX6,13,15,11,15,False,
10X_17_028:TACTCGCTCGTTTAGGx,10X_17_028,Radial Glia,PAX6,13,15,11,15,False,
10X_17_028:TACTTACTCAAGATCCx,10X_17_028,Neuroblast,PAX6,10,15,11,15,False,
10X_17_028:TACTTACTCAACGGCCx,10X_17_028,Radial Glia,PAX6,13,15,11,15,False,
10X_17_028:TAGAGCTCATCAGTACx,10X_17_028,Radial Glia,PAX6,13,15,11,15,False,
10X_17_028:TAGCCGGAGATCCGAGx,10X_17_028,Radial Glia,PAX6,13,15,11,15,False,
10X_17_028:TACTTACAGACTGTAAx,10X_17_028,Radial Glia,PAX6,13,15,11,15,False,
10X_17_028:TAGACCAGTATATGGAx,10X_17_028,Neuroblast,PAX6,11,15,11,15,True,0.724666178226471
10X_17_028:TAGACCACAATGAAACx,10X_17_028,Radial Glia,PAX6,13,15,11,15,False,
10X_17_028:TATCAGGGTGCAGACAx,10X_17_028,Radial Glia,PAX6,13,15,11,15,False,
10X_17_028:TAGTGGTAGCCAGGATx,10X_17_028,Radial Glia,PAX6,12,15,11,15,False,
10X_17_028:TATGCCCGTTTGTTTCx,10X_17_028,Neuroblast,PAX6,10,15,11,15,False,
10X_17_028:TATTACCTCGCTTAGAx,10X_17_028,Radial Glia,PAX6,13,15,11,15,False,
10X_17_028:TAGGCATCATCGGAAGx,10X_17_028,Neuroblast,PAX6,9,15,11,15,False,
10X_17_028:TAGGCATTCGGATGTTx,10X_17_028,Radial Glia,PAX6,12,15,11,15,False,
10X_17_028:TATTACCCATATGAGAx,10X_17_028,Radial Glia,PAX6,14,15,11,15,False,
10X_17_028:TCAGGTACAGGGCATAx,10X_17_028,Radial Glia,PAX6,13,15,11,15,False,
10X_17_028:TCAGCAACATGAAGTAx,10X_17_028,Radial Glia,PAX6,13,15,11,15,False,
10X_17_028:TCACAAGTCGTCCAGGx,10X_17_028,Neuroblast,PAX6,12,13,11,15,False,
10X_17_028:TCAGGATGTGAACCTTx,10X_17_028,Radial Glia,PAX6,10,15,11,15,False,
10X_17_028:TCAGATGCAAAGAATCx,10X_17_028,Neuroblast,PAX6,12,15,11,15,False,
10X_17_028:TCAGGATGTCTGGAGAx,10X_17_028,Neuroblast,PAX6,11,14,11,15,False,
10X_17_028:TCACGAACACGTTGGCx,10X_17_028,Radial Glia,PAX6,13,15,11,15,False,
10X_17_028:TCAGCTCCAGTGGAGTx,10X_17_028,Radial Glia,PAX6,12,15,11,15,False,
10X_17_028:TCAGCTCCACCAGCACx,10X_17_028,Radial Glia,PAX6,11,15,11,15,True,0.8269051909446716
10X_17_028:TCAACGATCTTGACGAx,10X_17_028,Neuroblast,PAX6,9,14,11,15,False,
10X_17_028:TCAGGATAGGGCACTAx,10X_17_028,Neuroblast,PAX6,13,15,11,15,False,
10X_17_028:TCAATCTAGGTGATTAx,10X_17_028,Neuroblast,PAX6,10,15,11,15,False,
10X_17_028:TCAACGATCATGTAGCx,10X_17_028,Radial Glia,PAX6,12,15,11,15,False,
10X_17_028:TCACGAAGTCATGCATx,10X_17_028,Radial Glia,PAX6,11,15,11,15,True,0.8834362626075745
10X_17_028:TCGGTAAAGGTGATATx,10X_17_028,Neuroblast,PAX6,11,15,11,15,True,0.7716454267501831
10X_17_028:TCGAGGCGTAGAGCTGx,10X_17_028,Radial Glia,PAX6,12,15,11,15,False,
10X_17_028:TCATTACGTCTAGAGGx,10X_17_028,Radial Glia,PAX6,13,15,11,15,False,
10X_17_028:TCAGGTATCAACACCAx,10X_17_028,Radial Glia,PAX6,11,15,11,15,True,0.8794844150543213
10X_17_028:TCGAGGCAGCAGCGTAx,10X_17_028,Neuroblast,PAX6,13,15,11,15,False,
10X_17_028:TCGCGAGGTAGCGTAGx,10X_17_028,Neuroblast,PAX6,12,15,11,15,False,
10X_17_028:TCAGGTATCGTATCAGx,10X_17_028,Radial Glia,PAX6,13,15,11,15,False,
10X_17_028:TCTCATACAGTATAAGx,10X_17_028,Radial Glia,PAX6,13,15,11,15,False,
10X_17_028:TCTATTGTCGGCGCATx,10X_17_028,Neuroblast,PAX6,12,15,11,15,False,
10X_17_028:TCGTAGATCCTCGCATx,10X_17_028,Radial Glia,PAX6,13,15,11,15,False,
10X_17_028:TCTCTAAGTAAGTTCCx,10X_17_028,Neuroblast,PAX6,12,14,11,15,False,
10X_17_028:TCGTAGAGTCTGCGGTx,10X_17_028,Radial Glia,PAX6,12,15,11,15,False,
10X_17_028:TCGTACCTCTCCAGGGx,10X_17_028,Radial Glia,PAX6,13,15,11,15,False,
10X_17_028:TCTCTAACATTATCTCx,10X_17_028,Neuroblast,PAX6,12,15,11,15,False,
10X_17_028:TCGGTAAGTTCGTTGAx,10X_17_028,Neuroblast,PAX6,12,15,11,15,False,
10X_17_028:TCTCTAAGTGGACGATx,10X_17_028,Radial Glia,PAX6,11,15,11,15,True,0.8692015409469604
10X_17_028:TCTCTAAAGCGGCTTCx,10X_17_028,Radial Glia,PAX6,14,15,11,15,False,
10X_17_028:TCGTACCGTAGCGCTCx,10X_17_028,Radial Glia,PAX6,14,15,11,15,False,
10X_17_028:TCTCTAAAGACCGGATx,10X_17_028,Radial Glia,PAX6,12,15,11,15,False,
10X_17_028:TGACTTTCAACACGCCx,10X_17_028,Neuroblast,PAX6,10,15,11,15,False,
10X_17_028:TGACAACTCTGCTGCTx,10X_17_028,Radial Glia,PAX6,13,15,11,15,False,
10X_17_028:TGACTTTCAAAGGTGCx,10X_17_028,Radial Glia,PAX6,12,15,11,15,False,
10X_17_028:TGACTAGAGCCAACAGx,10X_17_028,Neuroblast,PAX6,12,15,11,15,False,
10X_17_028:TGACAACAGCACCGTCx,10X_17_028,Radial Glia,PAX6,12,15,11,15,False,
10X_17_028:TGACTTTAGCGGCTTCx,10X_17_028,Radial Glia,PAX6,11,15,11,15,True,0.8933772444725037
10X_17_028:TGAGAGGCAGGATTGGx,10X_17_028,Neuroblast,PAX6,11,15,11,15,True,0.7286791801452637
10X_17_028:TGACTTTCACCAACCGx,10X_17_028,Radial Glia,PAX6,13,15,11,15,False,
10X_17_028:TGAAAGACAACCGCCAx,10X_17_028,Neuroblast,PAX6,10,15,11,15,False,
10X_17_028:TCTTTCCTCGTCTGCTx,10X_17_028,Radial Glia,PAX6,13,15,11,15,False,
10X_17_028:TGAAAGACACACATGTx,10X_17_028,Neuroblast,PAX6,13,15,11,15,False,
10X_17_028:TGAGGGACATCGGAAGx,10X_17_028,Neuroblast,PAX6,8,15,11,15,False,
10X_17_028:TGAGCATCAGTAAGCGx,10X_17_028,Radial Glia,PAX6,12,15,11,15,False,
10X_17_028:TGCACCTGTGAACCTTx,10X_17_028,Radial Glia,PAX6,13,15,11,15,False,
10X_17_028:TGCCAAATCTCGTTTAx,10X_17_028,Radial Glia,PAX6,12,15,11,15,False,
10X_17_028:TGCCCATCAAAGCAATx,10X_17_028,Radial Glia,PAX6,13,15,11,15,False,
10X_17_028:TGCCAAACACCACCAGx,10X_17_028,Radial Glia,PAX6,14,15,11,15,False,
10X_17_028:TGAGGGATCATGTCCCx,10X_17_028,Neuroblast,PAX6,12,15,11,15,False,
10X_17_028:TGCCAAATCAGTACGTx,10X_17_028,Radial Glia,PAX6,12,15,11,15,False,
10X_17_028:TGATTTCCACATAACCx,10X_17_028,Radial Glia,PAX6,13,15,11,15,False,
10X_17_028:TGCCAAACATGGTAGGx,10X_17_028,Radial Glia,PAX6,13,15,11,15,False,
10X_17_028:TGCCCATTCGGAAATAx,10X_17_028,Radial Glia,PAX6,13,15,11,15,False,
10X_17_028:TGCACCTAGATGGGTCx,10X_17_028,Radial Glia,PAX6,13,15,11,15,False,
10X_17_028:TGATTTCTCGCATGGCx,10X_17_028,Radial Glia,PAX6,12,15,11,15,False,
10X_17_028:TGAGCATTCAAAGTAGx,10X_17_028,Neuroblast,PAX6,12,15,11,15,False,
10X_17_028:TGAGGGACACATTAGCx,10X_17_028,Neuroblast,PAX6,12,15,11,15,False,
10X_17_028:TGAGCCGTCGCTTGTCx,10X_17_028,Neuroblast,PAX6,9,15,11,15,False,
10X_17_028:TGCTGCTTCTGACCTCx,10X_17_028,Neuroblast,PAX6,10,15,11,15,False,
10X_17_028:TGGCCAGAGCCCAGCTx,10X_17_028,Neuroblast,PAX6,10,15,11,15,False,
10X_17_028:TGGACGCCACGAAATAx,10X_17_028,Radial Glia,PAX6,13,15,11,15,False,
10X_17_028:TGCTACCGTCATCCCTx,10X_17_028,Radial Glia,PAX6,12,15,11,15,False,
10X_17_028:TGGACGCAGTGAAGTTx,10X_17_028,Neuroblast,PAX6,10,15,11,15,False,
10X_17_028:TGCTGCTTCAGGCGAAx,10X_17_028,Radial Glia,PAX6,10,15,11,15,False,
10X_17_028:TGGACGCAGTTAGGTAx,10X_17_028,Radial Glia,PAX6,12,15,11,15,False,
10X_17_028:TGTATTCTCACATAGCx,10X_17_028,Radial Glia,PAX6,12,15,11,15,False,
10X_17_028:TGGGCGTGTCGACTGCx,10X_17_028,Neuroblast,PAX6,11,15,11,15,True,0.6973387002944946
10X_17_028:TGGGCGTTCGCTGATAx,10X_17_028,Radial Glia,PAX6,13,15,11,15,False,
10X_17_028:TGGTTAGCACCATGTAx,10X_17_028,Neuroblast,PAX6,12,13,11,15,False,
10X_17_028:TGGCGCATCGGCGCATx,10X_17_028,Radial Glia,PAX6,11,15,11,15,True,0.8706510663032532
10X_17_028:TGGGCGTAGTTGTCGTx,10X_17_028,Radial Glia,PAX6,10,15,11,15,False,
10X_17_028:TGGGAAGAGTCCCACGx,10X_17_028,Radial Glia,PAX6,13,15,11,15,False,
10X_17_028:TGGTTAGCATGGAATAx,10X_17_028,Radial Glia,PAX6,13,15,11,15,False,
10X_17_028:TTAGGCAGTAAATGACx,10X_17_028,Radial Glia,PAX6,13,15,11,15,False,
10X_17_028:TTAGTTCAGACTAGATx,10X_17_028,Radial Glia,PAX6,13,15,11,15,False,
10X_17_028:TTAGGCAAGAGCCTAGx,10X_17_028,Radial Glia,PAX6,12,15,11,15,False,
10X_17_028:TGTTCCGGTCAGTGGAx,10X_17_028,Radial Glia,PAX6,12,15,11,15,False,
10X_17_028:TGTGTTTGTCTCACCTx,10X_17_028,Radial Glia,PAX6,13,15,11,15,False,
10X_17_028:TGTCCCATCCGCATAAx,10X_17_028,Neuroblast,PAX6,8,14,11,15,False,
10X_17_028:TGTGTTTCAGACGCAAx,10X_17_028,Radial Glia,PAX6,12,15,11,15,False,
10X_17_028:TTAGTTCCAACAACCTx,10X_17_028,Neuroblast,PAX6,13,15,11,15,False,
10X_17_028:TTAGTTCTCGCCTGAGx,10X_17_028,Radial Glia,PAX6,11,15,11,15,True,0.8898616433143616
10X_17_028:TGTGTTTTCAGTTCGAx,10X_17_028,Neuroblast,PAX6,12,15,11,15,False,
10X_17_028:TTAACTCGTCCGAACCx,10X_17_028,Neuroblast,PAX6,13,15,11,15,False,
10X_17_028:TTCTTAGCAGCTTAACx,10X_17_028,Radial Glia,PAX6,13,15,11,15,False,
10X_17_028:TTCTTAGGTCGCCATGx,10X_17_028,Radial Glia,PAX6,13,15,11,15,False,
10X_17_028:TTCTACAAGTCCAGGAx,10X_17_028,Radial Glia,PAX6,13,15,11,15,False,
10X_17_028:TTCTCCTAGATCGGGTx,10X_17_028,Neuroblast,PAX6,12,15,11,15,False,
10X_17_028:TTCTCCTCATAAGACAx,10X_17_028,Neuroblast,PAX6,13,15,11,15,False,
10X_17_028:TTATGCTCACTTAAGCx,10X_17_028,Neuroblast,PAX6,12,15,11,15,False,
10X_17_028:TTCTACAGTAGAAGGAx,10X_17_028,Neuroblast,PAX6,13,15,11,15,False,
10X_17_028:TTGTAGGAGCTGCCCAx,10X_17_028,Neuroblast,PAX6,12,15,11,15,False,
10X_17_028:TTGCGTCGTTTGTTGGx,10X_17_028,Radial Glia,PAX6,12,15,11,15,False,
10X_17_028:TTTATGCAGTGGTAGCx,10X_17_028,Radial Glia,PAX6,12,15,11,15,False,
10X_17_028:TTGGAACAGAATGTGTx,10X_17_028,Neuroblast,PAX6,13,15,11,15,False,
10X_17_028:TTTATGCAGTGAATTGx,10X_17_028,Radial Glia,PAX6,13,15,11,15,False,
10X_17_028:TTGCCGTAGTGGGCTAx,10X_17_028,Neuroblast,PAX6,12,15,11,15,False,
10X_17_028:TTGACTTCAGATGGGTx,10X_17_028,Neuroblast,PAX6,12,15,11,15,False,
10X_17_028:TTTGCGCGTCTTTCATx,10X_17_028,Neuroblast,PAX6,12,15,11,15,False,
10X_17_028:TTTGTCATCGTTACAGx,10X_17_028,Neuroblast,PAX6,10,15,11,15,False,
10X_17_028:TTTGTCACAAGGACTGx,10X_17_028,Radial Glia,PAX6,13,15,11,15,False,
10X_17_028:TTTGCGCTCACTTCATx,10X_17_028,Radial Glia,PAX6,12,15,11,15,False,
10X_17_028:TTTATGCGTTAAGGGCx,10X_17_028,Radial Glia,PAX6,12,15,11,15,False,
10X_17_029:AAGCCGCAGCTAGTCTx,10X_17_029,Radial Glia,PAX6,13,15,11,15,False,
10X_17_029:AAGGCAGGTGTGTGCCx,10X_17_029,Neuroblast,PAX6,13,15,11,15,False,
10X_17_029:ACATACGAGTTGTCGTx,10X_17_029,Neuroblast,PAX6,8,15,11,15,False,
10X_17_029:AAGTCTGAGCGATATAx,10X_17_029,Radial Glia,PAX6,12,15,11,15,False,
10X_17_029:ACACCAACAATGCCATx,10X_17_029,Neuroblast,PAX6,10,15,11,15,False,
10X_17_029:AAGCCGCTCCTATTCAx,10X_17_029,Neuroblast,PAX6,9,15,11,15,False,
10X_17_029:ACACTGAGTTGTCGCGx,10X_17_029,Radial Glia,PAX6,13,15,11,15,False,
10X_17_029:ACCCACTTCTGGTGTAx,10X_17_029,Radial Glia,PAX6,13,15,11,15,False,
10X_17_029:ACATGGTGTCGGGTCTx,10X_17_029,Radial Glia,PAX6,13,15,11,15,False,
10X_17_029:ACCGTAAGTTAGGGTGx,10X_17_029,Neuroblast,PAX6,13,15,11,15,False,
10X_17_029:ACGAGGACAGCTGGCTx,10X_17_029,Radial Glia,PAX6,11,15,11,15,True,0.9021746516227722
10X_17_029:ACGATGTAGCGTAATAx,10X_17_029,Neuroblast,PAX6,12,15,11,15,False,
10X_17_029:ACCGTAATCTATCGCCx,10X_17_029,Neuroblast,PAX6,12,15,11,15,False,
10X_17_029:ACGATGTCAAGGTTTCx,10X_17_029,Neuroblast,PAX6,11,15,11,15,True,0.7148346304893494
10X_17_029:ACCAGTAAGATGTTAGx,10X_17_029,Radial Glia,PAX6,12,15,11,15,False,
10X_17_029:ACGATGTTCGCGTAGCx,10X_17_029,Neuroblast,PAX6,12,15,11,15,False,
10X_17_029:ACCCACTAGGACACCAx,10X_17_029,Neuroblast,PAX6,10,15,11,15,False,
10X_17_029:ACCTTTATCCTTGCCAx,10X_17_029,Neuroblast,PAX6,12,15,11,15,False,
10X_17_029:ACTTTCACAATGGAGCx,10X_17_029,Neuroblast,PAX6,9,15,11,15,False,
10X_17_029:ACGGGTCCATCTATGGx,10X_17_029,Neuroblast,PAX6,12,15,11,15,False,
10X_17_029:ACGGGCTGTCAATACCx,10X_17_029,Radial Glia,PAX6,12,15,11,15,False,
10X_17_029:ACTATCTGTCGCCATGx,10X_17_029,Radial Glia,PAX6,12,15,11,15,False,
10X_17_029:ACGGAGACATGCGCACx,10X_17_029,Radial Glia,PAX6,13,15,11,15,False,
10X_17_029:ACGGGTCGTGCAACTTx,10X_17_029,Radial Glia,PAX6,11,15,11,15,True,0.7949924468994141
10X_17_029:ACGGGCTTCGCCTGAGx,10X_17_029,Neuroblast,PAX6,9,15,11,15,False,
10X_17_029:ACTTTCATCAAGGCTTx,10X_17_029,Neuroblast,PAX6,6,15,11,15,False,
10X_17_029:ACTTGTTTCCGCGGTAx,10X_17_029,Radial Glia,PAX6,12,15,11,15,False,
10X_17_029:AGCGTCGTCCTCAACCx,10X_17_029,Radial Glia,PAX6,13,15,11,15,False,
10X_17_029:AGCCTAAGTCAAAGCGx,10X_17_029,Neuroblast,PAX6,10,15,11,15,False,
10X_17_029:AGCGTCGTCCTTTCGGx,10X_17_029,Neuroblast,PAX6,7,14,11,15,False,
10X_17_029:AGCAGCCTCCGCGTTTx,10X_17_029,Neuroblast,PAX6,9,15,11,15,False,
10X_17_029:AGCAGCCGTGCGATAGx,10X_17_029,Radial Glia,PAX6,12,15,11,15,False,
10X_17_029:AGCATACTCGACAGCCx,10X_17_029,Radial Glia,PAX6,12,15,11,15,False,
10X_17_029:AGAATAGTCTGTTTGTx,10X_17_029,Neuroblast,PAX6,13,15,11,15,False,
10X_17_029:AGCCTAACACAACGCCx,10X_17_029,Radial Glia,PAX6,12,15,11,15,False,
10X_17_029:AGCCTAATCTCTGCTGx,10X_17_029,Neuroblast,PAX6,13,15,11,15,False,
10X_17_029:AGCATACCAGTAAGCGx,10X_17_029,Radial Glia,PAX6,11,15,11,15,True,0.887031614780426
10X_17_029:AGGGTGAAGCTAACTCx,10X_17_029,Radial Glia,PAX6,13,15,11,15,False,
10X_17_029:AGCTCCTGTGACTACTx,10X_17_029,Radial Glia,PAX6,13,15,11,15,False,
10X_17_029:AGCTTGACACCAGGTCx,10X_17_029,Neuroblast,PAX6,12,15,11,15,False,
10X_17_029:AGTAGTCTCTTGCAAGx,10X_17_029,Neuroblast,PAX6,12,15,11,15,False,
10X_17_029:AGTGTCAAGTAGCGGTx,10X_17_029,Radial Glia,PAX6,13,15,11,15,False,
10X_17_029:AGGGAGTTCGTCCGTTx,10X_17_029,Radial Glia,PAX6,11,15,11,15,True,0.8501812815666199
10X_17_029:AGGCCGTGTCCTGCTTx,10X_17_029,Radial Glia,PAX6,12,15,11,15,False,
10X_17_029:AGGGAGTAGAGCTGGTx,10X_17_029,Neuroblast,PAX6,12,15,11,15,False,
10X_17_029:ATCATGGGTTAAGGGCx,10X_17_029,Radial Glia,PAX6,12,15,11,15,False,
10X_17_029:ATAACGCTCGACAGCCx,10X_17_029,Radial Glia,PAX6,10,15,11,15,False,
10X_17_029:AGTGTCATCATCTGTTx,10X_17_029,Neuroblast,PAX6,13,15,11,15,False,
10X_17_029:ATCTGCCGTCATCGGCx,10X_17_029,Neuroblast,PAX6,12,15,11,15,False,
10X_17_029:ATCATGGGTCCGAATTx,10X_17_029,Radial Glia,PAX6,12,15,11,15,False,
10X_17_029:ATCATGGAGATGCCAGx,10X_17_029,Radial Glia,PAX6,12,15,11,15,False,
10X_17_029:ATCATGGTCATTTGGGx,10X_17_029,Neuroblast,PAX6,10,15,11,15,False,
10X_17_029:ATCATGGAGCGGCTTCx,10X_17_029,Radial Glia,PAX6,12,15,11,15,False,
10X_17_029:ATCCGAACAAACTGTCx,10X_17_029,Radial Glia,PAX6,13,15,11,15,False,
10X_17_029:ATGAGGGCAACTGGCCx,10X_17_029,Radial Glia,PAX6,12,15,11,15,False,
10X_17_029:ATTCTACTCCTAGTGAx,10X_17_029,Radial Glia,PAX6,13,15,11,15,False,
10X_17_029:CAAGGCCTCCGCGCAAx,10X_17_029,Radial Glia,PAX6,12,15,11,15,False,
10X_17_029:CAAGTTGAGTCGATAAx,10X_17_029,Radial Glia,PAX6,13,15,11,15,False,
10X_17_029:CAACTAGCAATGAAACx,10X_17_029,Neuroblast,PAX6,12,15,11,15,False,
10X_17_029:CAAGATCTCAGAAATGx,10X_17_029,Radial Glia,PAX6,14,15,11,15,False,
10X_17_029:ATTGGACTCAAACCACx,10X_17_029,Neuroblast,PAX6,13,15,11,15,False,
10X_17_029:CAACTAGAGATCCGAGx,10X_17_029,Radial Glia,PAX6,12,15,11,15,False,
10X_17_029:CAACCTCAGGGCACTAx,10X_17_029,Radial Glia,PAX6,13,15,11,15,False,
10X_17_029:ATGTGTGGTTCGCGACx,10X_17_029,Radial Glia,PAX6,12,15,11,15,False,
10X_17_029:CAAGAAACAGTGAGTGx,10X_17_029,Neuroblast,PAX6,6,12,11,15,False,
10X_17_029:CAACCTCCATTGGCGCx,10X_17_029,Radial Glia,PAX6,11,15,11,15,True,0.8370528221130371
10X_17_029:ATTTCTGCACCATGTAx,10X_17_029,Radial Glia,PAX6,12,15,11,15,False,
10X_17_029:ATGTGTGGTCATCCCTx,10X_17_029,Radial Glia,PAX6,12,15,11,15,False,
10X_17_029:CAGATCACAGGGATTGx,10X_17_029,Radial Glia,PAX6,12,15,11,15,False,
10X_17_029:CACACTCGTAGCGCAAx,10X_17_029,Neuroblast,PAX6,12,15,11,15,False,
10X_17_029:CACAGGCCATTAGCCAx,10X_17_029,Radial Glia,PAX6,12,15,11,15,False,
10X_17_029:CAGAGAGTCAGGTTCAx,10X_17_029,Radial Glia,PAX6,13,15,11,15,False,
10X_17_029:CACCACTTCTGACCTCx,10X_17_029,Neuroblast,PAX6,10,15,11,15,False,
10X_17_029:CACTCCATCGGTGTCGx,10X_17_029,Radial Glia,PAX6,12,15,11,15,False,
10X_17_029:CACAGTAGTTAAAGTGx,10X_17_029,Radial Glia,PAX6,12,15,11,15,False,
10X_17_029:CAGATCATCGCATGATx,10X_17_029,Radial Glia,PAX6,12,15,11,15,False,
10X_17_029:CAGTAACGTGTGAAATx,10X_17_029,Neuroblast,PAX6,14,15,11,15,False,
10X_17_029:CATCAAGGTATAGTAGx,10X_17_029,Radial Glia,PAX6,13,15,11,15,False,
10X_17_029:CAGCTGGAGGTCGGATx,10X_17_029,Radial Glia,PAX6,12,15,11,15,False,
10X_17_029:CAGCTGGAGTCCGGTCx,10X_17_029,Radial Glia,PAX6,11,15,11,15,True,0.9032453894615172
10X_17_029:CAGTCCTAGGATGCGTx,10X_17_029,Radial Glia,PAX6,12,15,11,15,False,
10X_17_029:CAGCCGACACTAGTACx,10X_17_029,Radial Glia,PAX6,10,15,11,15,False,
10X_17_029:CATCAAGCAAGCCGCTx,10X_17_029,Radial Glia,PAX6,11,15,11,15,True,0.8489855527877808
10X_17_029:CATCAGAAGATCCCATx,10X_17_029,Neuroblast,PAX6,7,15,11,15,False,
10X_17_029:CCACGGAAGCTCCCAGx,10X_17_029,Radial Glia,PAX6,13,15,11,15,False,
10X_17_029:CCACGGAGTGGTCTCGx,10X_17_029,Radial Glia,PAX6,11,15,11,15,True,0.8826934099197388
10X_17_029:CATTATCCATCCCACTx,10X_17_029,Radial Glia,PAX6,13,15,11,15,False,
10X_17_029:CATGACAGTCGCATATx,10X_17_029,Neuroblast,PAX6,12,15,11,15,False,
10X_17_029:CATCAGATCTACTCATx,10X_17_029,Radial Glia,PAX6,11,15,11,15,True,0.8839341998100281
10X_17_029:CCACGGATCTGATACGx,10X_17_029,Radial Glia,PAX6,14,15,11,15,False,
10X_17_029:CATCGAATCTGATACGx,10X_17_029,Radial Glia,PAX6,13,15,11,15,False,
10X_17_029:CCACCTATCCGCATCTx,10X_17_029,Neuroblast,PAX6,11,15,11,15,True,0.7123473882675171
10X_17_029:CCACCTACATGGATGGx,10X_17_029,Radial Glia,PAX6,13,15,11,15,False,
10X_17_029:CATCCACAGGCTAGGTx,10X_17_029,Radial Glia,PAX6,13,15,11,15,False,
10X_17_029:CCATTCGGTCGGCATCx,10X_17_029,Neuroblast,PAX6,10,15,11,15,False,
10X_17_029:CCATGTCCATGACGGAx,10X_17_029,Neuroblast,PAX6,13,15,11,15,False,
10X_17_029:CCACTACTCGAATGGGx,10X_17_029,Radial Glia,PAX6,12,15,11,15,False,
10X_17_029:CCGGGATAGGTGTGGTx,10X_17_029,Radial Glia,PAX6,12,15,11,15,False,
10X_17_029:CCATTCGGTCTAGGTTx,10X_17_029,Radial Glia,PAX6,13,15,11,15,False,
10X_17_029:CCGGGATTCACTGGGCx,10X_17_029,Radial Glia,PAX6,12,15,11,15,False,
10X_17_029:CCGGGATCAATCACACx,10X_17_029,Neuroblast,PAX6,11,15,11,15,True,0.733538031578064
10X_17_029:CCGGGATGTTACGTCAx,10X_17_029,Neuroblast,PAX6,12,15,11,15,False,
10X_17_029:CCAGCGACATTACGACx,10X_17_029,Radial Glia,PAX6,12,15,11,15,False,
10X_17_029:CCCATACAGATGCCTTx,10X_17_029,Neuroblast,PAX6,12,15,11,15,False,
10X_17_029:CCGTACTTCGCTTGTCx,10X_17_029,Neuroblast,PAX6,1,15,11,15,False,
10X_17_029:CCGGTAGGTGCAACTTx,10X_17_029,Neuroblast,PAX6,12,15,11,15,False,
10X_17_029:CCTATTACAGGTCGTCx,10X_17_029,Neuroblast,PAX6,11,15,11,15,True,0.7204234600067139
10X_17_029:CGAACATCAGTTCCCTx,10X_17_029,Radial Glia,PAX6,13,15,11,15,False,
10X_17_029:CCTAGCTGTTAAGATGx,10X_17_029,Radial Glia,PAX6,13,15,11,15,False,
10X_17_029:CGACCTTAGCCTATGTx,10X_17_029,Radial Glia,PAX6,13,15,11,15,False,
10X_17_029:CCTAGCTGTACTTCTTx,10X_17_029,Neuroblast,PAX6,12,15,11,15,False,
10X_17_029:CCTTCCCGTACATGTCx,10X_17_029,Radial Glia,PAX6,12,15,11,15,False,
10X_17_029:CCTCTGACACTTAACGx,10X_17_029,Radial Glia,PAX6,14,15,11,15,False,
10X_17_029:CGGACTGAGGCAATTAx,10X_17_029,Radial Glia,PAX6,12,15,11,15,False,
10X_17_029:CGCTATCAGATAGCATx,10X_17_029,Radial Glia,PAX6,12,15,11,15,False,
10X_17_029:CGGAGCTTCGCGGATCx,10X_17_029,Neuroblast,PAX6,12,15,11,15,False,
10X_17_029:CGGACGTGTTCACGGCx,10X_17_029,Radial Glia,PAX6,12,15,11,15,False,
10X_17_029:CGCGTTTTCACCTCGTx,10X_17_029,Radial Glia,PAX6,12,15,11,15,False,
10X_17_029:CGGACACTCATGCTCCx,10X_17_029,Radial Glia,PAX6,13,15,11,15,False,
10X_17_029:CGCTGGAAGTTTCCTTx,10X_17_029,Radial Glia,PAX6,12,15,11,15,False,
10X_17_029:CGCGGTAGTATATGAGx,10X_17_029,Neuroblast,PAX6,10,15,11,15,False,
10X_17_029:CGTTGGGGTTGCTCCTx,10X_17_029,Neuroblast,PAX6,10,15,11,15,False,
10X_17_029:CGTAGGCAGTGTACTCx,10X_17_029,Neuroblast,PAX6,10,15,11,15,False,
10X_17_029:CGGGTCATCGTACCGGx,10X_17_029,Radial Glia,PAX6,11,15,11,15,True,0.8807817697525024
10X_17_029:CGGGTCAGTGTCGCTGx,10X_17_029,Radial Glia,PAX6,13,15,11,15,False,
10X_17_029:CGTCCATGTTCACGGCx,10X_17_029,Radial Glia,PAX6,12,15,11,15,False,
10X_17_029:CGTTGGGTCTTTACGTx,10X_17_029,Neuroblast,PAX6,12,15,11,15,False,
10X_17_029:CGTTCTGAGACCGGATx,10X_17_029,Neuroblast,PAX6,8,14,11,15,False,
10X_17_029:CGTGTCTTCCATGCTCx,10X_17_029,Radial Glia,PAX6,12,15,11,15,False,
10X_17_029:CGTCTACAGGCGCTCTx,10X_17_029,Neuroblast,PAX6,11,15,11,15,True,0.7884448170661926
10X_17_029:CTCACACGTGCAGTAGx,10X_17_029,Radial Glia,PAX6,13,15,11,15,False,
10X_17_029:CTACATTTCTCTGCTGx,10X_17_029,Radial Glia,PAX6,12,15,11,15,False,
10X_17_029:CTACATTGTCTCACCTx,10X_17_029,Radial Glia,PAX6,13,15,11,15,False,
10X_17_029:CTAACTTTCTAACGGTx,10X_17_029,Neuroblast,PAX6,12,15,11,15,False,
10X_17_029:CTCACACTCATGCTCCx,10X_17_029,Radial Glia,PAX6,11,15,11,15,True,0.8500903844833374
10X_17_029:CTAAGACTCATCTGCCx,10X_17_029,Neuroblast,PAX6,13,15,11,15,False,
10X_17_029:CTCACACCAGCATACTx,10X_17_029,Radial Glia,PAX6,13,15,11,15,False,
10X_17_029:CTACATTTCTATCGCCx,10X_17_029,Radial Glia,PAX6,12,15,11,15,False,
10X_17_029:CTACCCACACCAGATTx,10X_17_029,Radial Glia,PAX6,12,15,11,15,False,
10X_17_029:CTAATGGGTCTGATCAx,10X_17_029,Radial Glia,PAX6,12,15,11,15,False,
10X_17_029:CTCAGAAGTTATCCGAx,10X_17_029,Neuroblast,PAX6,9,15,11,15,False,
10X_17_029:CTCGAGGTCCGAGCCAx,10X_17_029,Radial Glia,PAX6,11,15,11,15,True,0.9371874928474426
10X_17_029:CTGATAGAGATGAGAGx,10X_17_029,Radial Glia,PAX6,13,15,11,15,False,
10X_17_029:CTCGAAAGTGAGGCTAx,10X_17_029,Radial Glia,PAX6,12,15,11,15,False,
10X_17_029:CTCGGGAAGTTTCCTTx,10X_17_029,Radial Glia,PAX6,13,15,11,15,False,
10X_17_029:CTCTACGAGCCAGAACx,10X_17_029,Neuroblast,PAX6,12,15,11,15,False,
10X_17_029:CTCGGAGCAAGGTTTCx,10X_17_029,Radial Glia,PAX6,13,15,11,15,False,
10X_17_029:CTCGAGGGTACTCTCCx,10X_17_029,Radial Glia,PAX6,11,15,11,15,True,0.8894644975662231
10X_17_029:CTCTGGTGTGTCAATCx,10X_17_029,Radial Glia,PAX6,12,15,11,15,False,
10X_17_029:CTGATCCCATCTGGTAx,10X_17_029,Radial Glia,PAX6,12,15,11,15,False,
10X_17_029:CTCTAATAGATATACGx,10X_17_029,Radial Glia,PAX6,13,15,11,15,False,
10X_17_029:CTCGAGGTCAGCTCTCx,10X_17_029,Radial Glia,PAX6,12,15,11,15,False,
10X_17_029:CTGATCCCATACTACGx,10X_17_029,Radial Glia,PAX6,12,15,11,15,False,
10X_17_029:CTGATCCCAGTTTACGx,10X_17_029,Neuroblast,PAX6,10,15,11,15,False,
10X_17_029:CTGATAGAGTTAACGAx,10X_17_029,Radial Glia,PAX6,12,15,11,15,False,
10X_17_029:CTTGGCTCATGCCACGx,10X_17_029,Neuroblast,PAX6,8,15,11,15,False,
10X_17_029:CTGCCTAGTGGCGAATx,10X_17_029,Neuroblast,PAX6,11,15,11,15,True,0.789658784866333
10X_17_029:CTTCTCTCAACACGCCx,10X_17_029,Radial Glia,PAX6,13,15,11,15,False,
10X_17_029:CTTAACTTCAGGATCTx,10X_17_029,Radial Glia,PAX6,12,15,11,15,False,
10X_17_029:CTTAGGAAGATCTGCTx,10X_17_029,Neuroblast,PAX6,8,15,11,15,False,
10X_17_029:GAAATGATCCGCTGTTx,10X_17_029,Radial Glia,PAX6,14,15,11,15,False,
10X_17_029:GAACATCGTTCGCTAAx,10X_17_029,Neuroblast,PAX6,11,15,11,15,True,0.7355507612228394
10X_17_029:CTGCGGAAGAGTACATx,10X_17_029,Radial Glia,PAX6,13,15,11,15,False,
10X_17_029:GACGTGCTCTAGCACAx,10X_17_029,Radial Glia,PAX6,13,15,11,15,False,
10X_17_029:GACGGCTGTCGACTGCx,10X_17_029,Radial Glia,PAX6,11,15,11,15,True,0.8530982136726379
10X_17_029:GACGGCTGTGATGTCTx,10X_17_029,Neuroblast,PAX6,12,15,11,15,False,
10X_17_029:GACTACAAGAATTGTGx,10X_17_029,Neuroblast,PAX6,4,14,11,15,False,
10X_17_029:GACTAACGTCCCTACTx,10X_17_029,Radial Glia,PAX6,12,15,11,15,False,
10X_17_029:GACAGAGGTTTGACACx,10X_17_029,Radial Glia,PAX6,12,15,11,15,False,
10X_17_029:GACGTGCGTGACTCATx,10X_17_029,Neuroblast,PAX6,11,15,11,15,True,0.711767315864563
10X_17_029:GACCAATGTGAGGCTAx,10X_17_029,Radial Glia,PAX6,12,15,11,15,False,
10X_17_029:GAAGCAGCAGCTGTTAx,10X_17_029,Neuroblast,PAX6,11,15,11,15,True,0.7189537286758423
10X_17_029:GAACCTATCCCTTGTGx,10X_17_029,Neuroblast,PAX6,12,15,11,15,False,
10X_17_029:GAAGCAGAGGCTCATTx,10X_17_029,Radial Glia,PAX6,13,15,11,15,False,
10X_17_029:GAAGCAGTCTGTTGAGx,10X_17_029,Neuroblast,PAX6,12,15,11,15,False,
10X_17_029:GAAGCAGTCACTTCATx,10X_17_029,Radial Glia,PAX6,12,15,11,15,False,
10X_17_029:GACACGCGTCCAAGTTx,10X_17_029,Radial Glia,PAX6,13,15,11,15,False,
10X_17_029:GACGGCTCAGTTCATGx,10X_17_029,Neuroblast,PAX6,13,15,11,15,False,
10X_17_029:GACTAACGTTAAGACAx,10X_17_029,Neuroblast,PAX6,13,15,11,15,False,
10X_17_029:GATCGTATCAATACCGx,10X_17_029,Radial Glia,PAX6,11,15,11,15,True,0.819587230682373
10X_17_029:GATCGTAAGAATGTTGx,10X_17_029,Radial Glia,PAX6,12,15,11,15,False,
10X_17_029:GAGCAGAGTAGAGCTGx,10X_17_029,Radial Glia,PAX6,13,15,11,15,False,
10X_17_029:GATGCTATCTTCATGTx,10X_17_029,Neuroblast,PAX6,12,15,11,15,False,
10X_17_029:GATGAAAGTGCAGGTAx,10X_17_029,Radial Glia,PAX6,13,15,11,15,False,
10X_17_029:GATCGCGGTTTGTTTCx,10X_17_029,Radial Glia,PAX6,14,15,11,15,False,
10X_17_029:GCATACAGTGCACGAAx,10X_17_029,Radial Glia,PAX6,11,15,11,15,True,0.8354204893112183
10X_17_029:GCATGTAAGACTAGATx,10X_17_029,Radial Glia,PAX6,12,15,11,15,False,
10X_17_029:GCACTCTGTGCAACTTx,10X_17_029,Radial Glia,PAX6,13,15,11,15,False,
10X_17_029:GCAATCATCCGCATCTx,10X_17_029,Radial Glia,PAX6,13,15,11,15,False,
10X_17_029:GCGAGAATCTATCCCGx,10X_17_029,Radial Glia,PAX6,12,15,11,15,False,
10X_17_029:GCGAGAACACGACGAAx,10X_17_029,Radial Glia,PAX6,14,15,11,15,False,
10X_17_029:GCACATAGTTACGGAGx,10X_17_029,Neuroblast,PAX6,11,15,11,15,True,0.7266772389411926
10X_17_029:GCAGCCAGTATTCTCTx,10X_17_029,Radial Glia,PAX6,12,15,11,15,False,
10X_17_029:GGAACTTGTCCCTACTx,10X_17_029,Radial Glia,PAX6,12,15,11,15,False,
10X_17_029:GGACAGATCTGTGCAAx,10X_17_029,Neuroblast,PAX6,12,15,11,15,False,
10X_17_029:GGAAAGCGTGCCTTGGx,10X_17_029,Neuroblast,PAX6,13,15,11,15,False,
10X_17_029:GCGCCAATCCCTAATTx,10X_17_029,Radial Glia,PAX6,11,15,11,15,True,0.9041519165039062
10X_17_029:GCTGCTTAGTTAAGTGx,10X_17_029,Neuroblast,PAX6,13,15,11,15,False,
10X_17_029:GCTGCAGTCTCAAGTGx,10X_17_029,Neuroblast,PAX6,12,15,11,15,False,
10X_17_029:GCGCGATCACGAAATAx,10X_17_029,Neuroblast,PAX6,12,15,11,15,False,
10X_17_029:GGAATAATCCGCATCTx,10X_17_029,Neuroblast,PAX6,12,15,11,15,False,
10X_17_029:GGAACTTAGGATGCGTx,10X_17_029,Radial Glia,PAX6,12,15,11,15,False,
10X_17_029:GCGGGTTGTGAACCTTx,10X_17_029,Radial Glia,PAX6,12,15,11,15,False,
10X_17_029:GCGGGTTTCAGTACGTx,10X_17_029,Radial Glia,PAX6,12,15,11,15,False,
10X_17_029:GGACGTCTCCAATGGTx,10X_17_029,Neuroblast,PAX6,12,15,11,15,False,
10X_17_029:GGATGTTAGTCCGGTCx,10X_17_029,Neuroblast,PAX6,9,15,11,15,False,
10X_17_029:GGCGACTGTGATGATAx,10X_17_029,Radial Glia,PAX6,13,15,11,15,False,
10X_17_029:GGGAATGAGCGTAGTGx,10X_17_029,Radial Glia,PAX6,13,15,11,15,False,
10X_17_029:GGCCGATCATTGTGCAx,10X_17_029,Neuroblast,PAX6,5,13,11,15,False,
10X_17_029:GGATGTTGTTCACGGCx,10X_17_029,Neuroblast,PAX6,12,15,11,15,False,
10X_17_029:GGGAATGAGTCCATACx,10X_17_029,Radial Glia,PAX6,13,15,11,15,False,
10X_17_029:GGACGTCGTGTTTGTGx,10X_17_029,Radial Glia,PAX6,10,15,11,15,False,
10X_17_029:GGCCGATAGCCAGAACx,10X_17_029,Radial Glia,PAX6,10,15,11,15,False,
10X_17_029:GGACATTGTCCAAGTTx,10X_17_029,Neuroblast,PAX6,7,15,11,15,False,
10X_17_029:GGGAGATCAGCCAATTx,10X_17_029,Neuroblast,PAX6,7,12,11,15,False,
10X_17_029:GGTATTGAGCTCCTCTx,10X_17_029,Radial Glia,PAX6,13,15,11,15,False,
10X_17_029:GGGTCTGCAAGTTGTCx,10X_17_029,Neuroblast,PAX6,0,14,11,15,False,
10X_17_029:GGGATGACATCCAACAx,10X_17_029,Radial Glia,PAX6,13,15,11,15,False,
10X_17_029:GGGCATCAGAAGGCCTx,10X_17_029,Radial Glia,PAX6,13,15,11,15,False,
10X_17_029:GGTGTTACACGAGAGTx,10X_17_029,Neuroblast,PAX6,3,14,11,15,False,
10X_17_029:GGGTTGCCAGCCTATAx,10X_17_029,Neuroblast,PAX6,3,15,11,15,False,
10X_17_029:GTAACGTGTATCAGTCx,10X_17_029,Neuroblast,PAX6,12,15,11,15,False,
10X_17_029:GTACTCCTCCGTAGTAx,10X_17_029,Radial Glia,PAX6,12,15,11,15,False,
10X_17_029:GGGCACTAGATGTCGGx,10X_17_029,Radial Glia,PAX6,13,15,11,15,False,
10X_17_029:GGGTCTGGTCTTCAAGx,10X_17_029,Neuroblast,PAX6,8,15,11,15,False,
10X_17_029:GGGAGATCAGGACCCTx,10X_17_029,Neuroblast,PAX6,12,15,11,15,False,
10X_17_029:GGGCACTCAGTATAAGx,10X_17_029,Radial Glia,PAX6,12,15,11,15,False,
10X_17_029:GTACTTTCATCACAACx,10X_17_029,Neuroblast,PAX6,11,15,11,15,True,0.7243860960006714
10X_17_029:GTCGGGTGTTAAGATGx,10X_17_029,Radial Glia,PAX6,13,15,11,15,False,
10X_17_029:GTCACAAGTGCGCTTGx,10X_17_029,Radial Glia,PAX6,12,15,11,15,False,
10X_17_029:GTATTCTGTTCATGGTx,10X_17_029,Neuroblast,PAX6,12,15,11,15,False,
10X_17_029:GTCACGGCATTGCGGCx,10X_17_029,Radial Glia,PAX6,11,15,11,15,True,0.939562201499939
10X_17_029:GTAGGCCAGGCCCTCAx,10X_17_029,Radial Glia,PAX6,13,15,11,15,False,
10X_17_029:GTGTTAGTCCATGAACx,10X_17_029,Radial Glia,PAX6,13,15,11,15,False,
10X_17_029:GTCGTAAGTCTCGTTCx,10X_17_029,Neuroblast,PAX6,13,15,11,15,False,
10X_17_029:GTTAAGCGTAAGTAGTx,10X_17_029,Radial Glia,PAX6,13,15,11,15,False,
10X_17_029:GTGTTAGAGTAGGCCAx,10X_17_029,Radial Glia,PAX6,12,15,11,15,False,
10X_17_029:GTCTTCGGTCTTCGTCx,10X_17_029,Radial Glia,PAX6,10,15,11,15,False,
10X_17_029:GTCGTAACACTTAACGx,10X_17_029,Radial Glia,PAX6,12,15,11,15,False,
10X_17_029:TAAGTGCCACATCTTTx,10X_17_029,Neuroblast,PAX6,12,15,11,15,False,
10X_17_029:TAAGTGCCAGTCGTGCx,10X_17_029,Radial Glia,PAX6,13,15,11,15,False,
10X_17_029:TACCTATAGGTGTTAAx,10X_17_029,Neuroblast,PAX6,10,15,11,15,False,
10X_17_029:TACACGACACGACGAAx,10X_17_029,Radial Glia,PAX6,12,15,11,15,False,
10X_17_029:TAAACCGTCACTGGGCx,10X_17_029,Radial Glia,PAX6,12,15,11,15,False,
10X_17_029:GTTCATTCATCGATTGx,10X_17_029,Radial Glia,PAX6,13,15,11,15,False,
10X_17_029:TACACGACAACCGCCAx,10X_17_029,Radial Glia,PAX6,12,15,11,15,False,
10X_17_029:TACCTTACACCGATATx,10X_17_029,Radial Glia,PAX6,12,15,11,15,False,
10X_17_029:TAAGCGTTCGCAGGCTx,10X_17_029,Neuroblast,PAX6,10,15,11,15,False,
10X_17_029:GTTCGGGCACTGAAGGx,10X_17_029,Radial Glia,PAX6,12,15,11,15,False,
10X_17_029:GTTCTCGAGCTGTCTAx,10X_17_029,Radial Glia,PAX6,13,15,11,15,False,
10X_17_029:GTTTCTATCCGCGGTAx,10X_17_029,Neuroblast,PAX6,11,15,11,15,True,0.7215521335601807
10X_17_029:TATCAGGAGTAATCCCx,10X_17_029,Radial Glia,PAX6,13,15,11,15,False,
10X_17_029:TATGCCCTCATGCATGx,10X_17_029,Neuroblast,PAX6,14,15,11,15,False,
10X_17_029:TAGTGGTGTCTAGTCAx,10X_17_029,Radial Glia,PAX6,13,15,11,15,False,
10X_17_029:TACTCGCCACGTCTCTx,10X_17_029,Radial Glia,PAX6,12,15,11,15,False,
10X_17_029:TACTTGTCACTGCCAGx,10X_17_029,Neuroblast,PAX6,10,15,11,15,False,
10X_17_029:TAGAGCTTCAACTCTTx,10X_17_029,Neuroblast,PAX6,10,15,11,15,False,
10X_17_029:TACGGATGTCAAAGCGx,10X_17_029,Radial Glia,PAX6,12,15,11,15,False,
10X_17_029:TACTTGTCACAACTGTx,10X_17_029,Radial Glia,PAX6,13,15,11,15,False,
10X_17_029:TAGTTGGGTGCTTCTCx,10X_17_029,Radial Glia,PAX6,12,15,11,15,False,
10X_17_029:TCAGCAAGTCAATACCx,10X_17_029,Neuroblast,PAX6,9,14,11,15,False,
10X_17_029:TCACAAGGTGACGCCTx,10X_17_029,Neuroblast,PAX6,12,15,11,15,False,
10X_17_029:TCCCGATGTTCCACAAx,10X_17_029,Neuroblast,PAX6,11,15,11,15,True,0.7423389554023743
10X_17_029:TATTACCGTGCCTTGGx,10X_17_029,Radial Glia,PAX6,14,15,11,15,False,
10X_17_029:TCACGAATCTTTAGGGx,10X_17_029,Neuroblast,PAX6,12,15,11,15,False,
10X_17_029:TCACGAACAAGCGATGx,10X_17_029,Radial Glia,PAX6,12,15,11,15,False,
10X_17_029:TATTACCCAGGGATTGx,10X_17_029,Neuroblast,PAX6,12,15,11,15,False,
10X_17_029:TCAGGTACAGCCACCAx,10X_17_029,Neuroblast,PAX6,11,15,11,15,True,0.7194279432296753
10X_17_029:TATTACCGTCAATACCx,10X_17_029,Neuroblast,PAX6,11,15,11,15,True,0.7441992163658142
10X_17_029:TCCCGATCACGTGAGAx,10X_17_029,Radial Glia,PAX6,11,15,11,15,True,0.9066447615623474
10X_17_029:TCCACACTCCACGAATx,10X_17_029,Radial Glia,PAX6,11,15,11,15,True,0.8685289621353149
10X_17_029:TCAGATGAGCGTAATAx,10X_17_029,Radial Glia,PAX6,12,15,11,15,False,
10X_17_029:TCTGGAATCTGCTGCTx,10X_17_029,Neuroblast,PAX6,13,15,11,15,False,
10X_17_029:TCTATTGGTAAGTAGTx,10X_17_029,Neuroblast,PAX6,13,15,11,15,False,
10X_17_029:TCTCTAAGTCGAACAGx,10X_17_029,Radial Glia,PAX6,12,15,11,15,False,
10X_17_029:TCGGTAAGTCATTAGCx,10X_17_029,Radial Glia,PAX6,13,15,11,15,False,
10X_17_029:TCGTACCTCTCGAGTAx,10X_17_029,Radial Glia,PAX6,11,15,11,15,True,0.8872479200363159
10X_17_029:TCGGGACGTGCTCTTCx,10X_17_029,Neuroblast,PAX6,13,15,11,15,False,
10X_17_029:TCTGGAAAGGAATCGCx,10X_17_029,Neuroblast,PAX6,11,15,11,15,True,0.7365178465843201
10X_17_029:TCTCATACAAGGGTCAx,10X_17_029,Radial Glia,PAX6,11,15,11,15,True,0.8765925168991089
10X_17_029:TGAGAGGAGATAGCATx,10X_17_029,Neuroblast,PAX6,12,15,11,15,False,
10X_17_029:TGACTAGTCCGAATGTx,10X_17_029,Neuroblast,PAX6,11,15,11,15,True,0.7067561745643616
10X_17_029:TGACGGCCACGGCCATx,10X_17_029,Neuroblast,PAX6,12,15,11,15,False,
10X_17_029:TGACGGCTCGTATCAGx,10X_17_029,Neuroblast,PAX6,13,15,11,15,False,
10X_17_029:TGAAAGACAGCTCGACx,10X_17_029,Neuroblast,PAX6,11,15,11,15,True,0.7202867269515991
10X_17_029:TCTTTCCTCTCCGGTTx,10X_17_029,Neuroblast,PAX6,12,15,11,15,False,
10X_17_029:TGAGCATTCCGCAGTGx,10X_17_029,Neuroblast,PAX6,8,14,11,15,False,
10X_17_029:TGAGCCGAGTGGGTTGx,10X_17_029,Radial Glia,PAX6,12,15,11,15,False,
10X_17_029:TGACTTTCACGGTAGAx,10X_17_029,Radial Glia,PAX6,11,15,11,15,True,0.8776075839996338
10X_17_029:TGAGCCGTCCATGAACx,10X_17_029,Radial Glia,PAX6,13,15,11,15,False,
10X_17_029:TGAGAGGAGACACGACx,10X_17_029,Radial Glia,PAX6,14,15,11,15,False,
10X_17_029:TCTTTCCGTCCAAGTTx,10X_17_029,Neuroblast,PAX6,11,15,11,15,True,0.7351468801498413
10X_17_029:TGAAAGAGTACTCTCCx,10X_17_029,Neuroblast,PAX6,11,15,11,15,True,0.7267202734947205
10X_17_029:TGATTTCGTTTGTTTCx,10X_17_029,Radial Glia,PAX6,12,15,11,15,False,
10X_17_029:TGACTTTTCTGTTGAGx,10X_17_029,Neuroblast,PAX6,14,15,11,15,False,
10X_17_029:TGGCCAGGTCCGAGTCx,10X_17_029,Radial Glia,PAX6,12,15,11,15,False,
10X_17_029:TGCGCAGGTTCTGTTTx,10X_17_029,Neuroblast,PAX6,13,15,11,15,False,
10X_17_029:TGGCCAGAGTGCGATGx,10X_17_029,Neuroblast,PAX6,10,15,11,15,False,
10X_17_029:TGCTGCTTCGTTTGCCx,10X_17_029,Radial Glia,PAX6,12,15,11,15,False,
10X_17_029:TGGGCGTGTTATGCGTx,10X_17_029,Radial Glia,PAX6,12,15,11,15,False,
10X_17_029:TGCGCAGAGACCACGAx,10X_17_029,Radial Glia,PAX6,14,15,11,15,False,
10X_17_029:TGGCTGGCAGGGTTAGx,10X_17_029,Radial Glia,PAX6,12,15,11,15,False,
10X_17_029:TGCCCTAGTCAAACTCx,10X_17_029,Radial Glia,PAX6,11,15,11,15,True,0.8273570537567139
10X_17_029:TGGTTAGAGGTGCACAx,10X_17_029,Neuroblast,PAX6,4,14,11,15,False,
10X_17_029:TGGGAAGGTCCATGATx,10X_17_029,Neuroblast,PAX6,13,15,11,15,False,
10X_17_029:TGCTGCTGTGAGTATAx,10X_17_029,Radial Glia,PAX6,12,15,11,15,False,
10X_17_029:TGCGTGGTCTACTATCx,10X_17_029,Radial Glia,PAX6,12,15,11,15,False,
10X_17_029:TGGCTGGGTCGGCATCx,10X_17_029,Neuroblast,PAX6,11,15,11,15,True,0.7094478011131287
10X_17_029:TGTGTTTTCTGCGTAAx,10X_17_029,Radial Glia,PAX6,14,15,11,15,False,
10X_17_029:TTAGGACAGGTGGGTTx,10X_17_029,Radial Glia,PAX6,12,15,11,15,False,
10X_17_029:TTATGCTCAAGGTTCTx,10X_17_029,Neuroblast,PAX6,13,15,11,15,False,
10X_17_029:TTAGTTCAGATACACAx,10X_17_029,Radial Glia,PAX6,13,15,11,15,False,
10X_17_029:TGTCCCACACCTATCCx,10X_17_029,Neuroblast,PAX6,12,15,11,15,False,
10X_17_029:TGTTCCGTCCTATTCAx,10X_17_029,Radial Glia,PAX6,12,15,11,15,False,
10X_17_029:TTAGGCAAGCAGCGTAx,10X_17_029,Radial Glia,PAX6,12,15,11,15,False,
10X_17_029:TGTATTCAGCTCCTTCx,10X_17_029,Neuroblast,PAX6,10,15,11,15,False,
10X_17_029:TTAGTTCAGTCCGGTCx,10X_17_029,Radial Glia,PAX6,14,15,11,15,False,
10X_17_029:TTAGTTCCAAACCTACx,10X_17_029,Radial Glia,PAX6,11,15,11,15,True,0.8210856914520264
10X_17_029:TTCGAAGAGACAAGCCx,10X_17_029,Radial Glia,PAX6,12,15,11,15,False,
10X_17_029:TGTCCCATCAGCGATTx,10X_17_029,Radial Glia,PAX6,12,15,11,15,False,
10X_17_029:TGTCCCACATACTCTTx,10X_17_029,Radial Glia,PAX6,12,15,11,15,False,
10X_17_029:TGTATTCTCACGCGGTx,10X_17_029,Radial Glia,PAX6,13,15,11,15,False,
10X_17_029:TTGGAACAGCGACGTAx,10X_17_029,Radial Glia,PAX6,13,15,11,15,False,
10X_17_029:TTGGCAAAGACACGACx,10X_17_029,Radial Glia,PAX6,12,15,11,15,False,
10X_17_029:TTGCGTCAGACACGACx,10X_17_029,Radial Glia,PAX6,14,15,11,15,False,
10X_17_029:TTCGGTCGTCTCGTTCx,10X_17_029,Neuroblast,PAX6,11,15,11,15,True,0.7514042258262634
10X_17_029:TTCTCCTGTTACAGAAx,10X_17_029,Radial Glia,PAX6,11,15,11,15,True,0.8452414274215698
10X_17_029:TTGGAACCATATGGTCx,10X_17_029,Radial Glia,PAX6,11,15,11,15,True,0.8619852662086487
10X_17_029:TTCGGTCAGCTCCTTCx,10X_17_029,Radial Glia,PAX6,13,15,11,15,False,
10X_17_029:TTGCCGTAGGTCGGATx,10X_17_029,Neuroblast,PAX6,12,15,11,15,False,
10X_17_029:TTTCCTCCAGATGGGTx,10X_17_029,Radial Glia,PAX6,12,15,11,15,False,
10X_17_029:TTTGGTTAGATGGCGTx,10X_17_029,Radial Glia,PAX6,13,15,11,15,False,
10X_17_029:TTTATGCAGCTCAACTx,10X_17_029,Radial Glia,PAX6,12,15,11,15,False,
10X_17_029:TTTATGCGTTGCGCACx,10X_17_029,Radial Glia,PAX6,12,15,11,15,False,
10X_17_029:TTTGCGCGTTCCGTCTx,10X_17_029,Neuroblast,PAX6,10,15,11,15,False,
10X_17_029:TTTCCTCCAGTCCTTCx,10X_17_029,Radial Glia,PAX6,11,15,11,15,True,0.9003069400787354
10X_17_029:TTTGCGCCACAGATTCx,10X_17_029,Radial Glia,PAX6,11,15,11,15,True,0.8825986981391907
10X_17_028:AAACCTGGTAAAGGAGx,10X_17_028,Radial Glia,EMX1,11,14,10,14,False,
10X_17_028:AAAGTAGCAAAGTCAAx,10X_17_028,Radial Glia,EMX1,10,14,10,14,True,0.7932121753692627
10X_17_028:AAAGTAGCACGCTTTCx,10X_17_028,Neuron,EMX1,7,14,10,14,False,
10X_17_028:AAACCTGTCCTAGTGAx,10X_17_028,Radial Glia,EMX1,8,14,10,14,False,
10X_17_028:AAAGCAACACACAGAGx,10X_17_028,Neuron,EMX1,9,14,10,14,False,
10X_17_028:AAACGGGTCTGCGTAAx,10X_17_028,Radial Glia,EMX1,10,14,10,14,True,0.8068023920059204
10X_17_028:AAACCTGGTCTCATCCx,10X_17_028,Radial Glia,EMX1,7,14,10,14,False,
10X_17_028:AAATGCCGTAGCGCTCx,10X_17_028,Radial Glia,EMX1,4,12,10,14,False,
10X_17_028:AAAGTAGTCCGCGGTAx,10X_17_028,Radial Glia,EMX1,8,14,10,14,False,
10X_17_028:AAAGCAACAAGTTCTGx,10X_17_028,Neuron,EMX1,6,14,10,14,False,
10X_17_028:AACCATGAGGTGTGGTx,10X_17_028,Neuron,EMX1,11,14,10,14,False,
10X_17_028:AAAGATGTCTGTCTCGx,10X_17_028,Neuron,EMX1,9,14,10,14,False,
10X_17_028:AAATGCCAGTCAATAGx,10X_17_028,Radial Glia,EMX1,9,11,10,14,False,
10X_17_028:AACTCAGAGAGTTGGCx,10X_17_028,Radial Glia,EMX1,11,15,10,14,False,
10X_17_028:AACTCAGGTAATTGGAx,10X_17_028,Radial Glia,EMX1,1,13,10,14,False,
10X_17_028:AACGTTGCACCTATCCx,10X_17_028,Neuron,EMX1,4,14,10,14,False,
10X_17_028:AACTCTTCAAGTTCTGx,10X_17_028,Neuron,EMX1,8,14,10,14,False,
10X_17_028:AAGACCTTCTGAAAGAx,10X_17_028,Radial Glia,EMX1,6,13,10,14,False,
10X_17_028:AACTTTCGTTACCGATx,10X_17_028,Radial Glia,EMX1,10,14,10,14,True,0.8108465671539307
10X_17_028:AACGTTGGTGACGGTAx,10X_17_028,Radial Glia,EMX1,10,14,10,14,True,0.796602189540863
10X_17_028:AACTCTTGTGCTCTTCx,10X_17_028,Neuron,EMX1,10,14,10,14,True,0.8453543186187744
10X_17_028:AACGTTGAGCGTAATAx,10X_17_028,Neuron,EMX1,6,14,10,14,False,
10X_17_028:AACTTTCTCCTCTAGCx,10X_17_028,Radial Glia,EMX1,10,14,10,14,True,0.8548754453659058
10X_17_028:ACACCCTAGTAGCCGAx,10X_17_028,Radial Glia,EMX1,8,13,10,14,False,
10X_17_028:ACACCCTGTCTTCGTCx,10X_17_028,Radial Glia,EMX1,9,14,10,14,False,
10X_17_028:AAGCCGCGTACCATCAx,10X_17_028,Radial Glia,EMX1,9,14,10,14,False,
10X_17_028:ACACCCTGTTGATTCGx,10X_17_028,Neuron,EMX1,4,14,10,14,False,
10X_17_028:ACACCCTGTCCAGTTAx,10X_17_028,Radial Glia,EMX1,9,14,10,14,False,
10X_17_028:AAGGCAGGTAACGCGAx,10X_17_028,Radial Glia,EMX1,8,14,10,14,False,
10X_17_028:AAGGAGCTCGTACCGGx,10X_17_028,Neuron,EMX1,8,14,10,14,False,
10X_17_028:AAGGCAGCATTAGGCTx,10X_17_028,Radial Glia,EMX1,8,14,10,14,False,
10X_17_028:ACAGCCGCACTAGTACx,10X_17_028,Radial Glia,EMX1,11,14,10,14,False,
10X_17_028:ACCAGTAAGGCCCGTTx,10X_17_028,Radial Glia,EMX1,8,13,10,14,False,
10X_17_028:ACCAGTAGTAGCTGCCx,10X_17_028,Radial Glia,EMX1,10,15,10,14,False,
10X_17_028:ACCAGTATCTGTCCGTx,10X_17_028,Radial Glia,EMX1,9,13,10,14,False,
10X_17_028:ACAGCCGTCAACGGCCx,10X_17_028,Neuron,EMX1,10,14,10,14,True,0.8826083540916443
10X_17_028:ACATACGTCTCTTGATx,10X_17_028,Radial Glia,EMX1,4,14,10,14,False,
10X_17_028:ACATGGTTCCGTTGTCx,10X_17_028,Neuron,EMX1,7,14,10,14,False,
10X_17_028:ACACCGGAGCGATCCCx,10X_17_028,Radial Glia,EMX1,8,13,10,14,False,
10X_17_028:ACGCAGCGTAGTGAATx,10X_17_028,Radial Glia,EMX1,9,13,10,14,False,
10X_17_028:ACGCAGCGTCTTGTCCx,10X_17_028,Radial Glia,EMX1,8,13,10,14,False,
10X_17_028:ACGAGCCCAAGTCTGTx,10X_17_028,Radial Glia,EMX1,7,14,10,14,False,
10X_17_028:ACGATACTCCATGAACx,10X_17_028,Radial Glia,EMX1,11,14,10,14,False,
10X_17_028:ACGATGTGTTGTCGCGx,10X_17_028,Radial Glia,EMX1,8,13,10,14,False,
10X_17_028:ACGATACGTAAGCACGx,10X_17_028,Radial Glia,EMX1,8,13,10,14,False,
10X_17_028:ACGCCAGAGCTGCGAAx,10X_17_028,Radial Glia,EMX1,8,13,10,14,False,
10X_17_028:ACGATACCAACGATCTx,10X_17_028,Radial Glia,EMX1,10,14,10,14,True,0.8434202671051025
10X_17_028:ACCCACTGTAGATTAGx,10X_17_028,Radial Glia,EMX1,11,14,10,14,False,
10X_17_028:ACGGCCAGTTCGCTAAx,10X_17_028,Radial Glia,EMX1,3,14,10,14,False,
10X_17_028:ACGCCAGGTGACGCCTx,10X_17_028,Neuron,EMX1,8,14,10,14,False,
10X_17_028:ACTATCTGTATGAATGx,10X_17_028,Neuron,EMX1,9,14,10,14,False,
10X_17_028:ACGGAGATCTTTAGGGx,10X_17_028,Neuron,EMX1,7,14,10,14,False,
10X_17_028:ACGCCGATCTTTCCTCx,10X_17_028,Radial Glia,EMX1,10,14,10,14,True,0.8826501369476318
10X_17_028:ACGGGCTCATCGTCGGx,10X_17_028,Radial Glia,EMX1,9,13,10,14,False,
10X_17_028:ACGGGTCCATTGTGCAx,10X_17_028,Radial Glia,EMX1,9,15,10,14,False,
10X_17_028:ACGCCAGCATTCTTACx,10X_17_028,Radial Glia,EMX1,12,14,10,14,False,
10X_17_028:ACGGGCTTCACTTATCx,10X_17_028,Neuron,EMX1,4,14,10,14,False,
10X_17_028:ACGCCAGTCGAGAACGx,10X_17_028,Neuron,EMX1,9,14,10,14,False,
10X_17_028:ACGGCCAAGGAGTAGAx,10X_17_028,Neuron,EMX1,8,14,10,14,False,
10X_17_028:ACGCCAGCATCGTCGGx,10X_17_028,Radial Glia,EMX1,11,14,10,14,False,
10X_17_028:ACGGGCTGTACAGACGx,10X_17_028,Radial Glia,EMX1,10,14,10,14,True,0.7862540483474731
10X_17_028:ACTTACTAGATCCGAGx,10X_17_028,Radial Glia,EMX1,10,13,10,14,False,
10X_17_028:ACTGTCCGTCCATGATx,10X_17_028,Radial Glia,EMX1,9,13,10,14,False,
10X_17_028:ACTGAGTAGTACTTGCx,10X_17_028,Neuron,EMX1,11,15,10,14,False,
10X_17_028:ACTGAACAGGCAGTCAx,10X_17_028,Neuron,EMX1,6,14,10,14,False,
10X_17_028:ACTTTCACATTATCTCx,10X_17_028,Neuron,EMX1,10,14,10,14,True,0.86564040184021
10X_17_028:ACTGTCCTCTCTGTCGx,10X_17_028,Radial Glia,EMX1,11,14,10,14,False,
10X_17_028:AGAATAGGTTACGCGCx,10X_17_028,Radial Glia,EMX1,8,14,10,14,False,
10X_17_028:AGAATAGTCTTAGCCCx,10X_17_028,Radial Glia,EMX1,3,15,10,14,False,
10X_17_028:AGAATAGAGGCTACGAx,10X_17_028,Radial Glia,EMX1,5,13,10,14,False,
10X_17_028:ACTGTCCGTCCAGTTAx,10X_17_028,Radial Glia,EMX1,9,13,10,14,False,
10X_17_028:AGACGTTCAAACGCGAx,10X_17_028,Radial Glia,EMX1,12,14,10,14,False,
10X_17_028:AGAGCTTCACGTGAGAx,10X_17_028,Radial Glia,EMX1,7,15,10,14,False,
10X_17_028:AGCGGTCGTCCGACGTx,10X_17_028,Radial Glia,EMX1,8,12,10,14,False,
10X_17_028:AGACGTTAGGCAGGTTx,10X_17_028,Radial Glia,EMX1,11,14,10,14,False,
10X_17_028:AGCAGCCAGATCCCGCx,10X_17_028,Neuron,EMX1,7,14,10,14,False,
10X_17_028:AGATTGCTCTGCGGCAx,10X_17_028,Radial Glia,EMX1,8,14,10,14,False,
10X_17_028:AGACGTTAGTCCCACGx,10X_17_028,Radial Glia,EMX1,9,13,10,14,False,
10X_17_028:AGCAGCCCAGTATGCTx,10X_17_028,Radial Glia,EMX1,12,14,10,14,False,
10X_17_028:AGGCCACGTGTGTGCCx,10X_17_028,Neuron,EMX1,9,14,10,14,False,
10X_17_028:AGCGTCGAGCAATCTCx,10X_17_028,Radial Glia,EMX1,8,13,10,14,False,
10X_17_028:AGCGTCGCAATGAATGx,10X_17_028,Neuron,EMX1,9,14,10,14,False,
10X_17_028:AGCTTGATCTCTGCTGx,10X_17_028,Neuron,EMX1,8,14,10,14,False,
10X_17_028:AGGGAGTCACGCGAAAx,10X_17_028,Radial Glia,EMX1,7,13,10,14,False,
10X_17_028:AGCTCCTGTCACACGCx,10X_17_028,Radial Glia,EMX1,2,14,10,14,False,
10X_17_028:AGCTCTCGTTAGAACAx,10X_17_028,Radial Glia,EMX1,10,14,10,14,True,0.8198844790458679
10X_17_028:AGCTCTCAGAGACTATx,10X_17_028,Neuron,EMX1,10,14,10,14,True,0.8884633183479309
10X_17_028:AGCGTATAGGGCTTCCx,10X_17_028,Radial Glia,EMX1,8,14,10,14,False,
10X_17_028:AGGGAGTCATTTGCTTx,10X_17_028,Neuron,EMX1,8,14,10,14,False,
10X_17_028:AGGTCCGCAATAACGAx,10X_17_028,Neuron,EMX1,6,14,10,14,False,
10X_17_028:AGGTCATCAGCGAACAx,10X_17_028,Radial Glia,EMX1,9,14,10,14,False,
10X_17_028:AGGTCATTCCGCTGTTx,10X_17_028,Neuron,EMX1,6,14,10,14,False,
10X_17_028:AGTGAGGGTTGATTCGx,10X_17_028,Neuron,EMX1,9,14,10,14,False,
10X_17_028:AGGTCCGGTGGGTCAAx,10X_17_028,Radial Glia,EMX1,0,13,10,14,False,
10X_17_028:AGGTCCGAGCTAGTGGx,10X_17_028,Neuron,EMX1,9,14,10,14,False,
10X_17_028:AGTGAGGAGTACGACGx,10X_17_028,Radial Glia,EMX1,8,13,10,14,False,
10X_17_028:AGGTCATCAAAGGCGTx,10X_17_028,Neuron,EMX1,9,14,10,14,False,
10X_17_028:AGTGGGACAGTACACTx,10X_17_028,Radial Glia,EMX1,11,14,10,14,False,
10X_17_028:AGTCTTTCAGTCGTGCx,10X_17_028,Radial Glia,EMX1,11,14,10,14,False,
10X_17_028:ATAACGCCAGATAATGx,10X_17_028,Radial Glia,EMX1,9,14,10,14,False,
10X_17_028:ATCATGGGTATCACCAx,10X_17_028,Neuron,EMX1,10,14,10,14,True,0.842460572719574
10X_17_028:ATCATCTAGAGTACCGx,10X_17_028,Neuron,EMX1,4,14,10,14,False,
10X_17_028:ATCATCTTCTGTCAAGx,10X_17_028,Radial Glia,EMX1,10,14,10,14,True,0.7551197409629822
10X_17_028:ATAGACCAGGAGTACCx,10X_17_028,Radial Glia,EMX1,11,14,10,14,False,
10X_17_028:ATCATGGTCCTCAATTx,10X_17_028,Radial Glia,EMX1,7,13,10,14,False,
10X_17_028:ATCATCTGTCTACCTCx,10X_17_028,Radial Glia,EMX1,12,14,10,14,False,
10X_17_028:ATCATCTCATCCTTGCx,10X_17_028,Radial Glia,EMX1,10,14,10,14,True,0.8414797782897949
10X_17_028:ATAGACCCACGGTTTAx,10X_17_028,Neuron,EMX1,10,13,10,14,False,
10X_17_028:ATAACGCAGCTGAAATx,10X_17_028,Radial Glia,EMX1,5,14,10,14,False,
10X_17_028:ATCCGAAGTTTGTTGGx,10X_17_028,Radial Glia,EMX1,8,11,10,14,False,
10X_17_028:ATCTACTAGAAACCTAx,10X_17_028,Radial Glia,EMX1,10,14,10,14,True,0.8493098616600037
10X_17_028:ATCTACTTCGAGAGCAx,10X_17_028,Radial Glia,EMX1,8,12,10,14,False,
10X_17_028:ATCGAGTGTCCAACTAx,10X_17_028,Radial Glia,EMX1,9,13,10,14,False,
10X_17_028:ATCCGAACAAGTTCTGx,10X_17_028,Radial Glia,EMX1,8,13,10,14,False,
10X_17_028:ATCGAGTCAGCTATTGx,10X_17_028,Neuron,EMX1,6,8,10,14,False,
10X_17_028:ATTACTCGTGTTTGTGx,10X_17_028,Radial Glia,EMX1,10,13,10,14,False,
10X_17_028:ATGGGAGTCCTCCTAGx,10X_17_028,Neuron,EMX1,6,14,10,14,False,
10X_17_028:ATCTACTAGGTGCAACx,10X_17_028,Radial Glia,EMX1,8,14,10,14,False,
10X_17_028:ATGCGATGTGCGGTAAx,10X_17_028,Radial Glia,EMX1,10,14,10,14,True,0.8226293325424194
10X_17_028:ATGTGTGGTCGCGTGTx,10X_17_028,Neuron,EMX1,6,14,10,14,False,
10X_17_028:CAACCTCAGTCGCCGTx,10X_17_028,Radial Glia,EMX1,10,14,10,14,True,0.844835102558136
10X_17_028:CAACTAGAGGGCACTAx,10X_17_028,Neuron,EMX1,6,14,10,14,False,
10X_17_028:CAACCTCTCGCGCCAAx,10X_17_028,Radial Glia,EMX1,8,15,10,14,False,
10X_17_028:ATTCTACGTTGCCTCTx,10X_17_028,Radial Glia,EMX1,11,14,10,14,False,
10X_17_028:ATTGGACAGCGCCTTGx,10X_17_028,Neuron,EMX1,7,13,10,14,False,
10X_17_028:CAACCTCCATCACAACx,10X_17_028,Radial Glia,EMX1,10,14,10,14,True,0.8244659900665283
10X_17_028:ATTCTACAGGGTGTTGx,10X_17_028,Neuron,EMX1,11,14,10,14,False,
10X_17_028:CAACTAGCAGGAATCGx,10X_17_028,Radial Glia,EMX1,7,14,10,14,False,
10X_17_028:ATTGGACTCCGGCACAx,10X_17_028,Radial Glia,EMX1,9,14,10,14,False,
10X_17_028:CAAGAAAAGCCAGTAGx,10X_17_028,Neuron,EMX1,8,14,10,14,False,
10X_17_028:ATTGGTGTCGTAGGTTx,10X_17_028,Neuron,EMX1,7,13,10,14,False,
10X_17_028:CAAGGCCGTCGAGTTTx,10X_17_028,Neuron,EMX1,8,14,10,14,False,
10X_17_028:CACAAACGTGTTAAGAx,10X_17_028,Neuron,EMX1,9,14,10,14,False,
10X_17_028:CACACAAAGAAGGTGAx,10X_17_028,Radial Glia,EMX1,10,14,10,14,True,0.8246198296546936
10X_17_028:CAAGGCCAGGAGTTGCx,10X_17_028,Radial Glia,EMX1,8,14,10,14,False,
10X_17_028:CAAGGCCTCCAAACTGx,10X_17_028,Radial Glia,EMX1,6,14,10,14,False,
10X_17_028:CACACAAGTCGATTGTx,10X_17_028,Radial Glia,EMX1,12,15,10,14,False,
10X_17_028:CACAAACAGTCGTACTx,10X_17_028,Neuron,EMX1,4,14,10,14,False,
10X_17_028:CAAGGCCCACCCTATCx,10X_17_028,Radial Glia,EMX1,5,13,10,14,False,
10X_17_028:CACACCTAGCTCCTTCx,10X_17_028,Neuron,EMX1,8,14,10,14,False,
10X_17_028:CACAAACTCGCCGTGAx,10X_17_028,Radial Glia,EMX1,5,12,10,14,False,
10X_17_028:CACACAAAGCAGGCTAx,10X_17_028,Neuron,EMX1,6,14,10,14,False,
10X_17_028:CACCTTGTCATAACCGx,10X_17_028,Radial Glia,EMX1,7,13,10,14,False,
10X_17_028:CACCAGGTCTGCAGTAx,10X_17_028,Neuron,EMX1,8,14,10,14,False,
10X_17_028:CACATTTCAATAGAGTx,10X_17_028,Radial Glia,EMX1,9,13,10,14,False,
10X_17_028:CACAGTAAGGGTATCGx,10X_17_028,Radial Glia,EMX1,10,13,10,14,False,
10X_17_028:CACCAGGAGAAACGCCx,10X_17_028,Neuron,EMX1,0,14,10,14,False,
10X_17_028:CACCTTGCAAGCGAGTx,10X_17_028,Neuron,EMX1,9,14,10,14,False,
10X_17_028:CACCACTTCCGTTGCTx,10X_17_028,Neuron,EMX1,11,14,10,14,False,
10X_17_028:CACAGTACATGCTAGTx,10X_17_028,Neuron,EMX1,8,13,10,14,False,
10X_17_028:CACATTTAGACAGAGAx,10X_17_028,Radial Glia,EMX1,5,14,10,14,False,
10X_17_028:CACAGGCCAGGATCGAx,10X_17_028,Radial Glia,EMX1,4,13,10,14,False,
10X_17_028:CACATTTTCAAACAAGx,10X_17_028,Neuron,EMX1,7,14,10,14,False,
10X_17_028:CACTCCATCGTCTGCTx,10X_17_028,Neuron,EMX1,4,14,10,14,False,
10X_17_028:CAGCCGAGTTCATGGTx,10X_17_028,Neuron,EMX1,10,14,10,14,True,0.8803962469100952
10X_17_028:CAGAGAGTCGTCCAGGx,10X_17_028,Radial Glia,EMX1,2,13,10,14,False,
10X_17_028:CAGAATCCATGTCGATx,10X_17_028,Neuron,EMX1,12,14,10,14,False,
10X_17_028:CAGAGAGGTTCGAATCx,10X_17_028,Neuron,EMX1,10,14,10,14,True,0.8587013483047485
10X_17_028:CAGAATCCATGGGACAx,10X_17_028,Radial Glia,EMX1,9,14,10,14,False,
10X_17_028:CAGATCAAGTGAATTGx,10X_17_028,Neuron,EMX1,6,14,10,14,False,
10X_17_028:CAGCATATCTTCTGGCx,10X_17_028,Radial Glia,EMX1,9,14,10,14,False,
10X_17_028:CAGCTAACAATCTGCAx,10X_17_028,Radial Glia,EMX1,7,14,10,14,False,
10X_17_028:CAGATCAAGCAAATCAx,10X_17_028,Neuron,EMX1,11,14,10,14,False,
10X_17_028:CAGATCATCACCGGGTx,10X_17_028,Radial Glia,EMX1,3,13,10,14,False,
10X_17_028:CAGCTGGTCTGTACGAx,10X_17_028,Neuron,EMX1,7,14,10,14,False,
10X_17_028:CATATTCGTACGCACCx,10X_17_028,Neuron,EMX1,7,14,10,14,False,
10X_17_028:CATATGGGTAAATGTGx,10X_17_028,Neuron,EMX1,5,14,10,14,False,
10X_17_028:CAGTAACAGTGAATTGx,10X_17_028,Neuron,EMX1,6,13,10,14,False,
10X_17_028:CAGGTGCTCTGAGGGAx,10X_17_028,Radial Glia,EMX1,6,14,10,14,False,
10X_17_028:CAGGTGCTCCCTAATTx,10X_17_028,Radial Glia,EMX1,7,14,10,14,False,
10X_17_028:CATGGCGTCTGTCAAGx,10X_17_028,Radial Glia,EMX1,10,15,10,14,False,
10X_17_028:CATTATCAGTATCGAAx,10X_17_028,Radial Glia,EMX1,10,13,10,14,False,
10X_17_028:CATGACAAGGGATACCx,10X_17_028,Neuron,EMX1,7,14,10,14,False,
10X_17_028:CATGCCTAGACAAGCCx,10X_17_028,Radial Glia,EMX1,9,15,10,14,False,
10X_17_028:CATCGAAGTACAGACGx,10X_17_028,Neuron,EMX1,8,14,10,14,False,
10X_17_028:CCAATCCTCAACGCTAx,10X_17_028,Neuron,EMX1,6,14,10,14,False,
10X_17_028:CCAATCCGTCCCGACAx,10X_17_028,Neuron,EMX1,11,14,10,14,False,
10X_17_028:CCACTACTCGTTACGAx,10X_17_028,Radial Glia,EMX1,8,14,10,14,False,
10X_17_028:CCCAGTTTCAACACGTx,10X_17_028,Radial Glia,EMX1,9,15,10,14,False,
10X_17_028:CCACGGACAGCGATCCx,10X_17_028,Neuron,EMX1,6,14,10,14,False,
10X_17_028:CCACTACGTACTCTCCx,10X_17_028,Radial Glia,EMX1,11,14,10,14,False,
10X_17_028:CCCAATCTCCAAAGTCx,10X_17_028,Radial Glia,EMX1,8,13,10,14,False,
10X_17_028:CCATGTCTCCGAAGAGx,10X_17_028,Radial Glia,EMX1,7,14,10,14,False,
10X_17_028:CCCAATCTCGGTGTTAx,10X_17_028,Radial Glia,EMX1,11,13,10,14,False,
10X_17_028:CCCAGTTCAACGCACCx,10X_17_028,Neuron,EMX1,6,14,10,14,False,
10X_17_028:CCGGGATAGGGCTTGAx,10X_17_028,Neuron,EMX1,6,14,10,14,False,
10X_17_028:CCGGTAGAGCAATCTCx,10X_17_028,Radial Glia,EMX1,11,14,10,14,False,
10X_17_028:CCGTGGATCACGAAGGx,10X_17_028,Neuron,EMX1,4,14,10,14,False,
10X_17_028:CCGTACTTCTGCAAGTx,10X_17_028,Radial Glia,EMX1,9,14,10,14,False,
10X_17_028:CCGGTAGGTGAGGCTAx,10X_17_028,Radial Glia,EMX1,9,13,10,14,False,
10X_17_028:CCCATACAGAAACCGCx,10X_17_028,Radial Glia,EMX1,9,13,10,14,False,
10X_17_028:CCGTGGATCACTGGGCx,10X_17_028,Neuron,EMX1,8,14,10,14,False,
10X_17_028:CCTCAGTGTCTGCCAGx,10X_17_028,Neuron,EMX1,8,13,10,14,False,
10X_17_028:CCTCTGAGTCTAGGTTx,10X_17_028,Neuron,EMX1,8,14,10,14,False,
10X_17_028:CCTATTACAATAGAGTx,10X_17_028,Radial Glia,EMX1,8,13,10,14,False,
10X_17_028:CCTAAAGAGTTGCAGGx,10X_17_028,Radial Glia,EMX1,9,14,10,14,False,
10X_17_028:CCTTCCCAGTTAGCGGx,10X_17_028,Radial Glia,EMX1,9,14,10,14,False,
10X_17_028:CCTTCCCGTGACTCATx,10X_17_028,Radial Glia,EMX1,10,14,10,14,True,0.7943097949028015
10X_17_028:CCTACACGTCGAGTTTx,10X_17_028,Neuron,EMX1,7,14,10,14,False,
10X_17_028:CCTAGCTAGTCCATACx,10X_17_028,Radial Glia,EMX1,11,13,10,14,False,
10X_17_028:CCTAGCTAGCCTCGTGx,10X_17_028,Neuron,EMX1,9,14,10,14,False,
10X_17_028:CCTAGCTTCCAGGGCTx,10X_17_028,Neuron,EMX1,8,14,10,14,False,
10X_17_028:CCTCAGTCACCACGTGx,10X_17_028,Neuron,EMX1,10,14,10,14,True,0.8842146396636963
10X_17_028:CGAGCACAGAGGTACCx,10X_17_028,Radial Glia,EMX1,5,14,10,14,False,
10X_17_028:CGAGAAGCAAGTCATCx,10X_17_028,Radial Glia,EMX1,11,14,10,14,False,
10X_17_028:CGAATGTTCAGCTGGCx,10X_17_028,Radial Glia,EMX1,8,14,10,14,False,
10X_17_028:CGACCTTAGAATGTGTx,10X_17_028,Neuron,EMX1,8,15,10,14,False,
10X_17_028:CGAACATTCAGGCGAAx,10X_17_028,Radial Glia,EMX1,10,14,10,14,True,0.8525605797767639
10X_17_028:CGAACATTCGTTTATCx,10X_17_028,Neuron,EMX1,11,14,10,14,False,
10X_17_028:CGACTTCTCGGATGTTx,10X_17_028,Neuron,EMX1,6,14,10,14,False,
10X_17_028:CGATCGGAGTGGGTTGx,10X_17_028,Radial Glia,EMX1,5,13,10,14,False,
10X_17_028:CGCCAAGAGCCACTATx,10X_17_028,Radial Glia,EMX1,9,13,10,14,False,
10X_17_028:CGCGGTATCAGGTTCAx,10X_17_028,Radial Glia,EMX1,10,13,10,14,False,
10X_17_028:CGCGGTACACAAGTAAx,10X_17_028,Radial Glia,EMX1,9,14,10,14,False,
10X_17_028:CGATTGACATACTCTTx,10X_17_028,Neuron,EMX1,12,15,10,14,False,
10X_17_028:CGAGCCACAGTCACTAx,10X_17_028,Radial Glia,EMX1,8,13,10,14,False,
10X_17_028:CGGAGCTCATTAGGCTx,10X_17_028,Neuron,EMX1,10,14,10,14,True,0.8643591403961182
10X_17_028:CGGAGTCTCATCTGCCx,10X_17_028,Neuron,EMX1,10,14,10,14,True,0.8492424488067627
10X_17_028:CGGAGTCAGCCCTAATx,10X_17_028,Radial Glia,EMX1,10,15,10,14,False,
10X_17_028:CGGACGTGTACCGAGAx,10X_17_028,Radial Glia,EMX1,11,14,10,14,False,
10X_17_028:CGCTTCATCCTGTAGAx,10X_17_028,Radial Glia,EMX1,8,14,10,14,False,
10X_17_028:CGGACTGCACCACCAGx,10X_17_028,Radial Glia,EMX1,5,12,10,14,False,
10X_17_028:CGCTTCAGTCGACTGCx,10X_17_028,Neuron,EMX1,7,14,10,14,False,
10X_17_028:CGTAGGCAGCCCAATTx,10X_17_028,Radial Glia,EMX1,11,13,10,14,False,
10X_17_028:CGTAGCGCAAACGCGAx,10X_17_028,Radial Glia,EMX1,10,14,10,14,True,0.8057927489280701
10X_17_028:CGTCAGGCACAACTGTx,10X_17_028,Radial Glia,EMX1,11,14,10,14,False,
10X_17_028:CGTTAGATCGTGGGAAx,10X_17_028,Radial Glia,EMX1,8,14,10,14,False,
10X_17_028:CTAAGACCAATCCAACx,10X_17_028,Neuron,EMX1,6,14,10,14,False,
10X_17_028:CTAACTTAGTGGCACAx,10X_17_028,Neuron,EMX1,5,14,10,14,False,
10X_17_028:CGTGAGCTCTCCAACCx,10X_17_028,Neuron,EMX1,8,14,10,14,False,
10X_17_028:CGTGAGCAGCCACGCTx,10X_17_028,Radial Glia,EMX1,11,14,10,14,False,
10X_17_028:CGTGTAAAGGGTGTTGx,10X_17_028,Neuron,EMX1,4,14,10,14,False,
10X_17_028:CGTCTACAGACATAACx,10X_17_028,Radial Glia,EMX1,10,14,10,14,True,0.776592493057251
10X_17_028:CGTTAGATCTGACCTCx,10X_17_028,Radial Glia,EMX1,8,14,10,14,False,
10X_17_028:CGTTCTGTCCCTCTTTx,10X_17_028,Neuron,EMX1,8,13,10,14,False,
10X_17_028:CTAGAGTGTCGAACAGx,10X_17_028,Neuron,EMX1,7,14,10,14,False,
10X_17_028:CTAGCCTTCACCGTAAx,10X_17_028,Neuron,EMX1,7,14,10,14,False,
10X_17_028:CTCACACCATCGGACCx,10X_17_028,Radial Glia,EMX1,9,14,10,14,False,
10X_17_028:CTACCCACATTCTCATx,10X_17_028,Radial Glia,EMX1,10,13,10,14,False,
10X_17_028:CTACGTCGTTACGACTx,10X_17_028,Neuron,EMX1,5,14,10,14,False,
10X_17_028:CTAGTGATCGCCATAAx,10X_17_028,Neuron,EMX1,2,14,10,14,False,
10X_17_028:CTAGAGTAGTGTGGCAx,10X_17_028,Radial Glia,EMX1,6,11,10,14,False,
10X_17_028:CTACCCAAGCCTCGTGx,10X_17_028,Radial Glia,EMX1,10,14,10,14,True,0.7701643705368042
10X_17_028:CTAGAGTCATACAGCTx,10X_17_028,Radial Glia,EMX1,6,14,10,14,False,
10X_17_028:CTCGAGGCAATAGCGGx,10X_17_028,Radial Glia,EMX1,3,13,10,14,False,
10X_17_028:CTCATTATCGCGATCGx,10X_17_028,Neuron,EMX1,8,14,10,14,False,
10X_17_028:CTCGGAGGTAAGTTCCx,10X_17_028,Radial Glia,EMX1,6,14,10,14,False,
10X_17_028:CTCGAGGCACTGTCGGx,10X_17_028,Neuron,EMX1,6,14,10,14,False,
10X_17_028:CTCGTACAGGATGTATx,10X_17_028,Radial Glia,EMX1,6,14,10,14,False,
10X_17_028:CTCGGGATCCCGGATGx,10X_17_028,Radial Glia,EMX1,8,14,10,14,False,
10X_17_028:CTCTGGTCAAATCCGTx,10X_17_028,Radial Glia,EMX1,9,14,10,14,False,
10X_17_028:CTGAAACGTCGGCATCx,10X_17_028,Neuron,EMX1,9,14,10,14,False,
10X_17_028:CTCTGGTCAGACGCTCx,10X_17_028,Neuron,EMX1,6,14,10,14,False,
10X_17_028:CTGATAGGTTATGTGCx,10X_17_028,Neuron,EMX1,9,14,10,14,False,
10X_17_028:CTGAAGTCAGATGGGTx,10X_17_028,Radial Glia,EMX1,10,14,10,14,True,0.8083267211914062
10X_17_028:CTGAAGTAGGCTAGCAx,10X_17_028,Neuron,EMX1,8,14,10,14,False,
10X_17_028:CTGCGGAGTCGAATCTx,10X_17_028,Radial Glia,EMX1,11,14,10,14,False,
10X_17_028:CTGTTTACAGCTATTGx,10X_17_028,Radial Glia,EMX1,0,14,10,14,False,
10X_17_028:CTGTTTACATTTCAGGx,10X_17_028,Neuron,EMX1,5,14,10,14,False,
10X_17_028:CTGTTTAAGTAAGTACx,10X_17_028,Neuron,EMX1,3,14,10,14,False,
10X_17_028:CTGCGGAAGGATGGAAx,10X_17_028,Radial Glia,EMX1,9,13,10,14,False,
10X_17_028:CTGTTTAGTCCAAGTTx,10X_17_028,Radial Glia,EMX1,8,14,10,14,False,
10X_17_028:CTGGTCTCATGCCACGx,10X_17_028,Neuron,EMX1,4,14,10,14,False,
10X_17_028:GAACATCCATTTGCCCx,10X_17_028,Radial Glia,EMX1,10,14,10,14,True,0.7650843262672424
10X_17_028:GAAACTCCAAGCCGTCx,10X_17_028,Radial Glia,EMX1,8,13,10,14,False,
10X_17_028:GAACCTAGTCATGCATx,10X_17_028,Neuron,EMX1,9,14,10,14,False,
10X_17_028:CTTAGGACATCTATGGx,10X_17_028,Radial Glia,EMX1,7,14,10,14,False,
10X_17_028:GAAACTCTCTGTCTATx,10X_17_028,Neuron,EMX1,8,14,10,14,False,
10X_17_028:CTTGGCTAGGTGACCAx,10X_17_028,Radial Glia,EMX1,8,13,10,14,False,
10X_17_028:CTTTGCGTCATCTGCCx,10X_17_028,Radial Glia,EMX1,9,15,10,14,False,
10X_17_028:GAAATGAAGGATGCGTx,10X_17_028,Neuron,EMX1,5,14,10,14,False,
10X_17_028:GAATGAACAAGCCCACx,10X_17_028,Radial Glia,EMX1,9,14,10,14,False,
10X_17_028:GAATAAGTCATAGCACx,10X_17_028,Radial Glia,EMX1,7,14,10,14,False,
10X_17_028:GAATAAGAGCGTTTACx,10X_17_028,Radial Glia,EMX1,8,14,10,14,False,
10X_17_028:GAATAAGTCACATGCAx,10X_17_028,Neuron,EMX1,10,14,10,14,True,0.9168567061424256
10X_17_028:GAATGAAAGCCGTCGTx,10X_17_028,Neuron,EMX1,0,14,10,14,False,
10X_17_028:GACTACAAGGCCGAATx,10X_17_028,Radial Glia,EMX1,9,14,10,14,False,
10X_17_028:GACGGCTGTCTGCCAGx,10X_17_028,Radial Glia,EMX1,11,14,10,14,False,
10X_17_028:GACTACAGTTGGACCCx,10X_17_028,Radial Glia,EMX1,10,14,10,14,True,0.8358585834503174
10X_17_028:GACGTGCAGTGCGTGAx,10X_17_028,Neuron,EMX1,8,14,10,14,False,
10X_17_028:GACGCGTTCACTCCTGx,10X_17_028,Radial Glia,EMX1,7,15,10,14,False,
10X_17_028:GACGGCTTCCCACTTGx,10X_17_028,Neuron,EMX1,7,14,10,14,False,
10X_17_028:GACGTGCGTTCGTGATx,10X_17_028,Radial Glia,EMX1,10,13,10,14,False,
10X_17_028:GACGTGCTCAGCATGTx,10X_17_028,Radial Glia,EMX1,8,14,10,14,False,
10X_17_028:GATCGTATCCAAACACx,10X_17_028,Neuron,EMX1,10,13,10,14,False,
10X_17_028:GAGGTGAAGTGGGATCx,10X_17_028,Neuron,EMX1,8,14,10,14,False,
10X_17_028:GATGAAATCCCAAGTAx,10X_17_028,Neuron,EMX1,7,14,10,14,False,
10X_17_028:GATCGATCATCTCCCAx,10X_17_028,Radial Glia,EMX1,11,14,10,14,False,
10X_17_028:GATCAGTAGTCAAGCGx,10X_17_028,Radial Glia,EMX1,7,14,10,14,False,
10X_17_028:GATCGCGAGGGCTTGAx,10X_17_028,Neuron,EMX1,10,14,10,14,True,0.8527961373329163
10X_17_028:GATCAGTAGGCCCGTTx,10X_17_028,Radial Glia,EMX1,10,14,10,14,True,0.8525415658950806
10X_17_028:GATCTAGAGAGCCCAAx,10X_17_028,Neuron,EMX1,9,14,10,14,False,
10X_17_028:GAGTCCGCACGGCGTTx,10X_17_028,Neuron,EMX1,8,14,10,14,False,
10X_17_028:GAGTCCGTCACTATTCx,10X_17_028,Neuron,EMX1,10,14,10,14,True,0.8666214942932129
10X_17_028:GCACATAGTCACTGGCx,10X_17_028,Radial Glia,EMX1,8,13,10,14,False,
10X_17_028:GCACATATCGTAGGTTx,10X_17_028,Neuron,EMX1,8,14,10,14,False,
10X_17_028:GATGCTACATTCTCATx,10X_17_028,Radial Glia,EMX1,9,13,10,14,False,
10X_17_028:GCAATCACACGTGAGAx,10X_17_028,Radial Glia,EMX1,6,13,10,14,False,
10X_17_028:GCAATCATCCACTCCAx,10X_17_028,Neuron,EMX1,9,14,10,14,False,
10X_17_028:GCAATCAAGTATTGGAx,10X_17_028,Radial Glia,EMX1,9,14,10,14,False,
10X_17_028:GCAGCCAGTCGCGTGTx,10X_17_028,Radial Glia,EMX1,10,14,10,14,True,0.8001861572265625
10X_17_028:GCAGCCACACATCTTTx,10X_17_028,Radial Glia,EMX1,2,14,10,14,False,
10X_17_028:GCAGCCACATTTGCCCx,10X_17_028,Neuron,EMX1,11,14,10,14,False,
10X_17_028:GCAATCACACGCGAAAx,10X_17_028,Neuron,EMX1,8,14,10,14,False,
10X_17_028:GCATGTATCGTGTAGTx,10X_17_028,Neuron,EMX1,5,14,10,14,False,
10X_17_028:GCATACAGTACCGCTGx,10X_17_028,Radial Glia,EMX1,10,14,10,14,True,0.7877705693244934
10X_17_028:GCATACATCCAGATCAx,10X_17_028,Radial Glia,EMX1,10,14,10,14,True,0.8068729639053345
10X_17_028:GCATGATCATCAGTACx,10X_17_028,Radial Glia,EMX1,7,12,10,14,False,
10X_17_028:GCAGTTATCGGCATCGx,10X_17_028,Radial Glia,EMX1,6,12,10,14,False,
10X_17_028:GCGCGATTCTGATACGx,10X_17_028,Neuron,EMX1,6,15,10,14,False,
10X_17_028:GCGCCAACAAGCTGTTx,10X_17_028,Radial Glia,EMX1,5,14,10,14,False,
10X_17_028:GCTGCTTGTAGTGAATx,10X_17_028,Neuron,EMX1,8,14,10,14,False,
10X_17_028:GCGCGATAGCTAACAAx,10X_17_028,Radial Glia,EMX1,9,14,10,14,False,
10X_17_028:GCTGCTTAGGCTAGGTx,10X_17_028,Radial Glia,EMX1,4,13,10,14,False,
10X_17_028:GCGCCAACAAAGGCGTx,10X_17_028,Radial Glia,EMX1,8,13,10,14,False,
10X_17_028:GCGCGATCACGTTGGCx,10X_17_028,Radial Glia,EMX1,7,14,10,14,False,
10X_17_028:GCGGGTTCACATGGGAx,10X_17_028,Radial Glia,EMX1,7,14,10,14,False,
10X_17_028:GCTGCAGCAAGTCTACx,10X_17_028,Neuron,EMX1,9,14,10,14,False,
10X_17_028:GCGGGTTAGGGTTCCCx,10X_17_028,Radial Glia,EMX1,11,14,10,14,False,
10X_17_028:GCTGCGACAATGGACGx,10X_17_028,Radial Glia,EMX1,11,14,10,14,False,
10X_17_028:GGAATAAAGATGTTAGx,10X_17_028,Radial Glia,EMX1,11,14,10,14,False,
10X_17_028:GGAATAAGTAAGTAGTx,10X_17_028,Radial Glia,EMX1,9,14,10,14,False,
10X_17_028:GGAATAAGTCTGATCAx,10X_17_028,Neuron,EMX1,8,14,10,14,False,
10X_17_028:GCTGGGTGTTTAGCTGx,10X_17_028,Radial Glia,EMX1,7,14,10,14,False,
10X_17_028:GGACAAGGTTTGACTGx,10X_17_028,Neuron,EMX1,7,14,10,14,False,
10X_17_028:GGACAGATCTCAACTTx,10X_17_028,Radial Glia,EMX1,10,13,10,14,False,
10X_17_028:GGACAGAGTTTGTTTCx,10X_17_028,Neuron,EMX1,8,14,10,14,False,
10X_17_028:GGATGTTTCTCTTATGx,10X_17_028,Radial Glia,EMX1,12,14,10,14,False,
10X_17_028:GGACATTAGTGATCGGx,10X_17_028,Radial Glia,EMX1,10,13,10,14,False,
10X_17_028:GGATTACAGCTGCAAGx,10X_17_028,Radial Glia,EMX1,8,13,10,14,False,
10X_17_028:GGGCATCAGTTGTCGTx,10X_17_028,Radial Glia,EMX1,10,14,10,14,True,0.7818204164505005
10X_17_028:GGCTGGTGTCGAGTTTx,10X_17_028,Radial Glia,EMX1,6,13,10,14,False,
10X_17_028:GGCTCGAGTGATGCCCx,10X_17_028,Radial Glia,EMX1,7,14,10,14,False,
10X_17_028:GGCTCGATCGCTTGTCx,10X_17_028,Radial Glia,EMX1,6,14,10,14,False,
10X_17_028:GGGCATCAGTATTGGAx,10X_17_028,Radial Glia,EMX1,0,14,10,14,False,
10X_17_028:GGGCACTAGAGGTTGCx,10X_17_028,Neuron,EMX1,7,14,10,14,False,
10X_17_028:GGGTCTGCATTGGGCCx,10X_17_028,Radial Glia,EMX1,11,14,10,14,False,
10X_17_028:GGTGAAGCAGCCTATAx,10X_17_028,Radial Glia,EMX1,0,14,10,14,False,
10X_17_028:GGGCATCGTCTAAAGAx,10X_17_028,Radial Glia,EMX1,9,15,10,14,False,
10X_17_028:GTAACTGCACCAACCGx,10X_17_028,Radial Glia,EMX1,6,12,10,14,False,
10X_17_028:GGGTCTGAGTTAAGTGx,10X_17_028,Radial Glia,EMX1,10,14,10,14,True,0.838894248008728
10X_17_028:GGTATTGTCTCCCTGAx,10X_17_028,Neuron,EMX1,8,14,10,14,False,
10X_17_028:GGGCATCTCAGAGACGx,10X_17_028,Radial Glia,EMX1,7,14,10,14,False,
10X_17_028:GTAACGTTCAGGCCCAx,10X_17_028,Radial Glia,EMX1,10,14,10,14,True,0.8573935031890869
10X_17_028:GTATTCTCAGGGAGAGx,10X_17_028,Neuron,EMX1,4,14,10,14,False,
10X_17_028:GTATTCTTCGTCTGCTx,10X_17_028,Radial Glia,EMX1,9,13,10,14,False,
10X_17_028:GTACGTAAGAGTACATx,10X_17_028,Radial Glia,EMX1,9,13,10,14,False,
10X_17_028:GTACTCCGTGATAAGTx,10X_17_028,Neuron,EMX1,6,13,10,14,False,
10X_17_028:GTATCTTTCCCAAGTAx,10X_17_028,Radial Glia,EMX1,9,12,10,14,False,
10X_17_028:GTCAAGTGTGGGTCAAx,10X_17_028,Radial Glia,EMX1,10,14,10,14,True,0.8091733455657959
10X_17_028:GTAACTGTCTCCTATAx,10X_17_028,Neuron,EMX1,9,14,10,14,False,
10X_17_028:GTAACTGTCAGTTAGCx,10X_17_028,Radial Glia,EMX1,4,13,10,14,False,
10X_17_028:GTCACAAGTCGAAAGCx,10X_17_028,Neuron,EMX1,9,14,10,14,False,
10X_17_028:GTCCTCACACTCGACGx,10X_17_028,Neuron,EMX1,6,14,10,14,False,
10X_17_028:GTCGTAATCTAGAGTCx,10X_17_028,Radial Glia,EMX1,9,14,10,14,False,
10X_17_028:GTCATTTAGGCTACGAx,10X_17_028,Radial Glia,EMX1,8,14,10,14,False,
10X_17_028:GTCCTCAGTAGATTAGx,10X_17_028,Neuron,EMX1,8,14,10,14,False,
10X_17_028:GTCACAACACTAGTACx,10X_17_028,Radial Glia,EMX1,6,12,10,14,False,
10X_17_028:GTCGTAAGTCAGAGGTx,10X_17_028,Radial Glia,EMX1,11,14,10,14,False,
10X_17_028:GTCGGGTTCGACCAGCx,10X_17_028,Radial Glia,EMX1,10,14,10,14,True,0.8417229652404785
10X_17_028:GTCACGGCAGGTCGTCx,10X_17_028,Neuron,EMX1,8,14,10,14,False,
10X_17_028:GTCATTTGTCTTGATGx,10X_17_028,Radial Glia,EMX1,11,14,10,14,False,
10X_17_028:GTCATTTGTAAGAGAGx,10X_17_028,Radial Glia,EMX1,9,14,10,14,False,
10X_17_028:GTCACAACATCGGAAGx,10X_17_028,Radial Glia,EMX1,4,15,10,14,False,
10X_17_028:GTGCTTCGTGGACGATx,10X_17_028,Neuron,EMX1,11,14,10,14,False,
10X_17_028:GTGCTTCAGAGACGAAx,10X_17_028,Neuron,EMX1,8,14,10,14,False,
10X_17_028:GTGCGGTGTGCAACTTx,10X_17_028,Radial Glia,EMX1,7,14,10,14,False,
10X_17_028:GTGCGGTAGTAGCCGAx,10X_17_028,Radial Glia,EMX1,10,15,10,14,False,
10X_17_028:GTGAAGGAGGCATTGGx,10X_17_028,Neuron,EMX1,9,14,10,14,False,
10X_17_028:TAAACCGAGTCGAGTGx,10X_17_028,Radial Glia,EMX1,11,14,10,14,False,
10X_17_028:GTTAAGCAGGAGTACCx,10X_17_028,Neuron,EMX1,6,14,10,14,False,
10X_17_028:GTGTGCGGTCCGACGTx,10X_17_028,Neuron,EMX1,8,14,10,14,False,
10X_17_028:GTTCTCGGTCAACTGTx,10X_17_028,Radial Glia,EMX1,7,13,10,14,False,
10X_17_028:GTTCATTCATCTACGAx,10X_17_028,Neuron,EMX1,4,14,10,14,False,
10X_17_028:GTTACAGTCTCCCTGAx,10X_17_028,Radial Glia,EMX1,7,15,10,14,False,
10X_17_028:GTGTGCGTCGAATGCTx,10X_17_028,Radial Glia,EMX1,8,14,10,14,False,
10X_17_028:GTTCGGGCATGGATGGx,10X_17_028,Radial Glia,EMX1,11,14,10,14,False,
10X_17_028:TAAGTGCGTATTCGTGx,10X_17_028,Radial Glia,EMX1,8,15,10,14,False,
10X_17_028:TACAGTGGTGAGTATAx,10X_17_028,Neuron,EMX1,4,13,10,14,False,
10X_17_028:TACACGATCAGCTGGCx,10X_17_028,Radial Glia,EMX1,9,14,10,14,False,
10X_17_028:TACGGGCTCACAGGCCx,10X_17_028,Neuron,EMX1,11,14,10,14,False,
10X_17_028:TAAGTGCTCGCATGATx,10X_17_028,Neuron,EMX1,7,13,10,14,False,
10X_17_028:TAAGTGCTCTTAACCTx,10X_17_028,Radial Glia,EMX1,7,14,10,14,False,
10X_17_028:TAAGTGCGTGCATCTAx,10X_17_028,Radial Glia,EMX1,8,14,10,14,False,
10X_17_028:TACACGAGTTCCACGGx,10X_17_028,Neuron,EMX1,11,14,10,14,False,
10X_17_028:TACAGTGAGACCCACCx,10X_17_028,Neuron,EMX1,10,14,10,14,True,0.8707732558250427
10X_17_028:TACGGGCAGTCCGGTCx,10X_17_028,Radial Glia,EMX1,9,13,10,14,False,
10X_17_028:TAGAGCTCAATGGACGx,10X_17_028,Radial Glia,EMX1,11,14,10,14,False,
10X_17_028:TACTCGCTCGTTTAGGx,10X_17_028,Radial Glia,EMX1,10,15,10,14,False,
10X_17_028:TACTTACTCAACGGCCx,10X_17_028,Radial Glia,EMX1,11,13,10,14,False,
10X_17_028:TAGAGCTCATCAGTACx,10X_17_028,Radial Glia,EMX1,9,14,10,14,False,
10X_17_028:TAGCCGGAGATCCGAGx,10X_17_028,Radial Glia,EMX1,10,14,10,14,True,0.775700569152832
10X_17_028:TACTTACAGACTGTAAx,10X_17_028,Radial Glia,EMX1,7,14,10,14,False,
10X_17_028:TAGACCACAATGAAACx,10X_17_028,Radial Glia,EMX1,11,14,10,14,False,
10X_17_028:TATCAGGGTGCAGACAx,10X_17_028,Radial Glia,EMX1,9,14,10,14,False,
10X_17_028:TAGCCGGGTTCCAACAx,10X_17_028,Neuron,EMX1,10,13,10,14,False,
10X_17_028:TAGTGGTAGCCAGGATx,10X_17_028,Radial Glia,EMX1,9,13,10,14,False,
10X_17_028:TATTACCTCGCTTAGAx,10X_17_028,Radial Glia,EMX1,10,15,10,14,False,
10X_17_028:TAGGCATTCGGATGTTx,10X_17_028,Radial Glia,EMX1,7,13,10,14,False,
10X_17_028:TATTACCCATATGAGAx,10X_17_028,Radial Glia,EMX1,12,14,10,14,False,
10X_17_028:TATCTCAAGGTGCAACx,10X_17_028,Neuron,EMX1,8,14,10,14,False,
10X_17_028:TCAGGTACAGGGCATAx,10X_17_028,Radial Glia,EMX1,8,13,10,14,False,
10X_17_028:TCAGCAACATGAAGTAx,10X_17_028,Radial Glia,EMX1,7,13,10,14,False,
10X_17_028:TCAGGATGTGAACCTTx,10X_17_028,Radial Glia,EMX1,0,14,10,14,False,
10X_17_028:TCACGAACACGTTGGCx,10X_17_028,Radial Glia,EMX1,8,14,10,14,False,
10X_17_028:TCAATCTGTAAGGATTx,10X_17_028,Neuron,EMX1,7,14,10,14,False,
10X_17_028:TCAGCTCCAGTGGAGTx,10X_17_028,Radial Glia,EMX1,11,13,10,14,False,
10X_17_028:TCAGCTCCACCAGCACx,10X_17_028,Radial Glia,EMX1,2,13,10,14,False,
10X_17_028:TCAGGTACAAGCCGTCx,10X_17_028,Neuron,EMX1,9,14,10,14,False,
10X_17_028:TCAACGATCATGTAGCx,10X_17_028,Radial Glia,EMX1,11,13,10,14,False,
10X_17_028:TCACGAAGTCATGCATx,10X_17_028,Radial Glia,EMX1,12,14,10,14,False,
10X_17_028:TCAGGTAGTATAATGGx,10X_17_028,Neuron,EMX1,7,14,10,14,False,
10X_17_028:TCGAGGCGTAGAGCTGx,10X_17_028,Radial Glia,EMX1,8,14,10,14,False,
10X_17_028:TCATTACGTCTAGAGGx,10X_17_028,Radial Glia,EMX1,10,15,10,14,False,
10X_17_028:TCCCGATGTACTTAGCx,10X_17_028,Neuron,EMX1,2,14,10,14,False,
10X_17_028:TCAGGTATCAACACCAx,10X_17_028,Radial Glia,EMX1,7,14,10,14,False,
10X_17_028:TCAGGTATCGTATCAGx,10X_17_028,Radial Glia,EMX1,4,14,10,14,False,
10X_17_028:TCTCATACAGTATAAGx,10X_17_028,Radial Glia,EMX1,11,14,10,14,False,
10X_17_028:TCTCTAAGTCCAACTAx,10X_17_028,Neuron,EMX1,10,14,10,14,True,0.8982270956039429
10X_17_028:TCGTAGATCCTCGCATx,10X_17_028,Radial Glia,EMX1,8,13,10,14,False,
10X_17_028:TCTCATACAAGTTAAGx,10X_17_028,Neuron,EMX1,6,14,10,14,False,
10X_17_028:TCGTAGAGTCTGCGGTx,10X_17_028,Radial Glia,EMX1,9,13,10,14,False,
10X_17_028:TCGTACCTCTCCAGGGx,10X_17_028,Radial Glia,EMX1,8,13,10,14,False,
10X_17_028:TCTGAGATCCCGACTTx,10X_17_028,Neuron,EMX1,8,14,10,14,False,
10X_17_028:TCTCTAAGTGGACGATx,10X_17_028,Radial Glia,EMX1,5,14,10,14,False,
10X_17_028:TCTCTAAAGCGGCTTCx,10X_17_028,Radial Glia,EMX1,0,13,10,14,False,
10X_17_028:TCGTACCGTAGCGCTCx,10X_17_028,Radial Glia,EMX1,11,14,10,14,False,
10X_17_028:TCTCTAAAGACCGGATx,10X_17_028,Radial Glia,EMX1,9,14,10,14,False,
10X_17_028:TCTGAGACAAACCTACx,10X_17_028,Neuron,EMX1,9,14,10,14,False,
10X_17_028:TCTGGAACATCATCCCx,10X_17_028,Neuron,EMX1,10,14,10,14,True,0.8871873617172241
10X_17_028:TGACAACTCTGCTGCTx,10X_17_028,Radial Glia,EMX1,6,13,10,14,False,
10X_17_028:TGACTTTCAAAGGTGCx,10X_17_028,Radial Glia,EMX1,11,14,10,14,False,
10X_17_028:TGACAACAGCACCGTCx,10X_17_028,Radial Glia,EMX1,9,14,10,14,False,
10X_17_028:TGACTTTAGCGGCTTCx,10X_17_028,Radial Glia,EMX1,7,13,10,14,False,
10X_17_028:TGACTTTCACCAACCGx,10X_17_028,Radial Glia,EMX1,10,14,10,14,True,0.8326941728591919
10X_17_028:TCTTCGGTCTCCCTGAx,10X_17_028,Neuron,EMX1,9,15,10,14,False,
10X_17_028:TCTTTCCTCGTCTGCTx,10X_17_028,Radial Glia,EMX1,4,13,10,14,False,
10X_17_028:TGAGCATCAGTAAGCGx,10X_17_028,Radial Glia,EMX1,9,12,10,14,False,
10X_17_028:TGCACCTGTGAACCTTx,10X_17_028,Radial Glia,EMX1,1,11,10,14,False,
10X_17_028:TGCCAAATCTCGTTTAx,10X_17_028,Radial Glia,EMX1,9,14,10,14,False,
10X_17_028:TGCCCATCAAAGCAATx,10X_17_028,Radial Glia,EMX1,10,14,10,14,True,0.8096104860305786
10X_17_028:TGCCAAACACCACCAGx,10X_17_028,Radial Glia,EMX1,6,14,10,14,False,
10X_17_028:TGAGGGACACGTAAGGx,10X_17_028,Neuron,EMX1,4,14,10,14,False,
10X_17_028:TGCCAAATCAGTACGTx,10X_17_028,Radial Glia,EMX1,11,14,10,14,False,
10X_17_028:TGATTTCCACATAACCx,10X_17_028,Radial Glia,EMX1,11,14,10,14,False,
10X_17_028:TGAGGGAGTGCTTCTCx,10X_17_028,Neuron,EMX1,4,14,10,14,False,
10X_17_028:TGCCAAACATGGTAGGx,10X_17_028,Radial Glia,EMX1,12,15,10,14,False,
10X_17_028:TGCCCATTCGGAAATAx,10X_17_028,Radial Glia,EMX1,11,15,10,14,False,
10X_17_028:TGCACCTAGATGGGTCx,10X_17_028,Radial Glia,EMX1,8,14,10,14,False,
10X_17_028:TGATTTCTCGCATGGCx,10X_17_028,Radial Glia,EMX1,8,13,10,14,False,
10X_17_028:TGCACCTGTGAGGCTAx,10X_17_028,Neuron,EMX1,5,14,10,14,False,
10X_17_028:TGGACGCCACGAAATAx,10X_17_028,Radial Glia,EMX1,10,14,10,14,True,0.8250364065170288
10X_17_028:TGCTACCGTCATCCCTx,10X_17_028,Radial Glia,EMX1,3,14,10,14,False,
10X_17_028:TGCTACCTCGATGAGGx,10X_17_028,Neuron,EMX1,9,14,10,14,False,
10X_17_028:TGCTGCTTCAGGCGAAx,10X_17_028,Radial Glia,EMX1,1,13,10,14,False,
10X_17_028:TGGACGCAGTTAGGTAx,10X_17_028,Radial Glia,EMX1,3,12,10,14,False,
10X_17_028:TGTATTCTCACATAGCx,10X_17_028,Radial Glia,EMX1,0,15,10,14,False,
10X_17_028:TGGGCGTTCTGCAGTAx,10X_17_028,Neuron,EMX1,8,14,10,14,False,
10X_17_028:TGGCGCACATGTTGACx,10X_17_028,Neuron,EMX1,6,14,10,14,False,
10X_17_028:TGGGCGTTCGCTGATAx,10X_17_028,Radial Glia,EMX1,6,14,10,14,False,
10X_17_028:TGGTTCCCATATGGTCx,10X_17_028,Neuron,EMX1,8,14,10,14,False,
10X_17_028:TGGCGCATCGGCGCATx,10X_17_028,Radial Glia,EMX1,10,15,10,14,False,
10X_17_028:TGGCGCATCCATTCTAx,10X_17_028,Neuron,EMX1,10,13,10,14,False,
10X_17_028:TGGGCGTAGTTGTCGTx,10X_17_028,Radial Glia,EMX1,2,14,10,14,False,
10X_17_028:TGGGAAGAGTCCCACGx,10X_17_028,Radial Glia,EMX1,11,13,10,14,False,
10X_17_028:TGGTTAGCATGGAATAx,10X_17_028,Radial Glia,EMX1,8,13,10,14,False,
10X_17_028:TGGGCGTTCACGCATAx,10X_17_028,Neuron,EMX1,8,14,10,14,False,
10X_17_028:TTAGGCAGTAAATGACx,10X_17_028,Radial Glia,EMX1,10,14,10,14,True,0.842429518699646
10X_17_028:TTAGTTCAGACTAGATx,10X_17_028,Radial Glia,EMX1,7,14,10,14,False,
10X_17_028:TTAGGCAAGAGCCTAGx,10X_17_028,Radial Glia,EMX1,10,15,10,14,False,
10X_17_028:TGTTCCGGTCAGTGGAx,10X_17_028,Radial Glia,EMX1,2,13,10,14,False,
10X_17_028:TGTGTTTGTCTCACCTx,10X_17_028,Radial Glia,EMX1,7,12,10,14,False,
10X_17_028:TTAGTTCAGAATTGTGx,10X_17_028,Neuron,EMX1,9,14,10,14,False,
10X_17_028:TGTGTTTCAGACGCAAx,10X_17_028,Radial Glia,EMX1,4,13,10,14,False,
10X_17_028:TGTGTTTCATACCATGx,10X_17_028,Neuron,EMX1,6,14,10,14,False,
10X_17_028:TTAGTTCTCGCCTGAGx,10X_17_028,Radial Glia,EMX1,3,13,10,14,False,
10X_17_028:TTAGTTCGTCCCTACTx,10X_17_028,Neuron,EMX1,8,14,10,14,False,
10X_17_028:TTCTTAGCAGCTTAACx,10X_17_028,Radial Glia,EMX1,0,10,10,14,False,
10X_17_028:TTCGGTCCATTACCTTx,10X_17_028,Neuron,EMX1,11,14,10,14,False,
10X_17_028:TTCTTAGGTCGCCATGx,10X_17_028,Radial Glia,EMX1,7,13,10,14,False,
10X_17_028:TTCTACAAGTCCAGGAx,10X_17_028,Radial Glia,EMX1,9,15,10,14,False,
10X_17_028:TTGAACGTCGTATCAGx,10X_17_028,Neuron,EMX1,6,13,10,14,False,
10X_17_028:TTGCGTCGTTTGTTGGx,10X_17_028,Radial Glia,EMX1,11,14,10,14,False,
10X_17_028:TTTATGCAGTGGTAGCx,10X_17_028,Radial Glia,EMX1,5,13,10,14,False,
10X_17_028:TTGCGTCCAAATTGCCx,10X_17_028,Neuron,EMX1,4,14,10,14,False,
10X_17_028:TTTATGCAGTGAATTGx,10X_17_028,Radial Glia,EMX1,8,14,10,14,False,
10X_17_028:TTTGTCATCTGCCCTAx,10X_17_028,Neuron,EMX1,11,14,10,14,False,
10X_17_028:TTTGTCACAAGGACTGx,10X_17_028,Radial Glia,EMX1,4,13,10,14,False,
10X_17_028:TTTGCGCTCACTTCATx,10X_17_028,Radial Glia,EMX1,10,14,10,14,True,0.820746660232544
10X_17_028:TTTATGCGTTAAGGGCx,10X_17_028,Radial Glia,EMX1,9,14,10,14,False,
10X_17_029:AAACGGGAGATTACCCx,10X_17_029,Neuron,EMX1,8,14,10,14,False,
10X_17_029:AAGCCGCAGCTAGTCTx,10X_17_029,Radial Glia,EMX1,11,14,10,14,False,
10X_17_029:AATCCAGAGTACATGAx,10X_17_029,Neuron,EMX1,8,14,10,14,False,
10X_17_029:AAGGAGCCAGATTGCTx,10X_17_029,Neuron,EMX1,8,14,10,14,False,
10X_17_029:AAGTCTGAGCGATATAx,10X_17_029,Radial Glia,EMX1,5,13,10,14,False,
10X_17_029:ACACTGAGTTGTCGCGx,10X_17_029,Radial Glia,EMX1,9,14,10,14,False,
10X_17_029:AAGGCAGCAAGACGTGx,10X_17_029,Neuron,EMX1,4,14,10,14,False,
10X_17_029:ACCCACTTCTGGTGTAx,10X_17_029,Radial Glia,EMX1,9,14,10,14,False,
10X_17_029:ACATGGTGTCGGGTCTx,10X_17_029,Radial Glia,EMX1,9,14,10,14,False,
10X_17_029:ACGAGGACAGCTGGCTx,10X_17_029,Radial Glia,EMX1,6,14,10,14,False,
10X_17_029:ACCAGTAAGATGTTAGx,10X_17_029,Radial Glia,EMX1,7,13,10,14,False,
10X_17_029:ACGAGCCCATACGCCGx,10X_17_029,Neuron,EMX1,11,14,10,14,False,
10X_17_029:ACGGGCTGTCAATACCx,10X_17_029,Radial Glia,EMX1,10,13,10,14,False,
10X_17_029:ACTATCTGTCGCCATGx,10X_17_029,Radial Glia,EMX1,7,13,10,14,False,
10X_17_029:ACGGAGACATGCGCACx,10X_17_029,Radial Glia,EMX1,10,14,10,14,True,0.8675870895385742
10X_17_029:ACGGGTCGTGCAACTTx,10X_17_029,Radial Glia,EMX1,9,15,10,14,False,
10X_17_029:ACTTGTTTCCGCGGTAx,10X_17_029,Radial Glia,EMX1,10,15,10,14,False,
10X_17_029:ACGGGTCTCGACGGAAx,10X_17_029,Neuron,EMX1,8,14,10,14,False,
10X_17_029:AGCCTAAAGCGTGAACx,10X_17_029,Neuron,EMX1,7,14,10,14,False,
10X_17_029:AGCGTCGTCCTCAACCx,10X_17_029,Radial Glia,EMX1,9,14,10,14,False,
10X_17_029:AGCAGCCGTGCGATAGx,10X_17_029,Radial Glia,EMX1,9,13,10,14,False,
10X_17_029:AGCATACTCGACAGCCx,10X_17_029,Radial Glia,EMX1,11,14,10,14,False,
10X_17_029:AGCATACCAATGAAACx,10X_17_029,Neuron,EMX1,9,14,10,14,False,
10X_17_029:AGCCTAACACAACGCCx,10X_17_029,Radial Glia,EMX1,7,13,10,14,False,
10X_17_029:AGCTCCTAGAAACCTAx,10X_17_029,Neuron,EMX1,8,14,10,14,False,
10X_17_029:AGCATACCAGTAAGCGx,10X_17_029,Radial Glia,EMX1,8,13,10,14,False,
10X_17_029:AGCAGCCAGCCATCGCx,10X_17_029,Neuron,EMX1,7,14,10,14,False,
10X_17_029:AGGGTGAAGCTAACTCx,10X_17_029,Radial Glia,EMX1,12,15,10,14,False,
10X_17_029:AGGGTGAAGCGCTTATx,10X_17_029,Neuron,EMX1,9,14,10,14,False,
10X_17_029:AGCTCCTGTGACTACTx,10X_17_029,Radial Glia,EMX1,9,14,10,14,False,
10X_17_029:AGGGATGAGTCATGCTx,10X_17_029,Neuron,EMX1,7,14,10,14,False,
10X_17_029:AGTGTCAAGTAGCGGTx,10X_17_029,Radial Glia,EMX1,9,15,10,14,False,
10X_17_029:AGGGAGTTCGTCCGTTx,10X_17_029,Radial Glia,EMX1,10,15,10,14,False,
10X_17_029:AGGCCGTGTCCTGCTTx,10X_17_029,Radial Glia,EMX1,8,14,10,14,False,
10X_17_029:AGGCCACGTGACGCCTx,10X_17_029,Neuron,EMX1,11,14,10,14,False,
10X_17_029:ATCATGGGTTAAGGGCx,10X_17_029,Radial Glia,EMX1,5,12,10,14,False,
10X_17_029:ATAACGCTCGACAGCCx,10X_17_029,Radial Glia,EMX1,7,13,10,14,False,
10X_17_029:ATCATGGGTCCGAATTx,10X_17_029,Radial Glia,EMX1,4,12,10,14,False,
10X_17_029:ATCATGGAGATGCCAGx,10X_17_029,Radial Glia,EMX1,7,14,10,14,False,
10X_17_029:ATCATGGCACCTGGTGx,10X_17_029,Neuron,EMX1,11,14,10,14,False,
10X_17_029:ATCATGGAGCGGCTTCx,10X_17_029,Radial Glia,EMX1,8,14,10,14,False,
10X_17_029:ATCATCTTCCCAGGTGx,10X_17_029,Neuron,EMX1,10,14,10,14,True,0.8867026567459106
10X_17_029:ATCCGAACAAACTGTCx,10X_17_029,Radial Glia,EMX1,10,14,10,14,True,0.828994870185852
10X_17_029:ATGAGGGCAACTGGCCx,10X_17_029,Radial Glia,EMX1,10,14,10,14,True,0.7768575549125671
10X_17_029:ATTCTACTCCTAGTGAx,10X_17_029,Radial Glia,EMX1,5,13,10,14,False,
10X_17_029:CAAGGCCTCCGCGCAAx,10X_17_029,Radial Glia,EMX1,11,14,10,14,False,
10X_17_029:CAAGTTGAGTCGATAAx,10X_17_029,Radial Glia,EMX1,8,14,10,14,False,
10X_17_029:ATTTCTGGTCGGCTCAx,10X_17_029,Neuron,EMX1,11,14,10,14,False,
10X_17_029:CAAGATCTCAGAAATGx,10X_17_029,Radial Glia,EMX1,11,13,10,14,False,
10X_17_029:CAACTAGAGATCCGAGx,10X_17_029,Radial Glia,EMX1,7,14,10,14,False,
10X_17_029:CAACCTCAGGGCACTAx,10X_17_029,Radial Glia,EMX1,9,13,10,14,False,
10X_17_029:CACAAACCACTATCTTx,10X_17_029,Neuron,EMX1,5,14,10,14,False,
10X_17_029:ATGTGTGGTTCGCGACx,10X_17_029,Radial Glia,EMX1,10,14,10,14,True,0.8366258144378662
10X_17_029:CAACCTCCATTGGCGCx,10X_17_029,Radial Glia,EMX1,9,14,10,14,False,
10X_17_029:ATTTCTGCACCATGTAx,10X_17_029,Radial Glia,EMX1,4,13,10,14,False,
10X_17_029:ATGTGTGGTCATCCCTx,10X_17_029,Radial Glia,EMX1,4,13,10,14,False,
10X_17_029:CACACCTCACACCGCAx,10X_17_029,Neuron,EMX1,7,14,10,14,False,
10X_17_029:CACACAAGTGTCTGATx,10X_17_029,Neuron,EMX1,10,14,10,14,True,0.9033508896827698
10X_17_029:CAGATCACAGGGATTGx,10X_17_029,Radial Glia,EMX1,10,13,10,14,False,
10X_17_029:CACACAACAAGCCCACx,10X_17_029,Neuron,EMX1,9,14,10,14,False,
10X_17_029:CACAGGCCATTAGCCAx,10X_17_029,Radial Glia,EMX1,8,13,10,14,False,
10X_17_029:CAGAGAGTCAGGTTCAx,10X_17_029,Radial Glia,EMX1,11,14,10,14,False,
10X_17_029:CACTCCAGTGAACCTTx,10X_17_029,Neuron,EMX1,11,14,10,14,False,
10X_17_029:CACTCCATCGGTGTCGx,10X_17_029,Radial Glia,EMX1,8,14,10,14,False,
10X_17_029:CACAGTAGTTAAAGTGx,10X_17_029,Radial Glia,EMX1,9,13,10,14,False,
10X_17_029:CAGATCATCGCATGATx,10X_17_029,Radial Glia,EMX1,10,13,10,14,False,
10X_17_029:CACACCTTCTCGCATCx,10X_17_029,Neuron,EMX1,8,14,10,14,False,
10X_17_029:CACATAGAGCCTTGATx,10X_17_029,Neuron,EMX1,7,14,10,14,False,
10X_17_029:CATCAAGGTATAGTAGx,10X_17_029,Radial Glia,EMX1,7,14,10,14,False,
10X_17_029:CAGCGACAGCGATAGCx,10X_17_029,Neuron,EMX1,8,14,10,14,False,
10X_17_029:CAGCTGGAGGTCGGATx,10X_17_029,Radial Glia,EMX1,5,14,10,14,False,
10X_17_029:CAGCTGGAGTCCGGTCx,10X_17_029,Radial Glia,EMX1,4,13,10,14,False,
10X_17_029:CAGTCCTAGGATGCGTx,10X_17_029,Radial Glia,EMX1,9,13,10,14,False,
10X_17_029:CAGCCGACACTAGTACx,10X_17_029,Radial Glia,EMX1,8,13,10,14,False,
10X_17_029:CAGGTGCAGACTACAAx,10X_17_029,Neuron,EMX1,9,14,10,14,False,
10X_17_029:CAGGTGCGTACTCGCGx,10X_17_029,Neuron,EMX1,10,14,10,14,True,0.8598666787147522
10X_17_029:CATCAAGCAAGCCGCTx,10X_17_029,Radial Glia,EMX1,8,14,10,14,False,
10X_17_029:CAGCGACCAACTGGCCx,10X_17_029,Neuron,EMX1,9,14,10,14,False,
10X_17_029:CATCAGATCGGAGGTAx,10X_17_029,Neuron,EMX1,8,14,10,14,False,
10X_17_029:CCACGGAAGCTCCCAGx,10X_17_029,Radial Glia,EMX1,9,14,10,14,False,
10X_17_029:CATCAGAAGCGTTTACx,10X_17_029,Neuron,EMX1,9,14,10,14,False,
10X_17_029:CCAATCCAGTTGAGATx,10X_17_029,Neuron,EMX1,7,14,10,14,False,
10X_17_029:CCACGGAGTGGTCTCGx,10X_17_029,Radial Glia,EMX1,9,13,10,14,False,
10X_17_029:CATTATCCATCCCACTx,10X_17_029,Radial Glia,EMX1,10,14,10,14,True,0.8520542979240417
10X_17_029:CATCAGATCTACTCATx,10X_17_029,Radial Glia,EMX1,11,14,10,14,False,
10X_17_029:CCACGGATCTGATACGx,10X_17_029,Radial Glia,EMX1,5,14,10,14,False,
10X_17_029:CATTCGCCACTTACGAx,10X_17_029,Neuron,EMX1,8,14,10,14,False,
10X_17_029:CATCGAATCTGATACGx,10X_17_029,Radial Glia,EMX1,9,14,10,14,False,
10X_17_029:CCAATCCCAGGAACGTx,10X_17_029,Neuron,EMX1,9,14,10,14,False,
10X_17_029:CCACCTACATGGATGGx,10X_17_029,Radial Glia,EMX1,9,14,10,14,False,
10X_17_029:CATCCACAGGCTAGGTx,10X_17_029,Radial Glia,EMX1,6,14,10,14,False,
10X_17_029:CCACTACTCGAATGGGx,10X_17_029,Radial Glia,EMX1,9,14,10,14,False,
10X_17_029:CCGGGATAGGTGTGGTx,10X_17_029,Radial Glia,EMX1,2,14,10,14,False,
10X_17_029:CCATTCGGTCTAGGTTx,10X_17_029,Radial Glia,EMX1,10,14,10,14,True,0.8447903990745544
10X_17_029:CCCTCCTTCATGCTCCx,10X_17_029,Neuron,EMX1,9,14,10,14,False,
10X_17_029:CCGGGATTCACTGGGCx,10X_17_029,Radial Glia,EMX1,9,14,10,14,False,
10X_17_029:CCAGCGACATTACGACx,10X_17_029,Radial Glia,EMX1,7,14,10,14,False,
10X_17_029:CCCTCCTGTCTCATCCx,10X_17_029,Neuron,EMX1,10,14,10,14,True,0.8745272755622864
10X_17_029:CGAATGTAGTTCGATCx,10X_17_029,Neuron,EMX1,9,13,10,14,False,
10X_17_029:CGAACATCAGTTCCCTx,10X_17_029,Radial Glia,EMX1,6,14,10,14,False,
10X_17_029:CCTTCGATCCAAACTGx,10X_17_029,Neuron,EMX1,5,13,10,14,False,
10X_17_029:CCTTCCCAGAATCTCCx,10X_17_029,Neuron,EMX1,8,14,10,14,False,
10X_17_029:CGAGAAGTCCTATTCAx,10X_17_029,Neuron,EMX1,9,14,10,14,False,
10X_17_029:CCTAGCTGTTAAGATGx,10X_17_029,Radial Glia,EMX1,9,14,10,14,False,
10X_17_029:CGACCTTAGCCTATGTx,10X_17_029,Radial Glia,EMX1,10,14,10,14,True,0.8340511322021484
10X_17_029:CCTTCCCGTACATGTCx,10X_17_029,Radial Glia,EMX1,5,14,10,14,False,
10X_17_029:CCTCTGACACTTAACGx,10X_17_029,Radial Glia,EMX1,9,13,10,14,False,
10X_17_029:CGAGAAGAGCCCAGCTx,10X_17_029,Neuron,EMX1,5,14,10,14,False,
10X_17_029:CGGACTGAGGCAATTAx,10X_17_029,Radial Glia,EMX1,11,14,10,14,False,
10X_17_029:CGCTATCAGATAGCATx,10X_17_029,Radial Glia,EMX1,6,14,10,14,False,
10X_17_029:CGGACTGGTGGTCTCGx,10X_17_029,Neuron,EMX1,9,14,10,14,False,
10X_17_029:CGGACGTGTTCACGGCx,10X_17_029,Radial Glia,EMX1,8,14,10,14,False,
10X_17_029:CGCCAAGCATGACGGAx,10X_17_029,Neuron,EMX1,7,15,10,14,False,
10X_17_029:CGCGTTTTCACCTCGTx,10X_17_029,Radial Glia,EMX1,9,14,10,14,False,
10X_17_029:CGGACACTCATGCTCCx,10X_17_029,Radial Glia,EMX1,12,15,10,14,False,
10X_17_029:CGCTGGAAGTTTCCTTx,10X_17_029,Radial Glia,EMX1,9,15,10,14,False,
10X_17_029:CGCTGGACATTGGTACx,10X_17_029,Neuron,EMX1,9,14,10,14,False,
10X_17_029:CGGTTAAAGCAGACTGx,10X_17_029,Neuron,EMX1,7,12,10,14,False,
10X_17_029:CGGGTCATCGTACCGGx,10X_17_029,Radial Glia,EMX1,10,12,10,14,False,
10X_17_029:CGGGTCAGTGTCGCTGx,10X_17_029,Radial Glia,EMX1,10,15,10,14,False,
10X_17_029:CGTCCATGTTCACGGCx,10X_17_029,Radial Glia,EMX1,7,14,10,14,False,
10X_17_029:CGTCTACGTCCGAGTCx,10X_17_029,Neuron,EMX1,9,14,10,14,False,
10X_17_029:CGTGTCTTCCATGCTCx,10X_17_029,Radial Glia,EMX1,7,14,10,14,False,
10X_17_029:CTCACACGTGCAGTAGx,10X_17_029,Radial Glia,EMX1,6,13,10,14,False,
10X_17_029:CTACATTTCTCTGCTGx,10X_17_029,Radial Glia,EMX1,8,12,10,14,False,
10X_17_029:CTACATTGTCTCACCTx,10X_17_029,Radial Glia,EMX1,11,13,10,14,False,
10X_17_029:CTAGTGATCAAACAAGx,10X_17_029,Neuron,EMX1,3,14,10,14,False,
10X_17_029:CTCACACTCATGCTCCx,10X_17_029,Radial Glia,EMX1,3,13,10,14,False,
10X_17_029:CTCACACCAGCATACTx,10X_17_029,Radial Glia,EMX1,10,14,10,14,True,0.8410211205482483
10X_17_029:CTACATTTCTATCGCCx,10X_17_029,Radial Glia,EMX1,8,13,10,14,False,
10X_17_029:CTACCCACACCAGATTx,10X_17_029,Radial Glia,EMX1,5,13,10,14,False,
10X_17_029:CTAATGGGTCTGATCAx,10X_17_029,Radial Glia,EMX1,6,13,10,14,False,
10X_17_029:CTCATTAAGTACGCCCx,10X_17_029,Neuron,EMX1,11,14,10,14,False,
10X_17_029:CTCGAGGTCCGAGCCAx,10X_17_029,Radial Glia,EMX1,11,14,10,14,False,
10X_17_029:CTCGGAGAGTGAAGAGx,10X_17_029,Neuron,EMX1,8,14,10,14,False,
10X_17_029:CTGATAGAGATGAGAGx,10X_17_029,Radial Glia,EMX1,4,13,10,14,False,
10X_17_029:CTCGAAAGTGAGGCTAx,10X_17_029,Radial Glia,EMX1,10,14,10,14,True,0.8335537314414978
10X_17_029:CTCGGGAAGTTTCCTTx,10X_17_029,Radial Glia,EMX1,8,14,10,14,False,
10X_17_029:CTGATCCCATTTCAGGx,10X_17_029,Neuron,EMX1,11,14,10,14,False,
10X_17_029:CTCGGAGCAAGGTTTCx,10X_17_029,Radial Glia,EMX1,11,14,10,14,False,
10X_17_029:CTCGAGGGTACTCTCCx,10X_17_029,Radial Glia,EMX1,5,12,10,14,False,
10X_17_029:CTCTGGTGTGTCAATCx,10X_17_029,Radial Glia,EMX1,10,13,10,14,False,
10X_17_029:CTGATCCCATCTGGTAx,10X_17_029,Radial Glia,EMX1,9,14,10,14,False,
10X_17_029:CTCTAATAGATATACGx,10X_17_029,Radial Glia,EMX1,7,14,10,14,False,
10X_17_029:CTCGAGGTCAGCTCTCx,10X_17_029,Radial Glia,EMX1,10,14,10,14,True,0.8415303826332092
10X_17_029:CTGATCCCATACTACGx,10X_17_029,Radial Glia,EMX1,11,15,10,14,False,
10X_17_029:CTGATAGAGTTAACGAx,10X_17_029,Radial Glia,EMX1,5,14,10,14,False,
10X_17_029:CTTCTCTCAACACGCCx,10X_17_029,Radial Glia,EMX1,7,14,10,14,False,
10X_17_029:CTTAACTTCAGGATCTx,10X_17_029,Radial Glia,EMX1,11,14,10,14,False,
10X_17_029:GAAATGATCCGCTGTTx,10X_17_029,Radial Glia,EMX1,9,14,10,14,False,
10X_17_029:CTGTGCTAGTCCCACGx,10X_17_029,Neuron,EMX1,6,14,10,14,False,
10X_17_029:CTGCGGAGTACACCGCx,10X_17_029,Neuron,EMX1,7,14,10,14,False,
10X_17_029:CTTAACTAGGTGATATx,10X_17_029,Neuron,EMX1,7,14,10,14,False,
10X_17_029:CTGCGGAAGAGTACATx,10X_17_029,Radial Glia,EMX1,5,14,10,14,False,
10X_17_029:GAACCTAAGGAGCGAGx,10X_17_029,Neuron,EMX1,3,14,10,14,False,
10X_17_029:GACGTGCTCTAGCACAx,10X_17_029,Radial Glia,EMX1,9,15,10,14,False,
10X_17_029:GACGGCTGTCGACTGCx,10X_17_029,Radial Glia,EMX1,4,13,10,14,False,
10X_17_029:GACTAACGTCCCTACTx,10X_17_029,Radial Glia,EMX1,10,14,10,14,True,0.8988562822341919
10X_17_029:GACAGAGGTTTGACACx,10X_17_029,Radial Glia,EMX1,7,12,10,14,False,
10X_17_029:GACCAATGTGAGGCTAx,10X_17_029,Radial Glia,EMX1,10,14,10,14,True,0.7748733162879944
10X_17_029:GAAGCAGAGGCTCATTx,10X_17_029,Radial Glia,EMX1,7,14,10,14,False,
10X_17_029:GAAGCAGTCACTTCATx,10X_17_029,Radial Glia,EMX1,6,13,10,14,False,
10X_17_029:GACACGCGTCCAAGTTx,10X_17_029,Radial Glia,EMX1,8,14,10,14,False,
10X_17_029:GACCAATGTATTACCGx,10X_17_029,Neuron,EMX1,8,14,10,14,False,
10X_17_029:GATCGTATCAATACCGx,10X_17_029,Radial Glia,EMX1,11,15,10,14,False,
10X_17_029:GATCGTAAGAATGTTGx,10X_17_029,Radial Glia,EMX1,10,14,10,14,True,0.7872048020362854
10X_17_029:GAGCAGAGTAGAGCTGx,10X_17_029,Radial Glia,EMX1,11,15,10,14,False,
10X_17_029:GACTACATCGTCTGAAx,10X_17_029,Neuron,EMX1,10,14,10,14,True,0.859765350818634
10X_17_029:GATCGCGCATCTATGGx,10X_17_029,Neuron,EMX1,11,14,10,14,False,
10X_17_029:GATGAAAGTGCAGGTAx,10X_17_029,Radial Glia,EMX1,4,14,10,14,False,
10X_17_029:GATCGCGGTTTGTTTCx,10X_17_029,Radial Glia,EMX1,10,14,10,14,True,0.8171249628067017
10X_17_029:GCATACAGTGCACGAAx,10X_17_029,Radial Glia,EMX1,9,14,10,14,False,
10X_17_029:GCATGTAAGACTAGATx,10X_17_029,Radial Glia,EMX1,8,12,10,14,False,
10X_17_029:GCATGTATCGCCAGCAx,10X_17_029,Neuron,EMX1,9,14,10,14,False,
10X_17_029:GCACTCTGTGCAACTTx,10X_17_029,Radial Glia,EMX1,8,13,10,14,False,
10X_17_029:GCAATCATCCGCATCTx,10X_17_029,Radial Glia,EMX1,9,14,10,14,False,
10X_17_029:GCGAGAATCTATCCCGx,10X_17_029,Radial Glia,EMX1,9,12,10,14,False,
10X_17_029:GCGAGAACACGACGAAx,10X_17_029,Radial Glia,EMX1,10,14,10,14,True,0.8234817981719971
10X_17_029:GCAGCCAGTATTCTCTx,10X_17_029,Radial Glia,EMX1,8,14,10,14,False,
10X_17_029:GCATGTAGTGCCTTGGx,10X_17_029,Neuron,EMX1,10,14,10,14,True,0.9028900265693665
10X_17_029:GGAACTTGTCCCTACTx,10X_17_029,Radial Glia,EMX1,11,14,10,14,False,
10X_17_029:GCGCCAATCCCTAATTx,10X_17_029,Radial Glia,EMX1,9,14,10,14,False,
10X_17_029:GGAAAGCTCCGTAGTAx,10X_17_029,Neuron,EMX1,9,14,10,14,False,
10X_17_029:GGAAAGCTCTGGCGTGx,10X_17_029,Neuron,EMX1,10,14,10,14,True,0.8714194297790527
10X_17_029:GGAACTTAGGATGCGTx,10X_17_029,Radial Glia,EMX1,8,14,10,14,False,
10X_17_029:GCGGGTTGTGAACCTTx,10X_17_029,Radial Glia,EMX1,9,13,10,14,False,
10X_17_029:GCGGGTTTCAGTACGTx,10X_17_029,Radial Glia,EMX1,9,15,10,14,False,
10X_17_029:GGCGACTGTGATGATAx,10X_17_029,Radial Glia,EMX1,11,14,10,14,False,
10X_17_029:GGGAATGAGCGTAGTGx,10X_17_029,Radial Glia,EMX1,11,14,10,14,False,
10X_17_029:GGGAATGAGTCCATACx,10X_17_029,Radial Glia,EMX1,2,12,10,14,False,
10X_17_029:GGACGTCGTGTTTGTGx,10X_17_029,Radial Glia,EMX1,8,13,10,14,False,
10X_17_029:GGCCGATAGCCAGAACx,10X_17_029,Radial Glia,EMX1,9,14,10,14,False,
10X_17_029:GGATTACTCTGTCTCGx,10X_17_029,Neuron,EMX1,9,14,10,14,False,
10X_17_029:GGTATTGAGCTCCTCTx,10X_17_029,Radial Glia,EMX1,10,15,10,14,False,
10X_17_029:GGGATGACATCCAACAx,10X_17_029,Radial Glia,EMX1,9,14,10,14,False,
10X_17_029:GGGCATCAGAAGGCCTx,10X_17_029,Radial Glia,EMX1,10,14,10,14,True,0.8244051933288574
10X_17_029:GGGATGAAGTCTCCTCx,10X_17_029,Neuron,EMX1,9,14,10,14,False,
10X_17_029:GTAACGTTCCGAGCCAx,10X_17_029,Neuron,EMX1,8,14,10,14,False,
10X_17_029:GTACTCCTCCGTAGTAx,10X_17_029,Radial Glia,EMX1,9,14,10,14,False,
10X_17_029:GGGCACTAGATGTCGGx,10X_17_029,Radial Glia,EMX1,12,15,10,14,False,
10X_17_029:GGGCACTCAGTATAAGx,10X_17_029,Radial Glia,EMX1,10,14,10,14,True,0.7443677186965942
10X_17_029:GTCGGGTGTTAAGATGx,10X_17_029,Radial Glia,EMX1,4,14,10,14,False,
10X_17_029:GTCACAAGTGCGCTTGx,10X_17_029,Radial Glia,EMX1,8,15,10,14,False,
10X_17_029:GTATTCTCACTCGACGx,10X_17_029,Neuron,EMX1,7,14,10,14,False,
10X_17_029:GTCACGGCATTGCGGCx,10X_17_029,Radial Glia,EMX1,12,14,10,14,False,
10X_17_029:GTAGGCCAGGCCCTCAx,10X_17_029,Radial Glia,EMX1,9,14,10,14,False,
10X_17_029:GTTAAGCGTACGCACCx,10X_17_029,Neuron,EMX1,8,14,10,14,False,
10X_17_029:GTGTTAGTCCATGAACx,10X_17_029,Radial Glia,EMX1,7,14,10,14,False,
10X_17_029:GTTAAGCGTACGACCCx,10X_17_029,Neuron,EMX1,9,14,10,14,False,
10X_17_029:GTTAAGCGTAAGTAGTx,10X_17_029,Radial Glia,EMX1,5,12,10,14,False,
10X_17_029:GTGGGTCGTGCTGTATx,10X_17_029,Neuron,EMX1,7,14,10,14,False,
10X_17_029:GTGTTAGAGTAGGCCAx,10X_17_029,Radial Glia,EMX1,10,14,10,14,True,0.7563946843147278
10X_17_029:GTCTTCGGTCTTCGTCx,10X_17_029,Radial Glia,EMX1,9,14,10,14,False,
10X_17_029:GTCGTAACACTTAACGx,10X_17_029,Radial Glia,EMX1,6,14,10,14,False,
10X_17_029:TAAGTGCCAGTCGTGCx,10X_17_029,Radial Glia,EMX1,9,14,10,14,False,
10X_17_029:TAAGCGTCAATTCCTTx,10X_17_029,Neuron,EMX1,7,14,10,14,False,
10X_17_029:GTTCTCGCAAGTTAAGx,10X_17_029,Neuron,EMX1,7,14,10,14,False,
10X_17_029:TACACGACACGACGAAx,10X_17_029,Radial Glia,EMX1,5,12,10,14,False,
10X_17_029:TAAACCGTCACTGGGCx,10X_17_029,Radial Glia,EMX1,8,15,10,14,False,
10X_17_029:GTTCATTCATCGATTGx,10X_17_029,Radial Glia,EMX1,10,14,10,14,True,0.8177430033683777
10X_17_029:TACACGACAACCGCCAx,10X_17_029,Radial Glia,EMX1,6,12,10,14,False,
10X_17_029:TACCTTACACCGATATx,10X_17_029,Radial Glia,EMX1,5,14,10,14,False,
10X_17_029:GTTCGGGCACTGAAGGx,10X_17_029,Radial Glia,EMX1,10,14,10,14,True,0.7831746339797974
10X_17_029:GTTCTCGAGCTGTCTAx,10X_17_029,Radial Glia,EMX1,9,12,10,14,False,
10X_17_029:TATCAGGAGTAATCCCx,10X_17_029,Radial Glia,EMX1,7,14,10,14,False,
10X_17_029:TAGTGGTGTCTAGTCAx,10X_17_029,Radial Glia,EMX1,10,15,10,14,False,
10X_17_029:TACTCGCCACGTCTCTx,10X_17_029,Radial Glia,EMX1,7,15,10,14,False,
10X_17_029:TACTTACCAGTAAGATx,10X_17_029,Neuron,EMX1,1,14,10,14,False,
10X_17_029:TAGGCATTCGCTAGCGx,10X_17_029,Neuron,EMX1,9,14,10,14,False,
10X_17_029:TACGGATGTCAAAGCGx,10X_17_029,Radial Glia,EMX1,9,15,10,14,False,
10X_17_029:TACTTGTCACAACTGTx,10X_17_029,Radial Glia,EMX1,11,14,10,14,False,
10X_17_029:TAGTTGGGTGCTTCTCx,10X_17_029,Radial Glia,EMX1,9,13,10,14,False,
10X_17_029:TAGACCAGTCGACTATx,10X_17_029,Neuron,EMX1,9,14,10,14,False,
10X_17_029:TCATTACAGCAGCGTAx,10X_17_029,Neuron,EMX1,5,13,10,14,False,
10X_17_029:TATTACCGTGCCTTGGx,10X_17_029,Radial Glia,EMX1,10,14,10,14,True,0.8355304002761841
10X_17_029:TCCACACCACATTTCTx,10X_17_029,Neuron,EMX1,9,14,10,14,False,
10X_17_029:TCATTTGTCCTCCTAGx,10X_17_029,Neuron,EMX1,11,14,10,14,False,
10X_17_029:TCACGAACAAGCGATGx,10X_17_029,Radial Glia,EMX1,6,14,10,14,False,
10X_17_029:TCAGGTACATCTGGTAx,10X_17_029,Neuron,EMX1,8,14,10,14,False,
10X_17_029:TCCCGATCACGTGAGAx,10X_17_029,Radial Glia,EMX1,7,13,10,14,False,
10X_17_029:TCAGGTACAGCTGCACx,10X_17_029,Neuron,EMX1,5,14,10,14,False,
10X_17_029:TCACGAACATGTTCCCx,10X_17_029,Neuron,EMX1,10,14,10,14,True,0.8911803960800171
10X_17_029:TCCACACTCCACGAATx,10X_17_029,Radial Glia,EMX1,11,13,10,14,False,
10X_17_029:TCAGATGAGCGTAATAx,10X_17_029,Radial Glia,EMX1,8,14,10,14,False,
10X_17_029:TCGCGTTTCTTAGAGCx,10X_17_029,Neuron,EMX1,10,14,10,14,True,0.92231023311615
10X_17_029:TCTCTAAGTCGAACAGx,10X_17_029,Radial Glia,EMX1,9,13,10,14,False,
10X_17_029:TCGGTAAGTCATTAGCx,10X_17_029,Radial Glia,EMX1,8,14,10,14,False,
10X_17_029:TCGTACCTCTCGAGTAx,10X_17_029,Radial Glia,EMX1,10,14,10,14,True,0.8489850163459778
10X_17_029:TCTCATACAAGGGTCAx,10X_17_029,Radial Glia,EMX1,9,13,10,14,False,
10X_17_029:TGACTTTAGTCCTCCTx,10X_17_029,Neuron,EMX1,9,14,10,14,False,
10X_17_029:TGAGCCGAGTGGGTTGx,10X_17_029,Radial Glia,EMX1,9,13,10,14,False,
10X_17_029:TGACTTTCACGGTAGAx,10X_17_029,Radial Glia,EMX1,4,13,10,14,False,
10X_17_029:TGAGCCGTCCATGAACx,10X_17_029,Radial Glia,EMX1,7,13,10,14,False,
10X_17_029:TGAGAGGAGACACGACx,10X_17_029,Radial Glia,EMX1,6,14,10,14,False,
10X_17_029:TGATTTCGTTTGTTTCx,10X_17_029,Radial Glia,EMX1,0,13,10,14,False,
10X_17_029:TGGCCAGGTCCGAGTCx,10X_17_029,Radial Glia,EMX1,4,12,10,14,False,
10X_17_029:TGCTGCTTCGTTTGCCx,10X_17_029,Radial Glia,EMX1,7,14,10,14,False,
10X_17_029:TGGGCGTGTTATGCGTx,10X_17_029,Radial Glia,EMX1,11,15,10,14,False,
10X_17_029:TGGGCGTCATACTCTTx,10X_17_029,Neuron,EMX1,8,14,10,14,False,
10X_17_029:TGCGCAGAGACCACGAx,10X_17_029,Radial Glia,EMX1,9,14,10,14,False,
10X_17_029:TGGCTGGCAGGGTTAGx,10X_17_029,Radial Glia,EMX1,11,14,10,14,False,
10X_17_029:TGGGAAGAGTTACGGGx,10X_17_029,Neuron,EMX1,9,14,10,14,False,
10X_17_029:TGGGCGTGTGGTACAGx,10X_17_029,Neuron,EMX1,8,14,10,14,False,
10X_17_029:TGCCCTAGTCAAACTCx,10X_17_029,Radial Glia,EMX1,8,14,10,14,False,
10X_17_029:TGCTGCTGTGAGTATAx,10X_17_029,Radial Glia,EMX1,7,13,10,14,False,
10X_17_029:TGCGTGGTCTACTATCx,10X_17_029,Radial Glia,EMX1,3,14,10,14,False,
10X_17_029:TGTGTTTTCTGCGTAAx,10X_17_029,Radial Glia,EMX1,9,14,10,14,False,
10X_17_029:TTAGGACAGGTGGGTTx,10X_17_029,Radial Glia,EMX1,10,14,10,14,True,0.8005994558334351
10X_17_029:TGTTCCGAGCGCTTATx,10X_17_029,Neuron,EMX1,6,14,10,14,False,
10X_17_029:TTAGTTCAGATACACAx,10X_17_029,Radial Glia,EMX1,9,14,10,14,False,
10X_17_029:TGTGGTACACCACGTGx,10X_17_029,Neuron,EMX1,8,14,10,14,False,
10X_17_029:TGTTCCGTCCTATTCAx,10X_17_029,Radial Glia,EMX1,11,13,10,14,False,
10X_17_029:TTAGGCAAGCAGCGTAx,10X_17_029,Radial Glia,EMX1,2,14,10,14,False,
10X_17_029:TTAGTTCAGTCCGGTCx,10X_17_029,Radial Glia,EMX1,13,14,10,14,False,
10X_17_029:TTAGTTCCAAACCTACx,10X_17_029,Radial Glia,EMX1,7,13,10,14,False,
10X_17_029:TTCGAAGAGACAAGCCx,10X_17_029,Radial Glia,EMX1,10,13,10,14,False,
10X_17_029:TGTCCCATCAGCGATTx,10X_17_029,Radial Glia,EMX1,6,13,10,14,False,
10X_17_029:TGTCCCACATACTCTTx,10X_17_029,Radial Glia,EMX1,11,14,10,14,False,
10X_17_029:TGTATTCTCACGCGGTx,10X_17_029,Radial Glia,EMX1,7,13,10,14,False,
10X_17_029:TTATGCTAGCTAGTCTx,10X_17_029,Neuron,EMX1,9,14,10,14,False,
10X_17_029:TGTTCCGGTACTTCTTx,10X_17_029,Neuron,EMX1,8,13,10,14,False,
10X_17_029:TTGGAACAGCGACGTAx,10X_17_029,Radial Glia,EMX1,10,15,10,14,False,
10X_17_029:TTGGCAAAGACACGACx,10X_17_029,Radial Glia,EMX1,9,13,10,14,False,
10X_17_029:TTGCGTCCAACTGGCCx,10X_17_029,Neuron,EMX1,11,13,10,14,False,
10X_17_029:TTGCGTCAGACACGACx,10X_17_029,Radial Glia,EMX1,2,13,10,14,False,
10X_17_029:TTGCGTCAGGCACATGx,10X_17_029,Neuron,EMX1,10,14,10,14,True,0.8469008207321167
10X_17_029:TTGACTTCAGTAGAGCx,10X_17_029,Neuron,EMX1,9,14,10,14,False,
10X_17_029:TTCTCCTGTTACAGAAx,10X_17_029,Radial Glia,EMX1,12,13,10,14,False,
10X_17_029:TTGGAACCATATGGTCx,10X_17_029,Radial Glia,EMX1,10,13,10,14,False,
10X_17_029:TTCGGTCAGCTCCTTCx,10X_17_029,Radial Glia,EMX1,11,13,10,14,False,
10X_17_029:TTTCCTCCAGATGGGTx,10X_17_029,Radial Glia,EMX1,7,13,10,14,False,
10X_17_029:TTTGGTTAGATGGCGTx,10X_17_029,Radial Glia,EMX1,6,13,10,14,False,
10X_17_029:TTTATGCAGCTCAACTx,10X_17_029,Radial Glia,EMX1,0,13,10,14,False,
10X_17_029:TTTATGCGTTGCGCACx,10X_17_029,Radial Glia,EMX1,11,14,10,14,False,
10X_17_029:TTTGGTTGTACCCAATx,10X_17_029,Neuron,EMX1,5,14,10,14,False,
10X_17_029:TTTCCTCCAGTCCTTCx,10X_17_029,Radial Glia,EMX1,7,13,10,14,False,
10X_17_029:TTTGCGCCACAGATTCx,10X_17_029,Radial Glia,EMX1,7,15,10,14,False,
10X_17_028:AACCATGGTAATCACCx,10X_17_028,Neuroblast,LHX2,13,15,13,15,True,0.5365133285522461
10X_17_028:AACCATGCATACTACGx,10X_17_028,Neuroblast,LHX2,13,15,13,15,True,0.5322995781898499
10X_17_028:AAACCTGGTAAAGGAGx,10X_17_028,Radial Glia,LHX2,14,15,13,15,False,
10X_17_028:AAAGTAGCAAAGTCAAx,10X_17_028,Radial Glia,LHX2,13,14,13,15,False,
10X_17_028:AAAGCAACAAACGCGAx,10X_17_028,Neuroblast,LHX2,10,14,13,15,False,
10X_17_028:AAACCTGCACGGTTTAx,10X_17_028,Neuroblast,LHX2,7,10,13,15,False,
10X_17_028:AAACCTGTCCTAGTGAx,10X_17_028,Radial Glia,LHX2,13,15,13,15,True,0.652692973613739
10X_17_028:AAACGGGTCTGCGTAAx,10X_17_028,Radial Glia,LHX2,11,15,13,15,False,
10X_17_028:AAACCTGGTCTCATCCx,10X_17_028,Radial Glia,LHX2,13,15,13,15,True,0.6432250142097473
10X_17_028:AAAGATGGTTACCGATx,10X_17_028,Neuroblast,LHX2,13,15,13,15,True,0.5591540336608887
10X_17_028:AAATGCCGTAGCGCTCx,10X_17_028,Radial Glia,LHX2,12,14,13,15,False,
10X_17_028:AACACGTGTCGAATCTx,10X_17_028,Neuroblast,LHX2,12,14,13,15,False,
10X_17_028:AAAGTAGTCCGCGGTAx,10X_17_028,Radial Glia,LHX2,13,14,13,15,False,
10X_17_028:AAACGGGGTGTAATGAx,10X_17_028,Neuroblast,LHX2,12,14,13,15,False,
10X_17_028:AAATGCCAGTCAATAGx,10X_17_028,Radial Glia,LHX2,13,14,13,15,False,
10X_17_028:AACTCAGAGAGTTGGCx,10X_17_028,Radial Glia,LHX2,14,15,13,15,False,
10X_17_028:AACTCAGGTAATTGGAx,10X_17_028,Radial Glia,LHX2,12,14,13,15,False,
10X_17_028:AACTCAGCATGCTAGTx,10X_17_028,Neuroblast,LHX2,8,14,13,15,False,
10X_17_028:AAGACCTTCTGAAAGAx,10X_17_028,Radial Glia,LHX2,9,13,13,15,False,
10X_17_028:AACTTTCGTTACCGATx,10X_17_028,Radial Glia,LHX2,13,15,13,15,True,0.6638429164886475
10X_17_028:AACGTTGGTGACGGTAx,10X_17_028,Radial Glia,LHX2,12,15,13,15,False,
10X_17_028:AACTTTCTCCTCTAGCx,10X_17_028,Radial Glia,LHX2,14,14,13,15,False,
10X_17_028:ACACCCTAGTAGCCGAx,10X_17_028,Radial Glia,LHX2,12,15,13,15,False,
10X_17_028:AAGTCTGGTCCAACTAx,10X_17_028,Neuroblast,LHX2,13,15,13,15,True,0.520635724067688
10X_17_028:ACACCCTGTCTTCGTCx,10X_17_028,Radial Glia,LHX2,11,15,13,15,False,
10X_17_028:AAGCCGCGTACCATCAx,10X_17_028,Radial Glia,LHX2,12,14,13,15,False,
10X_17_028:AAGTCTGCATCCTAGAx,10X_17_028,Neuroblast,LHX2,10,14,13,15,False,
10X_17_028:ACACCCTGTCCAGTTAx,10X_17_028,Radial Glia,LHX2,10,15,13,15,False,
10X_17_028:AAGGCAGGTAACGCGAx,10X_17_028,Radial Glia,LHX2,13,15,13,15,True,0.6632307767868042
10X_17_028:AAGGAGCGTTGGTTTGx,10X_17_028,Neuroblast,LHX2,9,13,13,15,False,
10X_17_028:AAGGCAGCATTAGGCTx,10X_17_028,Radial Glia,LHX2,12,14,13,15,False,
10X_17_028:ACATACGGTTGGTGGAx,10X_17_028,Neuroblast,LHX2,11,13,13,15,False,
10X_17_028:ACAGCCGCACTAGTACx,10X_17_028,Radial Glia,LHX2,12,14,13,15,False,
10X_17_028:ACCAGTAAGGCCCGTTx,10X_17_028,Radial Glia,LHX2,13,14,13,15,False,
10X_17_028:ACCAGTAGTAGCTGCCx,10X_17_028,Radial Glia,LHX2,14,15,13,15,False,
10X_17_028:ACCAGTATCTGTCCGTx,10X_17_028,Radial Glia,LHX2,10,15,13,15,False,
10X_17_028:ACATACGTCTCTTGATx,10X_17_028,Radial Glia,LHX2,13,15,13,15,True,0.6711371541023254
10X_17_028:ACACCGGTCTTGCCGTx,10X_17_028,Neuroblast,LHX2,12,15,13,15,False,
10X_17_028:ACACCGGAGCGATCCCx,10X_17_028,Radial Glia,LHX2,12,15,13,15,False,
10X_17_028:ACGCAGCGTAGTGAATx,10X_17_028,Radial Glia,LHX2,12,14,13,15,False,
10X_17_028:ACGCAGCGTCTTGTCCx,10X_17_028,Radial Glia,LHX2,13,14,13,15,False,
10X_17_028:ACGAGCCCAAGTCTGTx,10X_17_028,Radial Glia,LHX2,12,15,13,15,False,
10X_17_028:ACGATACTCCATGAACx,10X_17_028,Radial Glia,LHX2,13,15,13,15,True,0.6544296741485596
10X_17_028:ACGATGTGTTGTCGCGx,10X_17_028,Radial Glia,LHX2,12,15,13,15,False,
10X_17_028:ACGATACGTAAGCACGx,10X_17_028,Radial Glia,LHX2,13,15,13,15,True,0.6312333941459656
10X_17_028:ACGCCAGAGCTGCGAAx,10X_17_028,Radial Glia,LHX2,11,15,13,15,False,
10X_17_028:ACGATGTAGGCTAGACx,10X_17_028,Neuroblast,LHX2,12,14,13,15,False,
10X_17_028:ACGATACCAACGATCTx,10X_17_028,Radial Glia,LHX2,14,14,13,15,False,
10X_17_028:ACCCACTGTAGATTAGx,10X_17_028,Radial Glia,LHX2,12,14,13,15,False,
10X_17_028:ACCCACTCATTATCTCx,10X_17_028,Neuroblast,LHX2,12,15,13,15,False,
10X_17_028:ACGAGCCCAGATGGCAx,10X_17_028,Neuroblast,LHX2,10,14,13,15,False,
10X_17_028:ACGGCCAGTTCGCTAAx,10X_17_028,Radial Glia,LHX2,13,15,13,15,True,0.6249712705612183
10X_17_028:ACGGGCTGTCAAACTCx,10X_17_028,Neuroblast,LHX2,11,14,13,15,False,
10X_17_028:ACGGCCACACAGGCCTx,10X_17_028,Neuroblast,LHX2,13,14,13,15,False,
10X_17_028:ACGGGCTCACGGTGTCx,10X_17_028,Neuroblast,LHX2,11,15,13,15,False,
10X_17_028:ACGCCGATCTTTCCTCx,10X_17_028,Radial Glia,LHX2,12,15,13,15,False,
10X_17_028:ACGCCAGAGTGCCATTx,10X_17_028,Neuroblast,LHX2,10,14,13,15,False,
10X_17_028:ACGGGCTCATCGTCGGx,10X_17_028,Radial Glia,LHX2,14,15,13,15,False,
10X_17_028:ACGGGTCCATTGTGCAx,10X_17_028,Radial Glia,LHX2,13,15,13,15,True,0.6258435249328613
10X_17_028:ACGTCAAAGTCGTACTx,10X_17_028,Neuroblast,LHX2,13,14,13,15,False,
10X_17_028:ACGCCAGCATTCTTACx,10X_17_028,Radial Glia,LHX2,12,14,13,15,False,
10X_17_028:ACGGGTCGTCTACCTCx,10X_17_028,Neuroblast,LHX2,12,15,13,15,False,
10X_17_028:ACGGCCAAGTCGTACTx,10X_17_028,Neuroblast,LHX2,13,15,13,15,True,0.5907023549079895
10X_17_028:ACGCCAGCATCGTCGGx,10X_17_028,Radial Glia,LHX2,11,15,13,15,False,
10X_17_028:ACGGGCTGTACAGACGx,10X_17_028,Radial Glia,LHX2,13,15,13,15,True,0.6490511298179626
10X_17_028:ACGTCAAGTACAGTTCx,10X_17_028,Neuroblast,LHX2,13,15,13,15,True,0.5417666435241699
10X_17_028:ACTTACTAGATCCGAGx,10X_17_028,Radial Glia,LHX2,13,14,13,15,False,
10X_17_028:ACTGTCCGTCCATGATx,10X_17_028,Radial Glia,LHX2,13,14,13,15,False,
10X_17_028:ACTGCTCTCTGCGACGx,10X_17_028,Neuroblast,LHX2,13,14,13,15,False,
10X_17_028:ACTGTCCTCTCTGTCGx,10X_17_028,Radial Glia,LHX2,14,15,13,15,False,
10X_17_028:AGAATAGGTTACGCGCx,10X_17_028,Radial Glia,LHX2,13,15,13,15,True,0.6639667749404907
10X_17_028:AGAATAGTCTTAGCCCx,10X_17_028,Radial Glia,LHX2,13,15,13,15,True,0.6179082989692688
10X_17_028:AGAATAGAGGCTACGAx,10X_17_028,Radial Glia,LHX2,9,14,13,15,False,
10X_17_028:ACTGTCCGTCCAGTTAx,10X_17_028,Radial Glia,LHX2,8,14,13,15,False,
10X_17_028:ACTTGTTGTTAAGACAx,10X_17_028,Neuroblast,LHX2,9,14,13,15,False,
10X_17_028:ACTGTCCAGAGCCTAGx,10X_17_028,Neuroblast,LHX2,13,15,13,15,True,0.5857043862342834
10X_17_028:AGAGCGAGTAAACGCGx,10X_17_028,Neuroblast,LHX2,4,11,13,15,False,
10X_17_028:AGACGTTCAAACGCGAx,10X_17_028,Radial Glia,LHX2,14,15,13,15,False,
10X_17_028:AGCCTAAGTTGCCTCTx,10X_17_028,Neuroblast,LHX2,13,14,13,15,False,
10X_17_028:AGAGCTTCACGTGAGAx,10X_17_028,Radial Glia,LHX2,12,15,13,15,False,
10X_17_028:AGCGGTCGTCCGACGTx,10X_17_028,Radial Glia,LHX2,11,14,13,15,False,
10X_17_028:AGACGTTAGGCAGGTTx,10X_17_028,Radial Glia,LHX2,12,15,13,15,False,
10X_17_028:AGATTGCTCTGCGGCAx,10X_17_028,Radial Glia,LHX2,12,15,13,15,False,
10X_17_028:AGATTGCAGAACTCGGx,10X_17_028,Neuroblast,LHX2,13,15,13,15,True,0.5289696455001831
10X_17_028:AGACGTTAGTCCCACGx,10X_17_028,Radial Glia,LHX2,13,15,13,15,True,0.6636070013046265
10X_17_028:AGCAGCCCAGTATGCTx,10X_17_028,Radial Glia,LHX2,13,15,13,15,True,0.6534469723701477
10X_17_028:AGCGTCGAGCAATCTCx,10X_17_028,Radial Glia,LHX2,13,15,13,15,True,0.6467458009719849
10X_17_028:AGGGAGTCACGCGAAAx,10X_17_028,Radial Glia,LHX2,14,14,13,15,False,
10X_17_028:AGCTCCTGTCACACGCx,10X_17_028,Radial Glia,LHX2,14,14,13,15,False,
10X_17_028:AGGGAGTTCGCTTAGAx,10X_17_028,Neuroblast,LHX2,12,15,13,15,False,
10X_17_028:AGCTCCTCATTCGACAx,10X_17_028,Neuroblast,LHX2,11,14,13,15,False,
10X_17_028:AGCTCTCGTTAGAACAx,10X_17_028,Radial Glia,LHX2,14,14,13,15,False,
10X_17_028:AGCGTATAGGGCTTCCx,10X_17_028,Radial Glia,LHX2,13,15,13,15,True,0.6595439910888672
10X_17_028:AGGGAGTAGTCACGCCx,10X_17_028,Neuroblast,LHX2,12,15,13,15,False,
10X_17_028:AGGTCATCAGCGAACAx,10X_17_028,Radial Glia,LHX2,13,15,13,15,True,0.6520242691040039
10X_17_028:AGGGATGCACTGCCAGx,10X_17_028,Neuroblast,LHX2,12,14,13,15,False,
10X_17_028:AGGTCCGTCATTGCCCx,10X_17_028,Neuroblast,LHX2,12,14,13,15,False,
10X_17_028:AGGTCCGGTGGGTCAAx,10X_17_028,Radial Glia,LHX2,11,14,13,15,False,
10X_17_028:AGGGTGATCAGGCCCAx,10X_17_028,Neuroblast,LHX2,12,15,13,15,False,
10X_17_028:AGTAGTCCATGGAATAx,10X_17_028,Neuroblast,LHX2,11,14,13,15,False,
10X_17_028:AGTGAGGAGTACGACGx,10X_17_028,Radial Glia,LHX2,13,14,13,15,False,
10X_17_028:AGTGGGACAGTACACTx,10X_17_028,Radial Glia,LHX2,14,15,13,15,False,
10X_17_028:AGGGTGAAGTACGACGx,10X_17_028,Neuroblast,LHX2,13,14,13,15,False,
10X_17_028:AGTCTTTCAGTCGTGCx,10X_17_028,Radial Glia,LHX2,13,15,13,15,True,0.6348605155944824
10X_17_028:ATAACGCCAGATAATGx,10X_17_028,Radial Glia,LHX2,14,15,13,15,False,
10X_17_028:ATCATCTTCTGTCAAGx,10X_17_028,Radial Glia,LHX2,14,15,13,15,False,
10X_17_028:ATCATGGAGCCACCTGx,10X_17_028,Neuroblast,LHX2,11,14,13,15,False,
10X_17_028:ATCCACCCACCAACCGx,10X_17_028,Neuroblast,LHX2,12,15,13,15,False,
10X_17_028:ATAGACCAGGAGTACCx,10X_17_028,Radial Glia,LHX2,13,15,13,15,True,0.626937210559845
10X_17_028:ATCATCTCAATGCCATx,10X_17_028,Neuroblast,LHX2,13,15,13,15,True,0.5702300071716309
10X_17_028:ATCATGGTCCTCAATTx,10X_17_028,Radial Glia,LHX2,13,14,13,15,False,
10X_17_028:ATCATCTGTCTACCTCx,10X_17_028,Radial Glia,LHX2,13,15,13,15,True,0.6373679637908936
10X_17_028:ATCCACCTCTTGCATTx,10X_17_028,Neuroblast,LHX2,12,14,13,15,False,
10X_17_028:AGTTGGTTCGAGGTAGx,10X_17_028,Neuroblast,LHX2,12,14,13,15,False,
10X_17_028:ATCACGAGTGACTCATx,10X_17_028,Neuroblast,LHX2,12,15,13,15,False,
10X_17_028:ATCATCTCATCCTTGCx,10X_17_028,Radial Glia,LHX2,14,15,13,15,False,
10X_17_028:ATAACGCAGCTGAAATx,10X_17_028,Radial Glia,LHX2,13,15,13,15,True,0.6468487977981567
10X_17_028:ATCCGAAGTTTGTTGGx,10X_17_028,Radial Glia,LHX2,13,14,13,15,False,
10X_17_028:ATCTACTAGAAACCTAx,10X_17_028,Radial Glia,LHX2,13,15,13,15,True,0.6570613384246826
10X_17_028:ATCTACTTCGAGAGCAx,10X_17_028,Radial Glia,LHX2,12,15,13,15,False,
10X_17_028:ATCGAGTGTCCAACTAx,10X_17_028,Radial Glia,LHX2,12,14,13,15,False,
10X_17_028:ATCCGAACAAGTTCTGx,10X_17_028,Radial Glia,LHX2,12,14,13,15,False,
10X_17_028:ATCGAGTCATTTCAGGx,10X_17_028,Neuroblast,LHX2,10,14,13,15,False,
10X_17_028:ATTACTCGTGTTTGTGx,10X_17_028,Radial Glia,LHX2,13,14,13,15,False,
10X_17_028:ATCTACTGTTCGCTAAx,10X_17_028,Neuroblast,LHX2,13,15,13,15,True,0.5733399391174316
10X_17_028:ATCTACTAGGTGCAACx,10X_17_028,Radial Glia,LHX2,12,15,13,15,False,
10X_17_028:ATGCGATGTGCGGTAAx,10X_17_028,Radial Glia,LHX2,13,15,13,15,True,0.6402294635772705
10X_17_028:ATTGGTGCATATGGTCx,10X_17_028,Neuroblast,LHX2,13,15,13,15,True,0.5517780780792236
10X_17_028:CAACCTCAGTCGCCGTx,10X_17_028,Radial Glia,LHX2,13,15,13,15,True,0.6502330303192139
10X_17_028:ATTCTACGTCGCTTCTx,10X_17_028,Neuroblast,LHX2,6,10,13,15,False,
10X_17_028:ATTGGACCATCCGCGAx,10X_17_028,Neuroblast,LHX2,11,15,13,15,False,
10X_17_028:CAACCTCTCGCGCCAAx,10X_17_028,Radial Glia,LHX2,14,15,13,15,False,
10X_17_028:ATTCTACGTTGCCTCTx,10X_17_028,Radial Glia,LHX2,13,15,13,15,True,0.6438820362091064
10X_17_028:CAACCTCCATCACAACx,10X_17_028,Radial Glia,LHX2,11,14,13,15,False,
10X_17_028:CAACTAGCAGGAATCGx,10X_17_028,Radial Glia,LHX2,13,15,13,15,True,0.6374629735946655
10X_17_028:ATTGGACTCCGGCACAx,10X_17_028,Radial Glia,LHX2,12,14,13,15,False,
10X_17_028:CACACTCAGCTGATAAx,10X_17_028,Neuroblast,LHX2,8,13,13,15,False,
10X_17_028:CACACTCCAAAGGCGTx,10X_17_028,Neuroblast,LHX2,13,15,13,15,True,0.537895917892456
10X_17_028:CACAAACCAGCCTTTCx,10X_17_028,Neuroblast,LHX2,12,15,13,15,False,
10X_17_028:CACACAAAGAAGGTGAx,10X_17_028,Radial Glia,LHX2,13,15,13,15,True,0.6558208465576172
10X_17_028:CAAGGCCAGGAGTTGCx,10X_17_028,Radial Glia,LHX2,14,15,13,15,False,
10X_17_028:CAAGGCCTCCAAACTGx,10X_17_028,Radial Glia,LHX2,13,15,13,15,True,0.6559200882911682
10X_17_028:CACACAAGTCGATTGTx,10X_17_028,Radial Glia,LHX2,14,15,13,15,False,
10X_17_028:CAAGGCCCACCCTATCx,10X_17_028,Radial Glia,LHX2,12,14,13,15,False,
10X_17_028:CAAGAAAGTTATGTGCx,10X_17_028,Neuroblast,LHX2,11,14,13,15,False,
10X_17_028:CACACAAGTGCGAAACx,10X_17_028,Neuroblast,LHX2,11,14,13,15,False,
10X_17_028:CACAAACTCGCCGTGAx,10X_17_028,Radial Glia,LHX2,5,14,13,15,False,
10X_17_028:CACCTTGTCATAACCGx,10X_17_028,Radial Glia,LHX2,13,13,13,15,False,
10X_17_028:CACATTTCAATAGAGTx,10X_17_028,Radial Glia,LHX2,12,14,13,15,False,
10X_17_028:CACAGTAAGGGTATCGx,10X_17_028,Radial Glia,LHX2,13,14,13,15,False,
10X_17_028:CACAGGCTCCGAAGAGx,10X_17_028,Neuroblast,LHX2,13,14,13,15,False,
10X_17_028:CACATTTCAGGACGTAx,10X_17_028,Neuroblast,LHX2,11,14,13,15,False,
10X_17_028:CACATTTAGACAGAGAx,10X_17_028,Radial Glia,LHX2,13,15,13,15,True,0.6209530830383301
10X_17_028:CACAGGCCAGGATCGAx,10X_17_028,Radial Glia,LHX2,11,14,13,15,False,
10X_17_028:CACAGGCGTCTAGAGGx,10X_17_028,Neuroblast,LHX2,11,12,13,15,False,
10X_17_028:CAGAGAGTCGTCCAGGx,10X_17_028,Radial Glia,LHX2,12,14,13,15,False,
10X_17_028:CAGCATAAGACTTGAAx,10X_17_028,Neuroblast,LHX2,12,13,13,15,False,
10X_17_028:CAGCATAAGCTGCCCAx,10X_17_028,Neuroblast,LHX2,12,14,13,15,False,
10X_17_028:CAGCTAATCTTAGAGCx,10X_17_028,Neuroblast,LHX2,10,15,13,15,False,
10X_17_028:CAGAATCCATGGGACAx,10X_17_028,Radial Glia,LHX2,12,15,13,15,False,
10X_17_028:CAGCATATCTTCTGGCx,10X_17_028,Radial Glia,LHX2,13,15,13,15,True,0.6483567357063293
10X_17_028:CAGATCAGTTGGTGGAx,10X_17_028,Neuroblast,LHX2,10,15,13,15,False,
10X_17_028:CAGCTAACAATCTGCAx,10X_17_028,Radial Glia,LHX2,13,15,13,15,True,0.6339433193206787
10X_17_028:CAGAATCTCTACTATCx,10X_17_028,Neuroblast,LHX2,13,15,13,15,True,0.5619971752166748
10X_17_028:CAGAATCCATCTCGCTx,10X_17_028,Neuroblast,LHX2,10,15,13,15,False,
10X_17_028:CAGATCATCACCGGGTx,10X_17_028,Radial Glia,LHX2,12,15,13,15,False,
10X_17_028:CAGCTGGTCAGCTGGCx,10X_17_028,Neuroblast,LHX2,8,13,13,15,False,
10X_17_028:CATCAGATCGCATGATx,10X_17_028,Neuroblast,LHX2,13,15,13,15,True,0.5426315069198608
10X_17_028:CAGGTGCTCTGAGGGAx,10X_17_028,Radial Glia,LHX2,14,15,13,15,False,
10X_17_028:CAGTCCTCAACGATCTx,10X_17_028,Neuroblast,LHX2,11,14,13,15,False,
10X_17_028:CAGGTGCTCCCTAATTx,10X_17_028,Radial Glia,LHX2,13,15,13,15,True,0.6270604133605957
10X_17_028:CATGGCGTCTGTCAAGx,10X_17_028,Radial Glia,LHX2,14,15,13,15,False,
10X_17_028:CATTCGCAGTCGATAAx,10X_17_028,Neuroblast,LHX2,12,15,13,15,False,
10X_17_028:CATTATCAGTATCGAAx,10X_17_028,Radial Glia,LHX2,12,14,13,15,False,
10X_17_028:CATCCACCAAGGTTCTx,10X_17_028,Neuroblast,LHX2,10,14,13,15,False,
10X_17_028:CATGCCTAGACAAGCCx,10X_17_028,Radial Glia,LHX2,13,15,13,15,True,0.5806879997253418
10X_17_028:CCCAGTTGTGAGGGTTx,10X_17_028,Neuroblast,LHX2,13,14,13,15,False,
10X_17_028:CCACTACTCGTTACGAx,10X_17_028,Radial Glia,LHX2,14,15,13,15,False,
10X_17_028:CCCAGTTTCAACACGTx,10X_17_028,Radial Glia,LHX2,14,15,13,15,False,
10X_17_028:CCACTACGTACTCTCCx,10X_17_028,Radial Glia,LHX2,12,14,13,15,False,
10X_17_028:CCCAATCTCCAAAGTCx,10X_17_028,Radial Glia,LHX2,13,14,13,15,False,
10X_17_028:CCAATCCGTACTCGCGx,10X_17_028,Neuroblast,LHX2,11,14,13,15,False,
10X_17_028:CCATGTCTCCGAAGAGx,10X_17_028,Radial Glia,LHX2,13,15,13,15,True,0.6739537715911865
10X_17_028:CCACTACCATGTCTCCx,10X_17_028,Neuroblast,LHX2,12,15,13,15,False,
10X_17_028:CCCAGTTGTAAGTTCCx,10X_17_028,Neuroblast,LHX2,12,14,13,15,False,
10X_17_028:CCCAATCTCGGTGTTAx,10X_17_028,Radial Glia,LHX2,12,14,13,15,False,
10X_17_028:CCCATACTCCAGTAGTx,10X_17_028,Neuroblast,LHX2,12,13,13,15,False,
10X_17_028:CCGGTAGAGCAATCTCx,10X_17_028,Radial Glia,LHX2,13,15,13,15,True,0.6559613943099976
10X_17_028:CCGTACTTCTGCAAGTx,10X_17_028,Radial Glia,LHX2,13,14,13,15,False,
10X_17_028:CCGGTAGGTGAGGCTAx,10X_17_028,Radial Glia,LHX2,13,14,13,15,False,
10X_17_028:CCCATACAGAAACCGCx,10X_17_028,Radial Glia,LHX2,11,15,13,15,False,
10X_17_028:CCCTCCTCATATGAGAx,10X_17_028,Neuroblast,LHX2,13,15,13,15,True,0.5484632849693298
10X_17_028:CCTTCCCTCTGCGGCAx,10X_17_028,Neuroblast,LHX2,12,15,13,15,False,
10X_17_028:CCTCAGTAGAGTAAGGx,10X_17_028,Neuroblast,LHX2,13,14,13,15,False,
10X_17_028:CCTATTACAATAGAGTx,10X_17_028,Radial Glia,LHX2,14,14,13,15,False,
10X_17_028:CCTTCCCGTGATGTCTx,10X_17_028,Neuroblast,LHX2,13,15,13,15,True,0.5315777659416199
10X_17_028:CCTAAAGAGTTGCAGGx,10X_17_028,Radial Glia,LHX2,13,15,13,15,True,0.6238731145858765
10X_17_028:CCTTCCCAGTTAGCGGx,10X_17_028,Radial Glia,LHX2,12,15,13,15,False,
10X_17_028:CCTTCCCGTGACTCATx,10X_17_028,Radial Glia,LHX2,13,15,13,15,True,0.6651976704597473
10X_17_028:CCTAGCTAGTCCATACx,10X_17_028,Radial Glia,LHX2,13,15,13,15,True,0.6376517415046692
10X_17_028:CCTTTCTCATATACCGx,10X_17_028,Neuroblast,LHX2,8,9,13,15,False,
10X_17_028:CGAATGTAGGTGCTTTx,10X_17_028,Neuroblast,LHX2,13,14,13,15,False,
10X_17_028:CGAGCACAGAGGTACCx,10X_17_028,Radial Glia,LHX2,14,14,13,15,False,
10X_17_028:CGAGAAGCAAGTCATCx,10X_17_028,Radial Glia,LHX2,13,15,13,15,True,0.657590925693512
10X_17_028:CGAATGTTCAGCTGGCx,10X_17_028,Radial Glia,LHX2,13,14,13,15,False,
10X_17_028:CGAACATTCAGGCGAAx,10X_17_028,Radial Glia,LHX2,14,15,13,15,False,
10X_17_028:CCTTTCTTCCCTCTTTx,10X_17_028,Neuroblast,LHX2,12,15,13,15,False,
10X_17_028:CGATCGGAGTGGGTTGx,10X_17_028,Radial Glia,LHX2,10,14,13,15,False,
10X_17_028:CGCCAAGAGCCACTATx,10X_17_028,Radial Glia,LHX2,13,14,13,15,False,
10X_17_028:CGCGGTATCAGGTTCAx,10X_17_028,Radial Glia,LHX2,9,13,13,15,False,
10X_17_028:CGATTGATCAGGTAAAx,10X_17_028,Neuroblast,LHX2,12,14,13,15,False,
10X_17_028:CGCGGTACACAAGTAAx,10X_17_028,Radial Glia,LHX2,12,15,13,15,False,
10X_17_028:CGAGCCACAGTCACTAx,10X_17_028,Radial Glia,LHX2,13,14,13,15,False,
10X_17_028:CGGAGTCAGCCCTAATx,10X_17_028,Radial Glia,LHX2,14,15,13,15,False,
10X_17_028:CGGACGTGTACCGAGAx,10X_17_028,Radial Glia,LHX2,13,15,13,15,True,0.641501247882843
10X_17_028:CGCTGGATCAAAGACAx,10X_17_028,Neuroblast,LHX2,12,15,13,15,False,
10X_17_028:CGCTTCATCCTGTAGAx,10X_17_028,Radial Glia,LHX2,14,15,13,15,False,
10X_17_028:CGCTGGAGTCTTCGTCx,10X_17_028,Neuroblast,LHX2,11,14,13,15,False,
10X_17_028:CGCTTCAGTCCGACGTx,10X_17_028,Neuroblast,LHX2,8,11,13,15,False,
10X_17_028:CGGACTGCACCACCAGx,10X_17_028,Radial Glia,LHX2,10,15,13,15,False,
10X_17_028:CGGCTAGCAATCGAAAx,10X_17_028,Neuroblast,LHX2,12,14,13,15,False,
10X_17_028:CGTAGCGTCGTCCAGGx,10X_17_028,Neuroblast,LHX2,11,15,13,15,False,
10X_17_028:CGTAGGCGTATGAATGx,10X_17_028,Neuroblast,LHX2,10,15,13,15,False,
10X_17_028:CGTAGGCAGCCCAATTx,10X_17_028,Radial Glia,LHX2,13,15,13,15,True,0.6625891923904419
10X_17_028:CGTAGCGCAAACGCGAx,10X_17_028,Radial Glia,LHX2,13,14,13,15,False,
10X_17_028:CGGCTAGTCATGTGGTx,10X_17_028,Neuroblast,LHX2,11,15,13,15,False,
10X_17_028:CGTCAGGCACAACTGTx,10X_17_028,Radial Glia,LHX2,14,15,13,15,False,
10X_17_028:CGTCCATGTTGATTGCx,10X_17_028,Neuroblast,LHX2,14,15,13,15,False,
10X_17_028:CGGTTAATCCAAACACx,10X_17_028,Neuroblast,LHX2,11,13,13,15,False,
10X_17_028:CGTAGGCGTCCCGACAx,10X_17_028,Neuroblast,LHX2,13,15,13,15,True,0.5351721048355103
10X_17_028:CGGTTAACATACTACGx,10X_17_028,Neuroblast,LHX2,13,14,13,15,False,
10X_17_028:CGTTAGATCGTGGGAAx,10X_17_028,Radial Glia,LHX2,13,15,13,15,True,0.6737775802612305
10X_17_028:CGTTAGAAGCCTCGTGx,10X_17_028,Neuroblast,LHX2,6,14,13,15,False,
10X_17_028:CTAACTTAGACAAGCCx,10X_17_028,Neuroblast,LHX2,13,15,13,15,True,0.527385950088501
10X_17_028:CGTGAGCAGCCACGCTx,10X_17_028,Radial Glia,LHX2,14,14,13,15,False,
10X_17_028:CGTCTACAGACATAACx,10X_17_028,Radial Glia,LHX2,13,14,13,15,False,
10X_17_028:CGTTAGATCTGACCTCx,10X_17_028,Radial Glia,LHX2,12,15,13,15,False,
10X_17_028:CGTTCTGCACGGACAAx,10X_17_028,Neuroblast,LHX2,4,14,13,15,False,
10X_17_028:CGTCTACGTACATGTCx,10X_17_028,Neuroblast,LHX2,13,14,13,15,False,
10X_17_028:CGTCTACAGGCAGGTTx,10X_17_028,Neuroblast,LHX2,11,14,13,15,False,
10X_17_028:CTAACTTGTACATCCAx,10X_17_028,Neuroblast,LHX2,12,14,13,15,False,
10X_17_028:CTCACACGTGTCCTCTx,10X_17_028,Neuroblast,LHX2,12,15,13,15,False,
10X_17_028:CTACCCAAGACAGACCx,10X_17_028,Neuroblast,LHX2,11,14,13,15,False,
10X_17_028:CTCACACCATCGGACCx,10X_17_028,Radial Glia,LHX2,12,15,13,15,False,
10X_17_028:CTACCCACATTCTCATx,10X_17_028,Radial Glia,LHX2,13,15,13,15,True,0.6379648447036743
10X_17_028:CTACACCGTGCGCTTGx,10X_17_028,Neuroblast,LHX2,10,14,13,15,False,
10X_17_028:CTAGAGTAGTGTGGCAx,10X_17_028,Radial Glia,LHX2,11,15,13,15,False,
10X_17_028:CTACCCAAGCCTCGTGx,10X_17_028,Radial Glia,LHX2,13,14,13,15,False,
10X_17_028:CTAGAGTCATACAGCTx,10X_17_028,Radial Glia,LHX2,13,15,13,15,True,0.6537198424339294
10X_17_028:CTCGAGGCAATAGCGGx,10X_17_028,Radial Glia,LHX2,13,14,13,15,False,
10X_17_028:CTCGAGGTCCGCTGTTx,10X_17_028,Neuroblast,LHX2,11,14,13,15,False,
10X_17_028:CTCGGAGGTAAGTTCCx,10X_17_028,Radial Glia,LHX2,14,15,13,15,False,
10X_17_028:CTCATTAAGGCTAGCAx,10X_17_028,Neuroblast,LHX2,13,14,13,15,False,
10X_17_028:CTCGGAGTCTCCAACCx,10X_17_028,Neuroblast,LHX2,13,15,13,15,True,0.5319818258285522
10X_17_028:CTCGTACTCTCCGGTTx,10X_17_028,Neuroblast,LHX2,13,15,13,15,True,0.5693995952606201
10X_17_028:CTCCTAGGTGGACGATx,10X_17_028,Neuroblast,LHX2,13,15,13,15,True,0.5684038400650024
10X_17_028:CTCGTACAGGATGTATx,10X_17_028,Radial Glia,LHX2,13,15,13,15,True,0.6616417169570923
10X_17_028:CTCGGGATCCCGGATGx,10X_17_028,Radial Glia,LHX2,13,15,13,15,True,0.6603343486785889
10X_17_028:CTCGGAGGTGTGAAATx,10X_17_028,Neuroblast,LHX2,13,15,13,15,True,0.5313108563423157
10X_17_028:CTCTGGTCAAATCCGTx,10X_17_028,Radial Glia,LHX2,13,15,13,15,True,0.6283248662948608
10X_17_028:CTGAAACAGTCGTACTx,10X_17_028,Neuroblast,LHX2,13,15,13,15,True,0.5375709533691406
10X_17_028:CTGATAGCATGGATGGx,10X_17_028,Neuroblast,LHX2,8,14,13,15,False,
10X_17_028:CTGAAGTAGCTGAAATx,10X_17_028,Neuroblast,LHX2,11,14,13,15,False,
10X_17_028:CTGAAACTCTGCGTAAx,10X_17_028,Neuroblast,LHX2,6,14,13,15,False,
10X_17_028:CTGATCCAGAATCTCCx,10X_17_028,Neuroblast,LHX2,11,14,13,15,False,
10X_17_028:CTGAAGTCAGATGGGTx,10X_17_028,Radial Glia,LHX2,13,15,13,15,True,0.670968770980835
10X_17_028:CTCGTCAAGACGACGTx,10X_17_028,Neuroblast,LHX2,13,15,13,15,True,0.5671438574790955
10X_17_028:CTGATAGAGTACGATAx,10X_17_028,Neuroblast,LHX2,12,14,13,15,False,
10X_17_028:CTGCGGAGTCGAATCTx,10X_17_028,Radial Glia,LHX2,14,15,13,15,False,
10X_17_028:CTGGTCTTCGGAGGTAx,10X_17_028,Neuroblast,LHX2,10,15,13,15,False,
10X_17_028:CTGCTGTTCACAATGCx,10X_17_028,Neuroblast,LHX2,13,15,13,15,True,0.569830060005188
10X_17_028:CTGTTTACAGCTATTGx,10X_17_028,Radial Glia,LHX2,13,15,13,15,True,0.6219384670257568
10X_17_028:CTGTGCTAGTTGCAGGx,10X_17_028,Neuroblast,LHX2,10,14,13,15,False,
10X_17_028:CTGCGGAAGGATGGAAx,10X_17_028,Radial Glia,LHX2,13,15,13,15,True,0.64677894115448
10X_17_028:CTGCTGTAGAACAATCx,10X_17_028,Neuroblast,LHX2,11,14,13,15,False,
10X_17_028:CTGCGGAGTGCCTTGGx,10X_17_028,Neuroblast,LHX2,9,14,13,15,False,
10X_17_028:CTGTTTAGTCCAAGTTx,10X_17_028,Radial Glia,LHX2,13,15,13,15,True,0.6101332902908325
10X_17_028:CTTAACTTCCTATTCAx,10X_17_028,Neuroblast,LHX2,12,14,13,15,False,
10X_17_028:CTGCCTACAAGGGTCAx,10X_17_028,Neuroblast,LHX2,13,14,13,15,False,
10X_17_028:GAAACTCCAAACTGCTx,10X_17_028,Neuroblast,LHX2,12,15,13,15,False,
10X_17_028:GAACATCCATTTGCCCx,10X_17_028,Radial Glia,LHX2,12,15,13,15,False,
10X_17_028:GAAACTCCAAGCCGTCx,10X_17_028,Radial Glia,LHX2,13,15,13,15,True,0.6351950168609619
10X_17_028:CTTAGGACATCTATGGx,10X_17_028,Radial Glia,LHX2,13,14,13,15,False,
10X_17_028:CTTGGCTAGGTGACCAx,10X_17_028,Radial Glia,LHX2,11,15,13,15,False,
10X_17_028:CTTAGGATCTGCCCTAx,10X_17_028,Neuroblast,LHX2,13,15,13,15,True,0.554424524307251
10X_17_028:CTTTGCGTCATCTGCCx,10X_17_028,Radial Glia,LHX2,14,15,13,15,False,
10X_17_028:GAATGAACAAGCCCACx,10X_17_028,Radial Glia,LHX2,14,15,13,15,False,
10X_17_028:GAATAAGTCATAGCACx,10X_17_028,Radial Glia,LHX2,13,15,13,15,True,0.6343504786491394
10X_17_028:GAATAAGAGCGTTTACx,10X_17_028,Radial Glia,LHX2,12,14,13,15,False,
10X_17_028:GAATGAAGTTGTGGAGx,10X_17_028,Neuroblast,LHX2,9,14,13,15,False,
10X_17_028:GACAGAGGTTCCCTTGx,10X_17_028,Neuroblast,LHX2,8,14,13,15,False,
10X_17_028:GAACGGACACATGACTx,10X_17_028,Neuroblast,LHX2,12,15,13,15,False,
10X_17_028:GACTACAAGGCCGAATx,10X_17_028,Radial Glia,LHX2,12,15,13,15,False,
10X_17_028:GACGGCTGTCTGCCAGx,10X_17_028,Radial Glia,LHX2,13,15,13,15,True,0.6526142358779907
10X_17_028:GACGTTATCGTATCAGx,10X_17_028,Neuroblast,LHX2,11,14,13,15,False,
10X_17_028:GACTACAGTTGGACCCx,10X_17_028,Radial Glia,LHX2,13,15,13,15,True,0.6682332158088684
10X_17_028:GACGCGTTCACTCCTGx,10X_17_028,Radial Glia,LHX2,14,15,13,15,False,
10X_17_028:GACGTGCGTTCGTGATx,10X_17_028,Radial Glia,LHX2,13,14,13,15,False,
10X_17_028:GACGTTAGTCCCTACTx,10X_17_028,Neuroblast,LHX2,12,14,13,15,False,
10X_17_028:GACTGCGGTTGAGTTCx,10X_17_028,Neuroblast,LHX2,12,15,13,15,False,
10X_17_028:GACGTGCTCATTGCCCx,10X_17_028,Neuroblast,LHX2,11,14,13,15,False,
10X_17_028:GACGTGCTCAGCATGTx,10X_17_028,Radial Glia,LHX2,11,15,13,15,False,
10X_17_028:GATCGTAGTCGAGTTTx,10X_17_028,Neuroblast,LHX2,11,13,13,15,False,
10X_17_028:GATCGATCATCTCCCAx,10X_17_028,Radial Glia,LHX2,13,15,13,15,True,0.6429821252822876
10X_17_028:GATCAGTAGTCAAGCGx,10X_17_028,Radial Glia,LHX2,10,14,13,15,False,
10X_17_028:GATCAGTAGGCCCGTTx,10X_17_028,Radial Glia,LHX2,14,15,13,15,False,
10X_17_028:GATCGATCATCACAACx,10X_17_028,Neuroblast,LHX2,10,13,13,15,False,
10X_17_028:GCACATAAGTGTCCATx,10X_17_028,Neuroblast,LHX2,10,14,13,15,False,
10X_17_028:GCACATAGTCACTGGCx,10X_17_028,Radial Glia,LHX2,13,14,13,15,False,
10X_17_028:GATGCTACATTCTCATx,10X_17_028,Radial Glia,LHX2,12,15,13,15,False,
10X_17_028:GCAATCACACGTGAGAx,10X_17_028,Radial Glia,LHX2,13,14,13,15,False,
10X_17_028:GCACTCTAGACCTAGGx,10X_17_028,Neuroblast,LHX2,9,14,13,15,False,
10X_17_028:GCAATCAAGTATTGGAx,10X_17_028,Radial Glia,LHX2,14,15,13,15,False,
10X_17_028:GCAGTTAAGATGTTAGx,10X_17_028,Neuroblast,LHX2,13,15,13,15,True,0.5769151449203491
10X_17_028:GCAGCCAGTCGCGTGTx,10X_17_028,Radial Glia,LHX2,12,15,13,15,False,
10X_17_028:GCAGCCACACATCTTTx,10X_17_028,Radial Glia,LHX2,14,14,13,15,False,
10X_17_028:GATGCTATCGAATGCTx,10X_17_028,Neuroblast,LHX2,11,14,13,15,False,
10X_17_028:GCAATCATCTGCAAGTx,10X_17_028,Neuroblast,LHX2,13,14,13,15,False,
10X_17_028:GCGCAGTAGCAGGTCAx,10X_17_028,Neuroblast,LHX2,12,14,13,15,False,
10X_17_028:GCGCAACTCCATGAGTx,10X_17_028,Neuroblast,LHX2,13,14,13,15,False,
10X_17_028:GCGCAGTAGAGCCCAAx,10X_17_028,Neuroblast,LHX2,9,13,13,15,False,
10X_17_028:GCGCAACTCCAAATGCx,10X_17_028,Neuroblast,LHX2,11,14,13,15,False,
10X_17_028:GCATACAGTACCGCTGx,10X_17_028,Radial Glia,LHX2,13,15,13,15,True,0.6606796383857727
10X_17_028:GCATACATCCAGATCAx,10X_17_028,Radial Glia,LHX2,12,15,13,15,False,
10X_17_028:GCATGATCATCAGTACx,10X_17_028,Radial Glia,LHX2,14,13,13,15,False,
10X_17_028:GCAGTTATCGGCATCGx,10X_17_028,Radial Glia,LHX2,8,15,13,15,False,
10X_17_028:GCGCCAACAAGCTGTTx,10X_17_028,Radial Glia,LHX2,11,15,13,15,False,
10X_17_028:GCTGCGATCGCATGATx,10X_17_028,Neuroblast,LHX2,10,14,13,15,False,
10X_17_028:GCGCGATAGCTAACAAx,10X_17_028,Radial Glia,LHX2,13,15,13,15,True,0.6489701867103577
10X_17_028:GCGCCAACACAGCGTCx,10X_17_028,Neuroblast,LHX2,13,14,13,15,False,
10X_17_028:GCTGCTTAGGCTAGGTx,10X_17_028,Radial Glia,LHX2,13,14,13,15,False,
10X_17_028:GCGCCAACAAAGGCGTx,10X_17_028,Radial Glia,LHX2,12,15,13,15,False,
10X_17_028:GCGCGATCACGTTGGCx,10X_17_028,Radial Glia,LHX2,11,15,13,15,False,
10X_17_028:GCGGGTTCACATGGGAx,10X_17_028,Radial Glia,LHX2,13,14,13,15,False,
10X_17_028:GCGGGTTAGGGTTCCCx,10X_17_028,Radial Glia,LHX2,12,15,13,15,False,
10X_17_028:GCTGCGACAATGGACGx,10X_17_028,Radial Glia,LHX2,13,15,13,15,True,0.6650514602661133
10X_17_028:GCTGCGATCATTGCCCx,10X_17_028,Neuroblast,LHX2,13,15,13,15,True,0.5214359760284424
10X_17_028:GGACAGAGTAAGGATTx,10X_17_028,Neuroblast,LHX2,12,14,13,15,False,
10X_17_028:GGAATAAAGATGTTAGx,10X_17_028,Radial Glia,LHX2,13,14,13,15,False,
10X_17_028:GGAATAAGTAAGTAGTx,10X_17_028,Radial Glia,LHX2,13,15,13,15,True,0.6512943506240845
10X_17_028:GCTGGGTGTTTAGCTGx,10X_17_028,Radial Glia,LHX2,11,15,13,15,False,
10X_17_028:GGACAGATCTCAACTTx,10X_17_028,Radial Glia,LHX2,11,14,13,15,False,
10X_17_028:GCTTCCAGTCGCATCGx,10X_17_028,Neuroblast,LHX2,13,15,13,15,True,0.5511695146560669
10X_17_028:GGATGTTTCTCTTATGx,10X_17_028,Radial Glia,LHX2,10,15,13,15,False,
10X_17_028:GGCGACTAGCGCTCCAx,10X_17_028,Neuroblast,LHX2,13,15,13,15,True,0.5899426937103271
10X_17_028:GGAGCAACATCACCCTx,10X_17_028,Neuroblast,LHX2,13,14,13,15,False,
10X_17_028:GGACGTCAGTTATCGCx,10X_17_028,Neuroblast,LHX2,13,14,13,15,False,
10X_17_028:GGACATTAGTGATCGGx,10X_17_028,Radial Glia,LHX2,13,14,13,15,False,
10X_17_028:GGATTACAGCTGCAAGx,10X_17_028,Radial Glia,LHX2,11,14,13,15,False,
10X_17_028:GGAGCAACATCCTAGAx,10X_17_028,Neuroblast,LHX2,12,15,13,15,False,
10X_17_028:GGGCATCAGTTGTCGTx,10X_17_028,Radial Glia,LHX2,13,15,13,15,True,0.6593116521835327
10X_17_028:GGGACCTAGAGTACATx,10X_17_028,Neuroblast,LHX2,10,14,13,15,False,
10X_17_028:GGCTGGTGTCGAGTTTx,10X_17_028,Radial Glia,LHX2,11,14,13,15,False,
10X_17_028:GGCGTGTTCTCGATGAx,10X_17_028,Neuroblast,LHX2,10,15,13,15,False,
10X_17_028:GGCTCGAGTGATGCCCx,10X_17_028,Radial Glia,LHX2,13,15,13,15,True,0.6688151359558105
10X_17_028:GGGAGATGTATAGGGCx,10X_17_028,Neuroblast,LHX2,13,15,13,15,True,0.5636370778083801
10X_17_028:GGCTCGATCGCTTGTCx,10X_17_028,Radial Glia,LHX2,11,15,13,15,False,
10X_17_028:GGGCATCAGTATTGGAx,10X_17_028,Radial Glia,LHX2,14,15,13,15,False,
10X_17_028:GGGTCTGCATTGGGCCx,10X_17_028,Radial Glia,LHX2,13,15,13,15,True,0.6595281362533569
10X_17_028:GGTGAAGCAGCCTATAx,10X_17_028,Radial Glia,LHX2,13,15,13,15,True,0.614959716796875
10X_17_028:GGGCATCGTCTAAAGAx,10X_17_028,Radial Glia,LHX2,14,15,13,15,False,
10X_17_028:GTAACTGCACCAACCGx,10X_17_028,Radial Glia,LHX2,12,15,13,15,False,
10X_17_028:GGGTCTGAGTTAAGTGx,10X_17_028,Radial Glia,LHX2,13,15,13,15,True,0.6057008504867554
10X_17_028:GGGCATCTCAGAGACGx,10X_17_028,Radial Glia,LHX2,13,14,13,15,False,
10X_17_028:GTAACGTTCAGGCCCAx,10X_17_028,Radial Glia,LHX2,13,15,13,15,True,0.6373222470283508
10X_17_028:GTATTCTTCGTCTGCTx,10X_17_028,Radial Glia,LHX2,12,14,13,15,False,
10X_17_028:GTAGTCAAGATCCGAGx,10X_17_028,Neuroblast,LHX2,10,14,13,15,False,
10X_17_028:GTACGTAAGAGTACATx,10X_17_028,Radial Glia,LHX2,13,15,13,15,True,0.6354563236236572
10X_17_028:GTACGTAGTACTCTCCx,10X_17_028,Neuroblast,LHX2,13,14,13,15,False,
10X_17_028:GTATCTTTCCCAAGTAx,10X_17_028,Radial Glia,LHX2,11,14,13,15,False,
10X_17_028:GTCAAGTGTGGGTCAAx,10X_17_028,Radial Glia,LHX2,13,15,13,15,True,0.6886670589447021
10X_17_028:GTATTCTAGCTGCAAGx,10X_17_028,Neuroblast,LHX2,13,15,13,15,True,0.5354171395301819
10X_17_028:GTAACTGTCAGTTAGCx,10X_17_028,Radial Glia,LHX2,11,15,13,15,False,
10X_17_028:GTCGTAATCTAGAGTCx,10X_17_028,Radial Glia,LHX2,9,14,13,15,False,
10X_17_028:GTCATTTAGGCTACGAx,10X_17_028,Radial Glia,LHX2,13,15,13,15,True,0.6487051844596863
10X_17_028:GTCCTCAGTCTTGTCCx,10X_17_028,Neuroblast,LHX2,13,14,13,15,False,
10X_17_028:GTCACAACACTAGTACx,10X_17_028,Radial Glia,LHX2,11,15,13,15,False,
10X_17_028:GTCGTAAGTCAGAGGTx,10X_17_028,Radial Glia,LHX2,13,15,13,15,True,0.6466600298881531
10X_17_028:GTCACGGGTACTTCTTx,10X_17_028,Neuroblast,LHX2,10,13,13,15,False,
10X_17_028:GTCACAAGTCCGAGTCx,10X_17_028,Neuroblast,LHX2,10,13,13,15,False,
10X_17_028:GTCGGGTTCGACCAGCx,10X_17_028,Radial Glia,LHX2,14,14,13,15,False,
10X_17_028:GTCATTTGTCTTGATGx,10X_17_028,Radial Glia,LHX2,12,15,13,15,False,
10X_17_028:GTCATTTGTAAGAGAGx,10X_17_028,Radial Glia,LHX2,11,14,13,15,False,
10X_17_028:GTCACAACATCGGAAGx,10X_17_028,Radial Glia,LHX2,14,15,13,15,False,
10X_17_028:GTGCGGTTCTGGAGCCx,10X_17_028,Neuroblast,LHX2,12,15,13,15,False,
10X_17_028:GTGCGGTGTGCAACTTx,10X_17_028,Radial Glia,LHX2,13,15,13,15,True,0.6378917694091797
10X_17_028:GTGAAGGCATTCCTGCx,10X_17_028,Neuroblast,LHX2,13,14,13,15,False,
10X_17_028:GTGCGGTAGTAGCCGAx,10X_17_028,Radial Glia,LHX2,13,15,13,15,True,0.6049791574478149
10X_17_028:GTGCTTCTCAGGCGAAx,10X_17_028,Neuroblast,LHX2,12,14,13,15,False,
10X_17_028:TAAACCGAGTCGAGTGx,10X_17_028,Radial Glia,LHX2,13,14,13,15,False,
10X_17_028:GTTCTCGGTCAACTGTx,10X_17_028,Radial Glia,LHX2,12,14,13,15,False,
10X_17_028:GTTACAGTCTCCCTGAx,10X_17_028,Radial Glia,LHX2,13,15,13,15,True,0.6570286750793457
10X_17_028:GTTAAGCCAAGGTTCTx,10X_17_028,Neuroblast,LHX2,8,14,13,15,False,
10X_17_028:GTGTGCGTCGAATGCTx,10X_17_028,Radial Glia,LHX2,13,15,13,15,True,0.6857163906097412
10X_17_028:GTTCGGGCATGGATGGx,10X_17_028,Radial Glia,LHX2,13,15,13,15,True,0.6802805662155151
10X_17_028:TAAGTGCGTATTCGTGx,10X_17_028,Radial Glia,LHX2,13,15,13,15,True,0.596748948097229
10X_17_028:TACAGTGCAAGGGTCAx,10X_17_028,Neuroblast,LHX2,12,15,13,15,False,
10X_17_028:TACACGATCAGCTGGCx,10X_17_028,Radial Glia,LHX2,13,15,13,15,True,0.658473014831543
10X_17_028:TACACGAAGTTGAGATx,10X_17_028,Neuroblast,LHX2,13,15,13,15,True,0.569482684135437
10X_17_028:TACGGGCTCCTACAGAx,10X_17_028,Neuroblast,LHX2,9,12,13,15,False,
10X_17_028:TAAGTGCTCTTAACCTx,10X_17_028,Radial Glia,LHX2,13,14,13,15,False,
10X_17_028:TACCTATCATGTCTCCx,10X_17_028,Neuroblast,LHX2,12,14,13,15,False,
10X_17_028:TAAGTGCGTGCATCTAx,10X_17_028,Radial Glia,LHX2,14,15,13,15,False,
10X_17_028:TACGGGCAGTCCGGTCx,10X_17_028,Radial Glia,LHX2,12,14,13,15,False,
10X_17_028:TAGAGCTCAATGGACGx,10X_17_028,Radial Glia,LHX2,13,15,13,15,True,0.637945294380188
10X_17_028:TACTCGCTCGTTTAGGx,10X_17_028,Radial Glia,LHX2,14,15,13,15,False,
10X_17_028:TACTTACTCAAGATCCx,10X_17_028,Neuroblast,LHX2,8,14,13,15,False,
10X_17_028:TACTTACTCAACGGCCx,10X_17_028,Radial Glia,LHX2,10,15,13,15,False,
10X_17_028:TAGAGCTCATCAGTACx,10X_17_028,Radial Glia,LHX2,13,15,13,15,True,0.6609939932823181
10X_17_028:TAGCCGGAGATCCGAGx,10X_17_028,Radial Glia,LHX2,14,14,13,15,False,
10X_17_028:TACTTACAGACTGTAAx,10X_17_028,Radial Glia,LHX2,13,15,13,15,True,0.661064863204956
10X_17_028:TAGACCAGTATATGGAx,10X_17_028,Neuroblast,LHX2,13,15,13,15,True,0.5312589406967163
10X_17_028:TAGACCACAATGAAACx,10X_17_028,Radial Glia,LHX2,14,15,13,15,False,
10X_17_028:TATCAGGGTGCAGACAx,10X_17_028,Radial Glia,LHX2,13,15,13,15,True,0.6268163919448853
10X_17_028:TAGTGGTAGCCAGGATx,10X_17_028,Radial Glia,LHX2,12,15,13,15,False,
10X_17_028:TATGCCCGTTTGTTTCx,10X_17_028,Neuroblast,LHX2,13,15,13,15,True,0.5240026712417603
10X_17_028:TATTACCTCGCTTAGAx,10X_17_028,Radial Glia,LHX2,14,15,13,15,False,
10X_17_028:TAGGCATCATCGGAAGx,10X_17_028,Neuroblast,LHX2,12,15,13,15,False,
10X_17_028:TAGGCATTCGGATGTTx,10X_17_028,Radial Glia,LHX2,13,15,13,15,True,0.6155569553375244
10X_17_028:TATTACCCATATGAGAx,10X_17_028,Radial Glia,LHX2,13,15,13,15,True,0.6180027723312378
10X_17_028:TCAGGTACAGGGCATAx,10X_17_028,Radial Glia,LHX2,11,14,13,15,False,
10X_17_028:TCAGCAACATGAAGTAx,10X_17_028,Radial Glia,LHX2,12,15,13,15,False,
10X_17_028:TCACAAGTCGTCCAGGx,10X_17_028,Neuroblast,LHX2,9,8,13,15,False,
10X_17_028:TCAGGATGTGAACCTTx,10X_17_028,Radial Glia,LHX2,13,15,13,15,True,0.6208371520042419
10X_17_028:TCAGATGCAAAGAATCx,10X_17_028,Neuroblast,LHX2,13,15,13,15,True,0.5670940279960632
10X_17_028:TCAGGATGTCTGGAGAx,10X_17_028,Neuroblast,LHX2,12,14,13,15,False,
10X_17_028:TCACGAACACGTTGGCx,10X_17_028,Radial Glia,LHX2,13,15,13,15,True,0.6693146824836731
10X_17_028:TCAGCTCCAGTGGAGTx,10X_17_028,Radial Glia,LHX2,10,14,13,15,False,
10X_17_028:TCAGCTCCACCAGCACx,10X_17_028,Radial Glia,LHX2,12,14,13,15,False,
10X_17_028:TCAACGATCTTGACGAx,10X_17_028,Neuroblast,LHX2,9,13,13,15,False,
10X_17_028:TCAGGATAGGGCACTAx,10X_17_028,Neuroblast,LHX2,13,15,13,15,True,0.5446984767913818
10X_17_028:TCAATCTAGGTGATTAx,10X_17_028,Neuroblast,LHX2,1,14,13,15,False,
10X_17_028:TCAACGATCATGTAGCx,10X_17_028,Radial Glia,LHX2,13,15,13,15,True,0.6573493480682373
10X_17_028:TCACGAAGTCATGCATx,10X_17_028,Radial Glia,LHX2,12,15,13,15,False,
10X_17_028:TCGGTAAAGGTGATATx,10X_17_028,Neuroblast,LHX2,13,15,13,15,True,0.5595223903656006
10X_17_028:TCGAGGCGTAGAGCTGx,10X_17_028,Radial Glia,LHX2,14,15,13,15,False,
10X_17_028:TCATTACGTCTAGAGGx,10X_17_028,Radial Glia,LHX2,14,15,13,15,False,
10X_17_028:TCAGGTATCAACACCAx,10X_17_028,Radial Glia,LHX2,12,15,13,15,False,
10X_17_028:TCGAGGCAGCAGCGTAx,10X_17_028,Neuroblast,LHX2,13,14,13,15,False,
10X_17_028:TCGCGAGGTAGCGTAGx,10X_17_028,Neuroblast,LHX2,12,15,13,15,False,
10X_17_028:TCAGGTATCGTATCAGx,10X_17_028,Radial Glia,LHX2,12,15,13,15,False,
10X_17_028:TCTCATACAGTATAAGx,10X_17_028,Radial Glia,LHX2,13,15,13,15,True,0.6102102994918823
10X_17_028:TCTATTGTCGGCGCATx,10X_17_028,Neuroblast,LHX2,12,15,13,15,False,
10X_17_028:TCGTAGATCCTCGCATx,10X_17_028,Radial Glia,LHX2,13,14,13,15,False,
10X_17_028:TCTCTAAGTAAGTTCCx,10X_17_028,Neuroblast,LHX2,10,6,13,15,False,
10X_17_028:TCGTAGAGTCTGCGGTx,10X_17_028,Radial Glia,LHX2,10,15,13,15,False,
10X_17_028:TCGTACCTCTCCAGGGx,10X_17_028,Radial Glia,LHX2,10,15,13,15,False,
10X_17_028:TCTCTAACATTATCTCx,10X_17_028,Neuroblast,LHX2,13,14,13,15,False,
10X_17_028:TCGGTAAGTTCGTTGAx,10X_17_028,Neuroblast,LHX2,13,15,13,15,True,0.5779308080673218
10X_17_028:TCTCTAAGTGGACGATx,10X_17_028,Radial Glia,LHX2,14,15,13,15,False,
10X_17_028:TCTCTAAAGCGGCTTCx,10X_17_028,Radial Glia,LHX2,13,14,13,15,False,
10X_17_028:TCGTACCGTAGCGCTCx,10X_17_028,Radial Glia,LHX2,13,15,13,15,True,0.6379322409629822
10X_17_028:TCTCTAAAGACCGGATx,10X_17_028,Radial Glia,LHX2,13,14,13,15,False,
10X_17_028:TGACTTTCAACACGCCx,10X_17_028,Neuroblast,LHX2,13,15,13,15,True,0.6000751852989197
10X_17_028:TGACAACTCTGCTGCTx,10X_17_028,Radial Glia,LHX2,13,15,13,15,True,0.6450580358505249
10X_17_028:TGACTTTCAAAGGTGCx,10X_17_028,Radial Glia,LHX2,13,15,13,15,True,0.6624065637588501
10X_17_028:TGACTAGAGCCAACAGx,10X_17_028,Neuroblast,LHX2,12,15,13,15,False,
10X_17_028:TGACAACAGCACCGTCx,10X_17_028,Radial Glia,LHX2,12,14,13,15,False,
10X_17_028:TGACTTTAGCGGCTTCx,10X_17_028,Radial Glia,LHX2,12,14,13,15,False,
10X_17_028:TGAGAGGCAGGATTGGx,10X_17_028,Neuroblast,LHX2,11,15,13,15,False,
10X_17_028:TGACTTTCACCAACCGx,10X_17_028,Radial Glia,LHX2,13,14,13,15,False,
10X_17_028:TGAAAGACAACCGCCAx,10X_17_028,Neuroblast,LHX2,12,15,13,15,False,
10X_17_028:TCTTTCCTCGTCTGCTx,10X_17_028,Radial Glia,LHX2,13,14,13,15,False,
10X_17_028:TGAAAGACACACATGTx,10X_17_028,Neuroblast,LHX2,10,14,13,15,False,
10X_17_028:TGAGGGACATCGGAAGx,10X_17_028,Neuroblast,LHX2,12,15,13,15,False,
10X_17_028:TGAGCATCAGTAAGCGx,10X_17_028,Radial Glia,LHX2,13,14,13,15,False,
10X_17_028:TGCACCTGTGAACCTTx,10X_17_028,Radial Glia,LHX2,12,13,13,15,False,
10X_17_028:TGCCAAATCTCGTTTAx,10X_17_028,Radial Glia,LHX2,12,15,13,15,False,
10X_17_028:TGCCCATCAAAGCAATx,10X_17_028,Radial Glia,LHX2,13,14,13,15,False,
10X_17_028:TGCCAAACACCACCAGx,10X_17_028,Radial Glia,LHX2,13,15,13,15,True,0.6324368715286255
10X_17_028:TGAGGGATCATGTCCCx,10X_17_028,Neuroblast,LHX2,13,14,13,15,False,
10X_17_028:TGCCAAATCAGTACGTx,10X_17_028,Radial Glia,LHX2,13,15,13,15,True,0.6430937647819519
10X_17_028:TGATTTCCACATAACCx,10X_17_028,Radial Glia,LHX2,13,14,13,15,False,
10X_17_028:TGCCAAACATGGTAGGx,10X_17_028,Radial Glia,LHX2,14,15,13,15,False,
10X_17_028:TGCCCATTCGGAAATAx,10X_17_028,Radial Glia,LHX2,14,15,13,15,False,
10X_17_028:TGCACCTAGATGGGTCx,10X_17_028,Radial Glia,LHX2,13,15,13,15,True,0.6522302627563477
10X_17_028:TGATTTCTCGCATGGCx,10X_17_028,Radial Glia,LHX2,11,15,13,15,False,
10X_17_028:TGAGCATTCAAAGTAGx,10X_17_028,Neuroblast,LHX2,14,15,13,15,False,
10X_17_028:TGAGGGACACATTAGCx,10X_17_028,Neuroblast,LHX2,12,15,13,15,False,
10X_17_028:TGAGCCGTCGCTTGTCx,10X_17_028,Neuroblast,LHX2,8,14,13,15,False,
10X_17_028:TGCTGCTTCTGACCTCx,10X_17_028,Neuroblast,LHX2,12,14,13,15,False,
10X_17_028:TGGCCAGAGCCCAGCTx,10X_17_028,Neuroblast,LHX2,12,14,13,15,False,
10X_17_028:TGGACGCCACGAAATAx,10X_17_028,Radial Glia,LHX2,13,15,13,15,True,0.6580802798271179
10X_17_028:TGCTACCGTCATCCCTx,10X_17_028,Radial Glia,LHX2,13,15,13,15,True,0.6270824670791626
10X_17_028:TGGACGCAGTGAAGTTx,10X_17_028,Neuroblast,LHX2,11,15,13,15,False,
10X_17_028:TGCTGCTTCAGGCGAAx,10X_17_028,Radial Glia,LHX2,8,14,13,15,False,
10X_17_028:TGGACGCAGTTAGGTAx,10X_17_028,Radial Glia,LHX2,11,13,13,15,False,
10X_17_028:TGTATTCTCACATAGCx,10X_17_028,Radial Glia,LHX2,13,15,13,15,True,0.622128963470459
10X_17_028:TGGGCGTGTCGACTGCx,10X_17_028,Neuroblast,LHX2,11,14,13,15,False,
10X_17_028:TGGGCGTTCGCTGATAx,10X_17_028,Radial Glia,LHX2,14,15,13,15,False,
10X_17_028:TGGTTAGCACCATGTAx,10X_17_028,Neuroblast,LHX2,12,11,13,15,False,
10X_17_028:TGGCGCATCGGCGCATx,10X_17_028,Radial Glia,LHX2,14,15,13,15,False,
10X_17_028:TGGGCGTAGTTGTCGTx,10X_17_028,Radial Glia,LHX2,12,14,13,15,False,
10X_17_028:TGGGAAGAGTCCCACGx,10X_17_028,Radial Glia,LHX2,13,14,13,15,False,
10X_17_028:TGGTTAGCATGGAATAx,10X_17_028,Radial Glia,LHX2,13,15,13,15,True,0.6588332653045654
10X_17_028:TTAGGCAGTAAATGACx,10X_17_028,Radial Glia,LHX2,13,15,13,15,True,0.6416460871696472
10X_17_028:TTAGTTCAGACTAGATx,10X_17_028,Radial Glia,LHX2,13,15,13,15,True,0.618267834186554
10X_17_028:TTAGGCAAGAGCCTAGx,10X_17_028,Radial Glia,LHX2,11,15,13,15,False,
10X_17_028:TGTTCCGGTCAGTGGAx,10X_17_028,Radial Glia,LHX2,13,15,13,15,True,0.6664837598800659
10X_17_028:TGTGTTTGTCTCACCTx,10X_17_028,Radial Glia,LHX2,12,14,13,15,False,
10X_17_028:TGTCCCATCCGCATAAx,10X_17_028,Neuroblast,LHX2,9,12,13,15,False,
10X_17_028:TGTGTTTCAGACGCAAx,10X_17_028,Radial Glia,LHX2,12,14,13,15,False,
10X_17_028:TTAGTTCCAACAACCTx,10X_17_028,Neuroblast,LHX2,13,14,13,15,False,
10X_17_028:TTAGTTCTCGCCTGAGx,10X_17_028,Radial Glia,LHX2,11,14,13,15,False,
10X_17_028:TGTGTTTTCAGTTCGAx,10X_17_028,Neuroblast,LHX2,13,15,13,15,True,0.5160824060440063
10X_17_028:TTAACTCGTCCGAACCx,10X_17_028,Neuroblast,LHX2,11,15,13,15,False,
10X_17_028:TTCTTAGCAGCTTAACx,10X_17_028,Radial Glia,LHX2,13,14,13,15,False,
10X_17_028:TTCTTAGGTCGCCATGx,10X_17_028,Radial Glia,LHX2,12,14,13,15,False,
10X_17_028:TTCTACAAGTCCAGGAx,10X_17_028,Radial Glia,LHX2,14,15,13,15,False,
10X_17_028:TTCTCCTAGATCGGGTx,10X_17_028,Neuroblast,LHX2,13,15,13,15,True,0.5672807693481445
10X_17_028:TTCTCCTCATAAGACAx,10X_17_028,Neuroblast,LHX2,12,15,13,15,False,
10X_17_028:TTATGCTCACTTAAGCx,10X_17_028,Neuroblast,LHX2,13,15,13,15,True,0.5656836032867432
10X_17_028:TTCTACAGTAGAAGGAx,10X_17_028,Neuroblast,LHX2,12,15,13,15,False,
10X_17_028:TTGTAGGAGCTGCCCAx,10X_17_028,Neuroblast,LHX2,12,15,13,15,False,
10X_17_028:TTGCGTCGTTTGTTGGx,10X_17_028,Radial Glia,LHX2,12,15,13,15,False,
10X_17_028:TTTATGCAGTGGTAGCx,10X_17_028,Radial Glia,LHX2,13,14,13,15,False,
10X_17_028:TTGGAACAGAATGTGTx,10X_17_028,Neuroblast,LHX2,13,15,13,15,True,0.5590522289276123
10X_17_028:TTTATGCAGTGAATTGx,10X_17_028,Radial Glia,LHX2,14,15,13,15,False,
10X_17_028:TTGCCGTAGTGGGCTAx,10X_17_028,Neuroblast,LHX2,13,15,13,15,True,0.5583409070968628
10X_17_028:TTGACTTCAGATGGGTx,10X_17_028,Neuroblast,LHX2,13,15,13,15,True,0.5675543546676636
10X_17_028:TTTGCGCGTCTTTCATx,10X_17_028,Neuroblast,LHX2,10,15,13,15,False,
10X_17_028:TTTGTCATCGTTACAGx,10X_17_028,Neuroblast,LHX2,11,14,13,15,False,
10X_17_028:TTTGTCACAAGGACTGx,10X_17_028,Radial Glia,LHX2,11,14,13,15,False,
10X_17_028:TTTGCGCTCACTTCATx,10X_17_028,Radial Glia,LHX2,13,15,13,15,True,0.6078144907951355
10X_17_028:TTTATGCGTTAAGGGCx,10X_17_028,Radial Glia,LHX2,13,15,13,15,True,0.691202700138092
10X_17_029:AAGCCGCAGCTAGTCTx,10X_17_029,Radial Glia,LHX2,14,15,13,15,False,
10X_17_029:AAGGCAGGTGTGTGCCx,10X_17_029,Neuroblast,LHX2,12,15,13,15,False,
10X_17_029:ACATACGAGTTGTCGTx,10X_17_029,Neuroblast,LHX2,11,14,13,15,False,
10X_17_029:AAGTCTGAGCGATATAx,10X_17_029,Radial Glia,LHX2,10,15,13,15,False,
10X_17_029:ACACCAACAATGCCATx,10X_17_029,Neuroblast,LHX2,11,14,13,15,False,
10X_17_029:AAGCCGCTCCTATTCAx,10X_17_029,Neuroblast,LHX2,13,14,13,15,False,
10X_17_029:ACACTGAGTTGTCGCGx,10X_17_029,Radial Glia,LHX2,13,15,13,15,True,0.6892895698547363
10X_17_029:ACCCACTTCTGGTGTAx,10X_17_029,Radial Glia,LHX2,13,15,13,15,True,0.6578810214996338
10X_17_029:ACATGGTGTCGGGTCTx,10X_17_029,Radial Glia,LHX2,11,15,13,15,False,
10X_17_029:ACCGTAAGTTAGGGTGx,10X_17_029,Neuroblast,LHX2,12,15,13,15,False,
10X_17_029:ACGAGGACAGCTGGCTx,10X_17_029,Radial Glia,LHX2,12,15,13,15,False,
10X_17_029:ACGATGTAGCGTAATAx,10X_17_029,Neuroblast,LHX2,13,15,13,15,True,0.5770145058631897
10X_17_029:ACCGTAATCTATCGCCx,10X_17_029,Neuroblast,LHX2,11,14,13,15,False,
10X_17_029:ACGATGTCAAGGTTTCx,10X_17_029,Neuroblast,LHX2,13,14,13,15,False,
10X_17_029:ACCAGTAAGATGTTAGx,10X_17_029,Radial Glia,LHX2,13,15,13,15,True,0.640992283821106
10X_17_029:ACGATGTTCGCGTAGCx,10X_17_029,Neuroblast,LHX2,13,15,13,15,True,0.5627782940864563
10X_17_029:ACCCACTAGGACACCAx,10X_17_029,Neuroblast,LHX2,13,13,13,15,False,
10X_17_029:ACCTTTATCCTTGCCAx,10X_17_029,Neuroblast,LHX2,7,14,13,15,False,
10X_17_029:ACTTTCACAATGGAGCx,10X_17_029,Neuroblast,LHX2,11,14,13,15,False,
10X_17_029:ACGGGTCCATCTATGGx,10X_17_029,Neuroblast,LHX2,13,15,13,15,True,0.5656251907348633
10X_17_029:ACGGGCTGTCAATACCx,10X_17_029,Radial Glia,LHX2,13,14,13,15,False,
10X_17_029:ACTATCTGTCGCCATGx,10X_17_029,Radial Glia,LHX2,12,14,13,15,False,
10X_17_029:ACGGAGACATGCGCACx,10X_17_029,Radial Glia,LHX2,14,15,13,15,False,
10X_17_029:ACGGGTCGTGCAACTTx,10X_17_029,Radial Glia,LHX2,13,15,13,15,True,0.5662755370140076
10X_17_029:ACGGGCTTCGCCTGAGx,10X_17_029,Neuroblast,LHX2,12,14,13,15,False,
10X_17_029:ACTTTCATCAAGGCTTx,10X_17_029,Neuroblast,LHX2,9,13,13,15,False,
10X_17_029:ACTTGTTTCCGCGGTAx,10X_17_029,Radial Glia,LHX2,14,15,13,15,False,
10X_17_029:AGCGTCGTCCTCAACCx,10X_17_029,Radial Glia,LHX2,13,15,13,15,True,0.679760217666626
10X_17_029:AGCCTAAGTCAAAGCGx,10X_17_029,Neuroblast,LHX2,13,14,13,15,False,
10X_17_029:AGCGTCGTCCTTTCGGx,10X_17_029,Neuroblast,LHX2,9,13,13,15,False,
10X_17_029:AGCAGCCTCCGCGTTTx,10X_17_029,Neuroblast,LHX2,13,15,13,15,True,0.5295705795288086
10X_17_029:AGCAGCCGTGCGATAGx,10X_17_029,Radial Glia,LHX2,11,15,13,15,False,
10X_17_029:AGCATACTCGACAGCCx,10X_17_029,Radial Glia,LHX2,13,15,13,15,True,0.6361127495765686
10X_17_029:AGAATAGTCTGTTTGTx,10X_17_029,Neuroblast,LHX2,13,15,13,15,True,0.6175747513771057
10X_17_029:AGCCTAACACAACGCCx,10X_17_029,Radial Glia,LHX2,13,15,13,15,True,0.6388818025588989
10X_17_029:AGCCTAATCTCTGCTGx,10X_17_029,Neuroblast,LHX2,13,15,13,15,True,0.5657357573509216
10X_17_029:AGCATACCAGTAAGCGx,10X_17_029,Radial Glia,LHX2,12,14,13,15,False,
10X_17_029:AGGGTGAAGCTAACTCx,10X_17_029,Radial Glia,LHX2,14,15,13,15,False,
10X_17_029:AGCTCCTGTGACTACTx,10X_17_029,Radial Glia,LHX2,12,15,13,15,False,
10X_17_029:AGCTTGACACCAGGTCx,10X_17_029,Neuroblast,LHX2,13,15,13,15,True,0.5637487173080444
10X_17_029:AGTAGTCTCTTGCAAGx,10X_17_029,Neuroblast,LHX2,12,14,13,15,False,
10X_17_029:AGTGTCAAGTAGCGGTx,10X_17_029,Radial Glia,LHX2,13,15,13,15,True,0.6066381931304932
10X_17_029:AGGGAGTTCGTCCGTTx,10X_17_029,Radial Glia,LHX2,14,15,13,15,False,
10X_17_029:AGGCCGTGTCCTGCTTx,10X_17_029,Radial Glia,LHX2,13,15,13,15,True,0.6143295168876648
10X_17_029:AGGGAGTAGAGCTGGTx,10X_17_029,Neuroblast,LHX2,13,15,13,15,True,0.5948187112808228
10X_17_029:ATCATGGGTTAAGGGCx,10X_17_029,Radial Glia,LHX2,10,13,13,15,False,
10X_17_029:ATAACGCTCGACAGCCx,10X_17_029,Radial Glia,LHX2,10,15,13,15,False,
10X_17_029:AGTGTCATCATCTGTTx,10X_17_029,Neuroblast,LHX2,13,15,13,15,True,0.5632208585739136
10X_17_029:ATCTGCCGTCATCGGCx,10X_17_029,Neuroblast,LHX2,11,15,13,15,False,
10X_17_029:ATCATGGGTCCGAATTx,10X_17_029,Radial Glia,LHX2,11,14,13,15,False,
10X_17_029:ATCATGGAGATGCCAGx,10X_17_029,Radial Glia,LHX2,12,15,13,15,False,
10X_17_029:ATCATGGTCATTTGGGx,10X_17_029,Neuroblast,LHX2,10,14,13,15,False,
10X_17_029:ATCATGGAGCGGCTTCx,10X_17_029,Radial Glia,LHX2,14,15,13,15,False,
10X_17_029:ATCCGAACAAACTGTCx,10X_17_029,Radial Glia,LHX2,13,14,13,15,False,
10X_17_029:ATGAGGGCAACTGGCCx,10X_17_029,Radial Glia,LHX2,12,15,13,15,False,
10X_17_029:ATTCTACTCCTAGTGAx,10X_17_029,Radial Glia,LHX2,11,14,13,15,False,
10X_17_029:CAAGGCCTCCGCGCAAx,10X_17_029,Radial Glia,LHX2,13,15,13,15,True,0.6202460527420044
10X_17_029:CAAGTTGAGTCGATAAx,10X_17_029,Radial Glia,LHX2,13,15,13,15,True,0.6827453374862671
10X_17_029:CAACTAGCAATGAAACx,10X_17_029,Neuroblast,LHX2,11,14,13,15,False,
10X_17_029:CAAGATCTCAGAAATGx,10X_17_029,Radial Glia,LHX2,14,15,13,15,False,
10X_17_029:ATTGGACTCAAACCACx,10X_17_029,Neuroblast,LHX2,12,15,13,15,False,
10X_17_029:CAACTAGAGATCCGAGx,10X_17_029,Radial Glia,LHX2,13,15,13,15,True,0.647433876991272
10X_17_029:CAACCTCAGGGCACTAx,10X_17_029,Radial Glia,LHX2,13,15,13,15,True,0.6651656627655029
10X_17_029:ATGTGTGGTTCGCGACx,10X_17_029,Radial Glia,LHX2,12,15,13,15,False,
10X_17_029:CAAGAAACAGTGAGTGx,10X_17_029,Neuroblast,LHX2,8,11,13,15,False,
10X_17_029:CAACCTCCATTGGCGCx,10X_17_029,Radial Glia,LHX2,13,15,13,15,True,0.6345227956771851
10X_17_029:ATTTCTGCACCATGTAx,10X_17_029,Radial Glia,LHX2,12,15,13,15,False,
10X_17_029:ATGTGTGGTCATCCCTx,10X_17_029,Radial Glia,LHX2,12,15,13,15,False,
10X_17_029:CAGATCACAGGGATTGx,10X_17_029,Radial Glia,LHX2,13,14,13,15,False,
10X_17_029:CACACTCGTAGCGCAAx,10X_17_029,Neuroblast,LHX2,13,15,13,15,True,0.5293694138526917
10X_17_029:CACAGGCCATTAGCCAx,10X_17_029,Radial Glia,LHX2,12,15,13,15,False,
10X_17_029:CAGAGAGTCAGGTTCAx,10X_17_029,Radial Glia,LHX2,13,15,13,15,True,0.6544923782348633
10X_17_029:CACCACTTCTGACCTCx,10X_17_029,Neuroblast,LHX2,9,15,13,15,False,
10X_17_029:CACTCCATCGGTGTCGx,10X_17_029,Radial Glia,LHX2,13,15,13,15,True,0.6747881174087524
10X_17_029:CACAGTAGTTAAAGTGx,10X_17_029,Radial Glia,LHX2,14,15,13,15,False,
10X_17_029:CAGATCATCGCATGATx,10X_17_029,Radial Glia,LHX2,12,14,13,15,False,
10X_17_029:CAGTAACGTGTGAAATx,10X_17_029,Neuroblast,LHX2,12,14,13,15,False,
10X_17_029:CATCAAGGTATAGTAGx,10X_17_029,Radial Glia,LHX2,13,15,13,15,True,0.6246746182441711
10X_17_029:CAGCTGGAGGTCGGATx,10X_17_029,Radial Glia,LHX2,13,15,13,15,True,0.6462397575378418
10X_17_029:CAGCTGGAGTCCGGTCx,10X_17_029,Radial Glia,LHX2,12,14,13,15,False,
10X_17_029:CAGTCCTAGGATGCGTx,10X_17_029,Radial Glia,LHX2,13,14,13,15,False,
10X_17_029:CAGCCGACACTAGTACx,10X_17_029,Radial Glia,LHX2,13,15,13,15,True,0.6558179259300232
10X_17_029:CATCAAGCAAGCCGCTx,10X_17_029,Radial Glia,LHX2,13,15,13,15,True,0.6370972394943237
10X_17_029:CATCAGAAGATCCCATx,10X_17_029,Neuroblast,LHX2,10,14,13,15,False,
10X_17_029:CCACGGAAGCTCCCAGx,10X_17_029,Radial Glia,LHX2,14,15,13,15,False,
10X_17_029:CCACGGAGTGGTCTCGx,10X_17_029,Radial Glia,LHX2,11,15,13,15,False,
10X_17_029:CATTATCCATCCCACTx,10X_17_029,Radial Glia,LHX2,13,15,13,15,True,0.6279745101928711
10X_17_029:CATGACAGTCGCATATx,10X_17_029,Neuroblast,LHX2,12,15,13,15,False,
10X_17_029:CATCAGATCTACTCATx,10X_17_029,Radial Glia,LHX2,12,14,13,15,False,
10X_17_029:CCACGGATCTGATACGx,10X_17_029,Radial Glia,LHX2,13,15,13,15,True,0.656434178352356
10X_17_029:CATCGAATCTGATACGx,10X_17_029,Radial Glia,LHX2,13,15,13,15,True,0.6582831144332886
10X_17_029:CCACCTATCCGCATCTx,10X_17_029,Neuroblast,LHX2,10,14,13,15,False,
10X_17_029:CCACCTACATGGATGGx,10X_17_029,Radial Glia,LHX2,13,15,13,15,True,0.6156346797943115
10X_17_029:CATCCACAGGCTAGGTx,10X_17_029,Radial Glia,LHX2,13,15,13,15,True,0.6495747566223145
10X_17_029:CCATTCGGTCGGCATCx,10X_17_029,Neuroblast,LHX2,11,13,13,15,False,
10X_17_029:CCATGTCCATGACGGAx,10X_17_029,Neuroblast,LHX2,13,15,13,15,True,0.5250285267829895
10X_17_029:CCACTACTCGAATGGGx,10X_17_029,Radial Glia,LHX2,13,15,13,15,True,0.647421658039093
10X_17_029:CCGGGATAGGTGTGGTx,10X_17_029,Radial Glia,LHX2,14,15,13,15,False,
10X_17_029:CCATTCGGTCTAGGTTx,10X_17_029,Radial Glia,LHX2,13,15,13,15,True,0.6337281465530396
10X_17_029:CCGGGATTCACTGGGCx,10X_17_029,Radial Glia,LHX2,12,15,13,15,False,
10X_17_029:CCGGGATCAATCACACx,10X_17_029,Neuroblast,LHX2,13,15,13,15,True,0.552828311920166
10X_17_029:CCGGGATGTTACGTCAx,10X_17_029,Neuroblast,LHX2,12,14,13,15,False,
10X_17_029:CCAGCGACATTACGACx,10X_17_029,Radial Glia,LHX2,13,15,13,15,True,0.646286129951477
10X_17_029:CCCATACAGATGCCTTx,10X_17_029,Neuroblast,LHX2,12,15,13,15,False,
10X_17_029:CCGTACTTCGCTTGTCx,10X_17_029,Neuroblast,LHX2,11,13,13,15,False,
10X_17_029:CCGGTAGGTGCAACTTx,10X_17_029,Neuroblast,LHX2,13,15,13,15,True,0.5625120401382446
10X_17_029:CCTATTACAGGTCGTCx,10X_17_029,Neuroblast,LHX2,10,15,13,15,False,
10X_17_029:CGAACATCAGTTCCCTx,10X_17_029,Radial Glia,LHX2,14,14,13,15,False,
10X_17_029:CCTAGCTGTTAAGATGx,10X_17_029,Radial Glia,LHX2,14,15,13,15,False,
10X_17_029:CGACCTTAGCCTATGTx,10X_17_029,Radial Glia,LHX2,12,15,13,15,False,
10X_17_029:CCTAGCTGTACTTCTTx,10X_17_029,Neuroblast,LHX2,13,15,13,15,True,0.5654304623603821
10X_17_029:CCTTCCCGTACATGTCx,10X_17_029,Radial Glia,LHX2,12,15,13,15,False,
10X_17_029:CCTCTGACACTTAACGx,10X_17_029,Radial Glia,LHX2,13,15,13,15,True,0.6351988315582275
10X_17_029:CGGACTGAGGCAATTAx,10X_17_029,Radial Glia,LHX2,13,15,13,15,True,0.6470867991447449
10X_17_029:CGCTATCAGATAGCATx,10X_17_029,Radial Glia,LHX2,12,15,13,15,False,
10X_17_029:CGGAGCTTCGCGGATCx,10X_17_029,Neuroblast,LHX2,9,12,13,15,False,
10X_17_029:CGGACGTGTTCACGGCx,10X_17_029,Radial Glia,LHX2,11,14,13,15,False,
10X_17_029:CGCGTTTTCACCTCGTx,10X_17_029,Radial Glia,LHX2,13,14,13,15,False,
10X_17_029:CGGACACTCATGCTCCx,10X_17_029,Radial Glia,LHX2,14,15,13,15,False,
10X_17_029:CGCTGGAAGTTTCCTTx,10X_17_029,Radial Glia,LHX2,13,15,13,15,True,0.5933008790016174
10X_17_029:CGCGGTAGTATATGAGx,10X_17_029,Neuroblast,LHX2,13,15,13,15,True,0.5461581945419312
10X_17_029:CGTTGGGGTTGCTCCTx,10X_17_029,Neuroblast,LHX2,11,14,13,15,False,
10X_17_029:CGTAGGCAGTGTACTCx,10X_17_029,Neuroblast,LHX2,13,15,13,15,True,0.5637950301170349
10X_17_029:CGGGTCATCGTACCGGx,10X_17_029,Radial Glia,LHX2,10,14,13,15,False,
10X_17_029:CGGGTCAGTGTCGCTGx,10X_17_029,Radial Glia,LHX2,14,15,13,15,False,
10X_17_029:CGTCCATGTTCACGGCx,10X_17_029,Radial Glia,LHX2,12,15,13,15,False,
10X_17_029:CGTTGGGTCTTTACGTx,10X_17_029,Neuroblast,LHX2,14,15,13,15,False,
10X_17_029:CGTTCTGAGACCGGATx,10X_17_029,Neuroblast,LHX2,10,13,13,15,False,
10X_17_029:CGTGTCTTCCATGCTCx,10X_17_029,Radial Glia,LHX2,11,15,13,15,False,
10X_17_029:CGTCTACAGGCGCTCTx,10X_17_029,Neuroblast,LHX2,12,15,13,15,False,
10X_17_029:CTCACACGTGCAGTAGx,10X_17_029,Radial Glia,LHX2,13,15,13,15,True,0.6770368814468384
10X_17_029:CTACATTTCTCTGCTGx,10X_17_029,Radial Glia,LHX2,13,14,13,15,False,
10X_17_029:CTACATTGTCTCACCTx,10X_17_029,Radial Glia,LHX2,10,14,13,15,False,
10X_17_029:CTAACTTTCTAACGGTx,10X_17_029,Neuroblast,LHX2,11,14,13,15,False,
10X_17_029:CTCACACTCATGCTCCx,10X_17_029,Radial Glia,LHX2,13,14,13,15,False,
10X_17_029:CTAAGACTCATCTGCCx,10X_17_029,Neuroblast,LHX2,13,15,13,15,True,0.5693081617355347
10X_17_029:CTCACACCAGCATACTx,10X_17_029,Radial Glia,LHX2,13,15,13,15,True,0.6321457624435425
10X_17_029:CTACATTTCTATCGCCx,10X_17_029,Radial Glia,LHX2,13,15,13,15,True,0.6125378608703613
10X_17_029:CTACCCACACCAGATTx,10X_17_029,Radial Glia,LHX2,13,15,13,15,True,0.6533952355384827
10X_17_029:CTAATGGGTCTGATCAx,10X_17_029,Radial Glia,LHX2,10,14,13,15,False,
10X_17_029:CTCAGAAGTTATCCGAx,10X_17_029,Neuroblast,LHX2,13,14,13,15,False,
10X_17_029:CTCGAGGTCCGAGCCAx,10X_17_029,Radial Glia,LHX2,13,15,13,15,True,0.6642024517059326
10X_17_029:CTGATAGAGATGAGAGx,10X_17_029,Radial Glia,LHX2,11,13,13,15,False,
10X_17_029:CTCGAAAGTGAGGCTAx,10X_17_029,Radial Glia,LHX2,14,15,13,15,False,
10X_17_029:CTCGGGAAGTTTCCTTx,10X_17_029,Radial Glia,LHX2,14,15,13,15,False,
10X_17_029:CTCTACGAGCCAGAACx,10X_17_029,Neuroblast,LHX2,13,15,13,15,True,0.572448194026947
10X_17_029:CTCGGAGCAAGGTTTCx,10X_17_029,Radial Glia,LHX2,13,15,13,15,True,0.648415207862854
10X_17_029:CTCGAGGGTACTCTCCx,10X_17_029,Radial Glia,LHX2,10,14,13,15,False,
10X_17_029:CTCTGGTGTGTCAATCx,10X_17_029,Radial Glia,LHX2,13,15,13,15,True,0.6476752758026123
10X_17_029:CTGATCCCATCTGGTAx,10X_17_029,Radial Glia,LHX2,11,15,13,15,False,
10X_17_029:CTCTAATAGATATACGx,10X_17_029,Radial Glia,LHX2,13,15,13,15,True,0.6321796178817749
10X_17_029:CTCGAGGTCAGCTCTCx,10X_17_029,Radial Glia,LHX2,13,15,13,15,True,0.6226175427436829
10X_17_029:CTGATCCCATACTACGx,10X_17_029,Radial Glia,LHX2,13,15,13,15,True,0.631744384765625
10X_17_029:CTGATCCCAGTTTACGx,10X_17_029,Neuroblast,LHX2,12,14,13,15,False,
10X_17_029:CTGATAGAGTTAACGAx,10X_17_029,Radial Glia,LHX2,13,15,13,15,True,0.6177177429199219
10X_17_029:CTTGGCTCATGCCACGx,10X_17_029,Neuroblast,LHX2,11,13,13,15,False,
10X_17_029:CTGCCTAGTGGCGAATx,10X_17_029,Neuroblast,LHX2,12,15,13,15,False,
10X_17_029:CTTCTCTCAACACGCCx,10X_17_029,Radial Glia,LHX2,12,15,13,15,False,
10X_17_029:CTTAACTTCAGGATCTx,10X_17_029,Radial Glia,LHX2,13,15,13,15,True,0.6444424986839294
10X_17_029:CTTAGGAAGATCTGCTx,10X_17_029,Neuroblast,LHX2,10,14,13,15,False,
10X_17_029:GAAATGATCCGCTGTTx,10X_17_029,Radial Glia,LHX2,14,14,13,15,False,
10X_17_029:GAACATCGTTCGCTAAx,10X_17_029,Neuroblast,LHX2,11,14,13,15,False,
10X_17_029:CTGCGGAAGAGTACATx,10X_17_029,Radial Glia,LHX2,12,15,13,15,False,
10X_17_029:GACGTGCTCTAGCACAx,10X_17_029,Radial Glia,LHX2,14,15,13,15,False,
10X_17_029:GACGGCTGTCGACTGCx,10X_17_029,Radial Glia,LHX2,12,14,13,15,False,
10X_17_029:GACGGCTGTGATGTCTx,10X_17_029,Neuroblast,LHX2,12,15,13,15,False,
10X_17_029:GACTACAAGAATTGTGx,10X_17_029,Neuroblast,LHX2,8,11,13,15,False,
10X_17_029:GACTAACGTCCCTACTx,10X_17_029,Radial Glia,LHX2,13,15,13,15,True,0.6259752511978149
10X_17_029:GACAGAGGTTTGACACx,10X_17_029,Radial Glia,LHX2,11,15,13,15,False,
10X_17_029:GACGTGCGTGACTCATx,10X_17_029,Neuroblast,LHX2,12,15,13,15,False,
10X_17_029:GACCAATGTGAGGCTAx,10X_17_029,Radial Glia,LHX2,13,15,13,15,True,0.6264767050743103
10X_17_029:GAAGCAGCAGCTGTTAx,10X_17_029,Neuroblast,LHX2,13,15,13,15,True,0.5223451852798462
10X_17_029:GAACCTATCCCTTGTGx,10X_17_029,Neuroblast,LHX2,12,14,13,15,False,
10X_17_029:GAAGCAGAGGCTCATTx,10X_17_029,Radial Glia,LHX2,13,15,13,15,True,0.6654205918312073
10X_17_029:GAAGCAGTCTGTTGAGx,10X_17_029,Neuroblast,LHX2,13,15,13,15,True,0.5248603224754333
10X_17_029:GAAGCAGTCACTTCATx,10X_17_029,Radial Glia,LHX2,13,14,13,15,False,
10X_17_029:GACACGCGTCCAAGTTx,10X_17_029,Radial Glia,LHX2,12,15,13,15,False,
10X_17_029:GACGGCTCAGTTCATGx,10X_17_029,Neuroblast,LHX2,12,15,13,15,False,
10X_17_029:GACTAACGTTAAGACAx,10X_17_029,Neuroblast,LHX2,13,15,13,15,True,0.5132607817649841
10X_17_029:GATCGTATCAATACCGx,10X_17_029,Radial Glia,LHX2,14,15,13,15,False,
10X_17_029:GATCGTAAGAATGTTGx,10X_17_029,Radial Glia,LHX2,14,14,13,15,False,
10X_17_029:GAGCAGAGTAGAGCTGx,10X_17_029,Radial Glia,LHX2,13,15,13,15,True,0.6254966259002686
10X_17_029:GATGCTATCTTCATGTx,10X_17_029,Neuroblast,LHX2,11,14,13,15,False,
10X_17_029:GATGAAAGTGCAGGTAx,10X_17_029,Radial Glia,LHX2,14,14,13,15,False,
10X_17_029:GATCGCGGTTTGTTTCx,10X_17_029,Radial Glia,LHX2,13,15,13,15,True,0.6364940404891968
10X_17_029:GCATACAGTGCACGAAx,10X_17_029,Radial Glia,LHX2,13,15,13,15,True,0.6320973634719849
10X_17_029:GCATGTAAGACTAGATx,10X_17_029,Radial Glia,LHX2,13,13,13,15,False,
10X_17_029:GCACTCTGTGCAACTTx,10X_17_029,Radial Glia,LHX2,13,14,13,15,False,
10X_17_029:GCAATCATCCGCATCTx,10X_17_029,Radial Glia,LHX2,13,15,13,15,True,0.5949915051460266
10X_17_029:GCGAGAATCTATCCCGx,10X_17_029,Radial Glia,LHX2,13,14,13,15,False,
10X_17_029:GCGAGAACACGACGAAx,10X_17_029,Radial Glia,LHX2,14,14,13,15,False,
10X_17_029:GCACATAGTTACGGAGx,10X_17_029,Neuroblast,LHX2,12,14,13,15,False,
10X_17_029:GCAGCCAGTATTCTCTx,10X_17_029,Radial Glia,LHX2,13,15,13,15,True,0.662921667098999
10X_17_029:GGAACTTGTCCCTACTx,10X_17_029,Radial Glia,LHX2,11,15,13,15,False,
10X_17_029:GGACAGATCTGTGCAAx,10X_17_029,Neuroblast,LHX2,13,15,13,15,True,0.5065146088600159
10X_17_029:GGAAAGCGTGCCTTGGx,10X_17_029,Neuroblast,LHX2,13,15,13,15,True,0.5586010217666626
10X_17_029:GCGCCAATCCCTAATTx,10X_17_029,Radial Glia,LHX2,14,15,13,15,False,
10X_17_029:GCTGCTTAGTTAAGTGx,10X_17_029,Neuroblast,LHX2,13,15,13,15,True,0.5533162951469421
10X_17_029:GCTGCAGTCTCAAGTGx,10X_17_029,Neuroblast,LHX2,12,14,13,15,False,
10X_17_029:GCGCGATCACGAAATAx,10X_17_029,Neuroblast,LHX2,11,14,13,15,False,
10X_17_029:GGAATAATCCGCATCTx,10X_17_029,Neuroblast,LHX2,13,15,13,15,True,0.5670075416564941
10X_17_029:GGAACTTAGGATGCGTx,10X_17_029,Radial Glia,LHX2,14,14,13,15,False,
10X_17_029:GCGGGTTGTGAACCTTx,10X_17_029,Radial Glia,LHX2,11,14,13,15,False,
10X_17_029:GCGGGTTTCAGTACGTx,10X_17_029,Radial Glia,LHX2,13,15,13,15,True,0.6082356572151184
10X_17_029:GGACGTCTCCAATGGTx,10X_17_029,Neuroblast,LHX2,14,15,13,15,False,
10X_17_029:GGATGTTAGTCCGGTCx,10X_17_029,Neuroblast,LHX2,13,14,13,15,False,
10X_17_029:GGCGACTGTGATGATAx,10X_17_029,Radial Glia,LHX2,14,15,13,15,False,
10X_17_029:GGGAATGAGCGTAGTGx,10X_17_029,Radial Glia,LHX2,14,15,13,15,False,
10X_17_029:GGCCGATCATTGTGCAx,10X_17_029,Neuroblast,LHX2,2,7,13,15,False,
10X_17_029:GGATGTTGTTCACGGCx,10X_17_029,Neuroblast,LHX2,13,15,13,15,True,0.5800657272338867
10X_17_029:GGGAATGAGTCCATACx,10X_17_029,Radial Glia,LHX2,12,14,13,15,False,
10X_17_029:GGACGTCGTGTTTGTGx,10X_17_029,Radial Glia,LHX2,13,14,13,15,False,
10X_17_029:GGCCGATAGCCAGAACx,10X_17_029,Radial Glia,LHX2,14,15,13,15,False,
10X_17_029:GGACATTGTCCAAGTTx,10X_17_029,Neuroblast,LHX2,12,13,13,15,False,
10X_17_029:GGGAGATCAGCCAATTx,10X_17_029,Neuroblast,LHX2,10,11,13,15,False,
10X_17_029:GGTATTGAGCTCCTCTx,10X_17_029,Radial Glia,LHX2,14,15,13,15,False,
10X_17_029:GGGTCTGCAAGTTGTCx,10X_17_029,Neuroblast,LHX2,11,12,13,15,False,
10X_17_029:GGGATGACATCCAACAx,10X_17_029,Radial Glia,LHX2,12,15,13,15,False,
10X_17_029:GGGCATCAGAAGGCCTx,10X_17_029,Radial Glia,LHX2,13,15,13,15,True,0.626164436340332
10X_17_029:GGTGTTACACGAGAGTx,10X_17_029,Neuroblast,LHX2,7,13,13,15,False,
10X_17_029:GGGTTGCCAGCCTATAx,10X_17_029,Neuroblast,LHX2,10,14,13,15,False,
10X_17_029:GTAACGTGTATCAGTCx,10X_17_029,Neuroblast,LHX2,13,15,13,15,True,0.5632835030555725
10X_17_029:GTACTCCTCCGTAGTAx,10X_17_029,Radial Glia,LHX2,14,15,13,15,False,
10X_17_029:GGGCACTAGATGTCGGx,10X_17_029,Radial Glia,LHX2,14,15,13,15,False,
10X_17_029:GGGTCTGGTCTTCAAGx,10X_17_029,Neuroblast,LHX2,11,15,13,15,False,
10X_17_029:GGGAGATCAGGACCCTx,10X_17_029,Neuroblast,LHX2,12,14,13,15,False,
10X_17_029:GGGCACTCAGTATAAGx,10X_17_029,Radial Glia,LHX2,13,15,13,15,True,0.6161724328994751
10X_17_029:GTACTTTCATCACAACx,10X_17_029,Neuroblast,LHX2,13,14,13,15,False,
10X_17_029:GTCGGGTGTTAAGATGx,10X_17_029,Radial Glia,LHX2,13,14,13,15,False,
10X_17_029:GTCACAAGTGCGCTTGx,10X_17_029,Radial Glia,LHX2,14,15,13,15,False,
10X_17_029:GTATTCTGTTCATGGTx,10X_17_029,Neuroblast,LHX2,12,14,13,15,False,
10X_17_029:GTCACGGCATTGCGGCx,10X_17_029,Radial Glia,LHX2,13,14,13,15,False,
10X_17_029:GTAGGCCAGGCCCTCAx,10X_17_029,Radial Glia,LHX2,13,15,13,15,True,0.6367156505584717
10X_17_029:GTGTTAGTCCATGAACx,10X_17_029,Radial Glia,LHX2,13,15,13,15,True,0.6592892408370972
10X_17_029:GTCGTAAGTCTCGTTCx,10X_17_029,Neuroblast,LHX2,13,15,13,15,True,0.5599915385246277
10X_17_029:GTTAAGCGTAAGTAGTx,10X_17_029,Radial Glia,LHX2,13,14,13,15,False,
10X_17_029:GTGTTAGAGTAGGCCAx,10X_17_029,Radial Glia,LHX2,13,15,13,15,True,0.6620444655418396
10X_17_029:GTCTTCGGTCTTCGTCx,10X_17_029,Radial Glia,LHX2,13,15,13,15,True,0.6413079500198364
10X_17_029:GTCGTAACACTTAACGx,10X_17_029,Radial Glia,LHX2,13,15,13,15,True,0.6345465183258057
10X_17_029:TAAGTGCCACATCTTTx,10X_17_029,Neuroblast,LHX2,13,15,13,15,True,0.5827980041503906
10X_17_029:TAAGTGCCAGTCGTGCx,10X_17_029,Radial Glia,LHX2,13,14,13,15,False,
10X_17_029:TACCTATAGGTGTTAAx,10X_17_029,Neuroblast,LHX2,12,14,13,15,False,
10X_17_029:TACACGACACGACGAAx,10X_17_029,Radial Glia,LHX2,13,14,13,15,False,
10X_17_029:TAAACCGTCACTGGGCx,10X_17_029,Radial Glia,LHX2,13,15,13,15,True,0.6245907545089722
10X_17_029:GTTCATTCATCGATTGx,10X_17_029,Radial Glia,LHX2,14,15,13,15,False,
10X_17_029:TACACGACAACCGCCAx,10X_17_029,Radial Glia,LHX2,5,14,13,15,False,
10X_17_029:TACCTTACACCGATATx,10X_17_029,Radial Glia,LHX2,13,15,13,15,True,0.6399033665657043
10X_17_029:TAAGCGTTCGCAGGCTx,10X_17_029,Neuroblast,LHX2,8,14,13,15,False,
10X_17_029:GTTCGGGCACTGAAGGx,10X_17_029,Radial Glia,LHX2,12,15,13,15,False,
10X_17_029:GTTCTCGAGCTGTCTAx,10X_17_029,Radial Glia,LHX2,10,15,13,15,False,
10X_17_029:GTTTCTATCCGCGGTAx,10X_17_029,Neuroblast,LHX2,12,15,13,15,False,
10X_17_029:TATCAGGAGTAATCCCx,10X_17_029,Radial Glia,LHX2,13,15,13,15,True,0.6597352623939514
10X_17_029:TATGCCCTCATGCATGx,10X_17_029,Neuroblast,LHX2,11,15,13,15,False,
10X_17_029:TAGTGGTGTCTAGTCAx,10X_17_029,Radial Glia,LHX2,14,15,13,15,False,
10X_17_029:TACTCGCCACGTCTCTx,10X_17_029,Radial Glia,LHX2,14,15,13,15,False,
10X_17_029:TACTTGTCACTGCCAGx,10X_17_029,Neuroblast,LHX2,13,15,13,15,True,0.5176193118095398
10X_17_029:TAGAGCTTCAACTCTTx,10X_17_029,Neuroblast,LHX2,10,14,13,15,False,
10X_17_029:TACGGATGTCAAAGCGx,10X_17_029,Radial Glia,LHX2,14,15,13,15,False,
10X_17_029:TACTTGTCACAACTGTx,10X_17_029,Radial Glia,LHX2,12,15,13,15,False,
10X_17_029:TAGTTGGGTGCTTCTCx,10X_17_029,Radial Glia,LHX2,12,15,13,15,False,
10X_17_029:TCAGCAAGTCAATACCx,10X_17_029,Neuroblast,LHX2,10,14,13,15,False,
10X_17_029:TCACAAGGTGACGCCTx,10X_17_029,Neuroblast,LHX2,13,15,13,15,True,0.5573296546936035
10X_17_029:TCCCGATGTTCCACAAx,10X_17_029,Neuroblast,LHX2,12,14,13,15,False,
10X_17_029:TATTACCGTGCCTTGGx,10X_17_029,Radial Glia,LHX2,13,15,13,15,True,0.6611785888671875
10X_17_029:TCACGAATCTTTAGGGx,10X_17_029,Neuroblast,LHX2,11,14,13,15,False,
10X_17_029:TCACGAACAAGCGATGx,10X_17_029,Radial Glia,LHX2,13,14,13,15,False,
10X_17_029:TATTACCCAGGGATTGx,10X_17_029,Neuroblast,LHX2,13,15,13,15,True,0.564367413520813
10X_17_029:TCAGGTACAGCCACCAx,10X_17_029,Neuroblast,LHX2,10,14,13,15,False,
10X_17_029:TATTACCGTCAATACCx,10X_17_029,Neuroblast,LHX2,11,15,13,15,False,
10X_17_029:TCCCGATCACGTGAGAx,10X_17_029,Radial Glia,LHX2,10,15,13,15,False,
10X_17_029:TCCACACTCCACGAATx,10X_17_029,Radial Glia,LHX2,13,15,13,15,True,0.6670042872428894
10X_17_029:TCAGATGAGCGTAATAx,10X_17_029,Radial Glia,LHX2,13,15,13,15,True,0.6287142038345337
10X_17_029:TCTGGAATCTGCTGCTx,10X_17_029,Neuroblast,LHX2,13,15,13,15,True,0.5683020353317261
10X_17_029:TCTATTGGTAAGTAGTx,10X_17_029,Neuroblast,LHX2,13,15,13,15,True,0.5756572484970093
10X_17_029:TCTCTAAGTCGAACAGx,10X_17_029,Radial Glia,LHX2,13,14,13,15,False,
10X_17_029:TCGGTAAGTCATTAGCx,10X_17_029,Radial Glia,LHX2,12,15,13,15,False,
10X_17_029:TCGTACCTCTCGAGTAx,10X_17_029,Radial Glia,LHX2,14,15,13,15,False,
10X_17_029:TCGGGACGTGCTCTTCx,10X_17_029,Neuroblast,LHX2,12,14,13,15,False,
10X_17_029:TCTGGAAAGGAATCGCx,10X_17_029,Neuroblast,LHX2,12,15,13,15,False,
10X_17_029:TCTCATACAAGGGTCAx,10X_17_029,Radial Glia,LHX2,12,14,13,15,False,
10X_17_029:TGAGAGGAGATAGCATx,10X_17_029,Neuroblast,LHX2,13,15,13,15,True,0.5720039010047913
10X_17_029:TGACTAGTCCGAATGTx,10X_17_029,Neuroblast,LHX2,13,15,13,15,True,0.5108550786972046
10X_17_029:TGACGGCCACGGCCATx,10X_17_029,Neuroblast,LHX2,13,15,13,15,True,0.5746385455131531
10X_17_029:TGACGGCTCGTATCAGx,10X_17_029,Neuroblast,LHX2,13,15,13,15,True,0.5727834105491638
10X_17_029:TGAAAGACAGCTCGACx,10X_17_029,Neuroblast,LHX2,12,15,13,15,False,
10X_17_029:TCTTTCCTCTCCGGTTx,10X_17_029,Neuroblast,LHX2,12,14,13,15,False,
10X_17_029:TGAGCATTCCGCAGTGx,10X_17_029,Neuroblast,LHX2,8,13,13,15,False,
10X_17_029:TGAGCCGAGTGGGTTGx,10X_17_029,Radial Glia,LHX2,13,15,13,15,True,0.6675815582275391
10X_17_029:TGACTTTCACGGTAGAx,10X_17_029,Radial Glia,LHX2,9,14,13,15,False,
10X_17_029:TGAGCCGTCCATGAACx,10X_17_029,Radial Glia,LHX2,14,15,13,15,False,
10X_17_029:TGAGAGGAGACACGACx,10X_17_029,Radial Glia,LHX2,11,14,13,15,False,
10X_17_029:TCTTTCCGTCCAAGTTx,10X_17_029,Neuroblast,LHX2,12,14,13,15,False,
10X_17_029:TGAAAGAGTACTCTCCx,10X_17_029,Neuroblast,LHX2,11,14,13,15,False,
10X_17_029:TGATTTCGTTTGTTTCx,10X_17_029,Radial Glia,LHX2,12,14,13,15,False,
10X_17_029:TGACTTTTCTGTTGAGx,10X_17_029,Neuroblast,LHX2,11,15,13,15,False,
10X_17_029:TGGCCAGGTCCGAGTCx,10X_17_029,Radial Glia,LHX2,11,14,13,15,False,
10X_17_029:TGCGCAGGTTCTGTTTx,10X_17_029,Neuroblast,LHX2,12,15,13,15,False,
10X_17_029:TGGCCAGAGTGCGATGx,10X_17_029,Neuroblast,LHX2,13,15,13,15,True,0.5430916547775269
10X_17_029:TGCTGCTTCGTTTGCCx,10X_17_029,Radial Glia,LHX2,13,15,13,15,True,0.6494037508964539
10X_17_029:TGGGCGTGTTATGCGTx,10X_17_029,Radial Glia,LHX2,14,15,13,15,False,
10X_17_029:TGCGCAGAGACCACGAx,10X_17_029,Radial Glia,LHX2,14,15,13,15,False,
10X_17_029:TGGCTGGCAGGGTTAGx,10X_17_029,Radial Glia,LHX2,14,15,13,15,False,
10X_17_029:TGCCCTAGTCAAACTCx,10X_17_029,Radial Glia,LHX2,14,15,13,15,False,
10X_17_029:TGGTTAGAGGTGCACAx,10X_17_029,Neuroblast,LHX2,11,13,13,15,False,
10X_17_029:TGGGAAGGTCCATGATx,10X_17_029,Neuroblast,LHX2,13,15,13,15,True,0.5672616958618164
10X_17_029:TGCTGCTGTGAGTATAx,10X_17_029,Radial Glia,LHX2,12,14,13,15,False,
10X_17_029:TGCGTGGTCTACTATCx,10X_17_029,Radial Glia,LHX2,13,15,13,15,True,0.6160873770713806
10X_17_029:TGGCTGGGTCGGCATCx,10X_17_029,Neuroblast,LHX2,12,14,13,15,False,
10X_17_029:TGTGTTTTCTGCGTAAx,10X_17_029,Radial Glia,LHX2,14,15,13,15,False,
10X_17_029:TTAGGACAGGTGGGTTx,10X_17_029,Radial Glia,LHX2,13,15,13,15,True,0.6303482055664062
10X_17_029:TTATGCTCAAGGTTCTx,10X_17_029,Neuroblast,LHX2,13,15,13,15,True,0.521405041217804
10X_17_029:TTAGTTCAGATACACAx,10X_17_029,Radial Glia,LHX2,13,14,13,15,False,
10X_17_029:TGTCCCACACCTATCCx,10X_17_029,Neuroblast,LHX2,11,14,13,15,False,
10X_17_029:TGTTCCGTCCTATTCAx,10X_17_029,Radial Glia,LHX2,8,14,13,15,False,
10X_17_029:TTAGGCAAGCAGCGTAx,10X_17_029,Radial Glia,LHX2,13,15,13,15,True,0.6488851308822632
10X_17_029:TGTATTCAGCTCCTTCx,10X_17_029,Neuroblast,LHX2,12,14,13,15,False,
10X_17_029:TTAGTTCAGTCCGGTCx,10X_17_029,Radial Glia,LHX2,14,15,13,15,False,
10X_17_029:TTAGTTCCAAACCTACx,10X_17_029,Radial Glia,LHX2,12,15,13,15,False,
10X_17_029:TTCGAAGAGACAAGCCx,10X_17_029,Radial Glia,LHX2,12,14,13,15,False,
10X_17_029:TGTCCCATCAGCGATTx,10X_17_029,Radial Glia,LHX2,11,14,13,15,False,
10X_17_029:TGTCCCACATACTCTTx,10X_17_029,Radial Glia,LHX2,12,15,13,15,False,
10X_17_029:TGTATTCTCACGCGGTx,10X_17_029,Radial Glia,LHX2,12,14,13,15,False,
10X_17_029:TTGGAACAGCGACGTAx,10X_17_029,Radial Glia,LHX2,13,15,13,15,True,0.604143500328064
10X_17_029:TTGGCAAAGACACGACx,10X_17_029,Radial Glia,LHX2,12,15,13,15,False,
10X_17_029:TTGCGTCAGACACGACx,10X_17_029,Radial Glia,LHX2,13,14,13,15,False,
10X_17_029:TTCGGTCGTCTCGTTCx,10X_17_029,Neuroblast,LHX2,14,15,13,15,False,
10X_17_029:TTCTCCTGTTACAGAAx,10X_17_029,Radial Glia,LHX2,13,15,13,15,True,0.6307523250579834
10X_17_029:TTGGAACCATATGGTCx,10X_17_029,Radial Glia,LHX2,12,15,13,15,False,
10X_17_029:TTCGGTCAGCTCCTTCx,10X_17_029,Radial Glia,LHX2,14,14,13,15,False,
10X_17_029:TTGCCGTAGGTCGGATx,10X_17_029,Neuroblast,LHX2,13,14,13,15,False,
10X_17_029:TTTCCTCCAGATGGGTx,10X_17_029,Radial Glia,LHX2,12,14,13,15,False,
10X_17_029:TTTGGTTAGATGGCGTx,10X_17_029,Radial Glia,LHX2,10,14,13,15,False,
10X_17_029:TTTATGCAGCTCAACTx,10X_17_029,Radial Glia,LHX2,10,14,13,15,False,
10X_17_029:TTTATGCGTTGCGCACx,10X_17_029,Radial Glia,LHX2,13,15,13,15,True,0.6496069431304932
10X_17_029:TTTGCGCGTTCCGTCTx,10X_17_029,Neuroblast,LHX2,11,14,13,15,False,
10X_17_029:TTTCCTCCAGTCCTTCx,10X_17_029,Radial Glia,LHX2,12,15,13,15,False,
10X_17_029:TTTGCGCCACAGATTCx,10X_17_029,Radial Glia,LHX2,13,15,13,15,True,0.641539454460144
10X_17_028:AAAGTAGCACGCTTTCx,10X_17_028,Neuron,DCX,13,15,11,15,False,
10X_17_028:AAAGCAACACACAGAGx,10X_17_028,Neuron,DCX,13,15,11,15,False,
10X_17_028:AAATGCCGTAGCAAATx,10X_17_028,Immature Neuron,DCX,13,15,11,15,False,
10X_17_028:AACACGTTCGGAGCAAx,10X_17_028,Immature Neuron,DCX,12,15,11,15,False,
10X_17_028:AAAGATGGTACTCTCCx,10X_17_028,Immature Neuron,DCX,13,15,11,15,False,
10X_17_028:AAAGCAACAAGTTCTGx,10X_17_028,Neuron,DCX,13,15,11,15,False,
10X_17_028:AAACCTGTCGGTGTCGx,10X_17_028,Immature Neuron,DCX,11,15,11,15,True,0.5877016186714172
10X_17_028:AACCATGAGGTGTGGTx,10X_17_028,Neuron,DCX,12,15,11,15,False,
10X_17_028:AAAGATGTCTGTCTCGx,10X_17_028,Neuron,DCX,12,15,11,15,False,
10X_17_028:AACGTTGAGTTCGATCx,10X_17_028,Immature Neuron,DCX,12,15,11,15,False,
10X_17_028:AACTGGTCAAGCGTAGx,10X_17_028,Immature Neuron,DCX,13,15,11,15,False,
10X_17_028:AACGTTGCACCTATCCx,10X_17_028,Neuron,DCX,12,15,11,15,False,
10X_17_028:AACTTTCAGCTAAGATx,10X_17_028,Immature Neuron,DCX,13,15,11,15,False,
10X_17_028:AACTCTTGTCAATGTCx,10X_17_028,Immature Neuron,DCX,13,15,11,15,False,
10X_17_028:AACTCTTTCAGTTCGAx,10X_17_028,Immature Neuron,DCX,14,15,11,15,False,
10X_17_028:AAGACCTGTCAATACCx,10X_17_028,Immature Neuron,DCX,12,15,11,15,False,
10X_17_028:AACGTTGAGCGCTCCAx,10X_17_028,Immature Neuron,DCX,13,15,11,15,False,
10X_17_028:AACTCTTCAAGTTCTGx,10X_17_028,Neuron,DCX,11,15,11,15,True,0.630597710609436
10X_17_028:AACTGGTCAGTGGAGTx,10X_17_028,Immature Neuron,DCX,14,15,11,15,False,
10X_17_028:AACTTTCAGCTACCGCx,10X_17_028,Immature Neuron,DCX,13,15,11,15,False,
10X_17_028:AACGTTGGTCTGCAATx,10X_17_028,Immature Neuron,DCX,11,15,11,15,True,0.51410973072052
10X_17_028:AACTCAGTCCATTCTAx,10X_17_028,Immature Neuron,DCX,13,15,11,15,False,
10X_17_028:AACTCTTGTGCTCTTCx,10X_17_028,Neuron,DCX,11,15,11,15,True,0.6024477481842041
10X_17_028:AACGTTGAGCGTAATAx,10X_17_028,Neuron,DCX,9,15,11,15,False,
10X_17_028:AAGTCTGTCCAAGTACx,10X_17_028,Immature Neuron,DCX,13,15,11,15,False,
10X_17_028:AAGGTTCGTGCGGTAAx,10X_17_028,Immature Neuron,DCX,14,15,11,15,False,
10X_17_028:ACACCCTGTTGATTCGx,10X_17_028,Neuron,DCX,12,15,11,15,False,
10X_17_028:AATCCAGCATCTATGGx,10X_17_028,Immature Neuron,DCX,12,15,11,15,False,
10X_17_028:AAGGTTCGTCTGCAATx,10X_17_028,Immature Neuron,DCX,13,15,11,15,False,
10X_17_028:ACACCAAAGGTACTCTx,10X_17_028,Immature Neuron,DCX,12,15,11,15,False,
10X_17_028:AAGGAGCTCGTACCGGx,10X_17_028,Neuron,DCX,12,15,11,15,False,
10X_17_028:AAGTCTGGTACGAAATx,10X_17_028,Immature Neuron,DCX,13,15,11,15,False,
10X_17_028:AATCCAGAGTTCCACAx,10X_17_028,Immature Neuron,DCX,13,15,11,15,False,
10X_17_028:AATCCAGCAGCTGCTGx,10X_17_028,Immature Neuron,DCX,12,15,11,15,False,
10X_17_028:AATCGGTCAATAGCAAx,10X_17_028,Immature Neuron,DCX,11,15,11,15,True,0.5478987693786621
10X_17_028:AAGTCTGCATCCCACTx,10X_17_028,Immature Neuron,DCX,13,15,11,15,False,
10X_17_028:ACATACGAGCGCCTTGx,10X_17_028,Immature Neuron,DCX,11,15,11,15,True,0.4403761029243469
10X_17_028:ACATCAGCAAGCCCACx,10X_17_028,Immature Neuron,DCX,13,15,11,15,False,
10X_17_028:ACACTGATCAAGGTAAx,10X_17_028,Immature Neuron,DCX,13,15,11,15,False,
10X_17_028:ACATCAGCAAGAAAGGx,10X_17_028,Immature Neuron,DCX,12,15,11,15,False,
10X_17_028:ACAGCCGTCAACGGCCx,10X_17_028,Neuron,DCX,12,15,11,15,False,
10X_17_028:ACAGCCGCAAACTGCTx,10X_17_028,Immature Neuron,DCX,12,15,11,15,False,
10X_17_028:ACATGGTTCCGTTGTCx,10X_17_028,Neuron,DCX,12,15,11,15,False,
10X_17_028:ACATCAGAGCGTAGTGx,10X_17_028,Immature Neuron,DCX,13,15,11,15,False,
10X_17_028:ACAGCTATCTTTACGTx,10X_17_028,Immature Neuron,DCX,14,15,11,15,False,
10X_17_028:ACATACGGTACAGTTCx,10X_17_028,Immature Neuron,DCX,13,15,11,15,False,
10X_17_028:ACCTTTATCCGCGTTTx,10X_17_028,Immature Neuron,DCX,13,15,11,15,False,
10X_17_028:ACCCACTGTTGAACTCx,10X_17_028,Immature Neuron,DCX,13,15,11,15,False,
10X_17_028:ACGCAGCCACCTATCCx,10X_17_028,Immature Neuron,DCX,12,15,11,15,False,
10X_17_028:ACGCAGCTCTAACTTCx,10X_17_028,Immature Neuron,DCX,12,15,11,15,False,
10X_17_028:ACGATACCAGAAGCACx,10X_17_028,Immature Neuron,DCX,12,15,11,15,False,
10X_17_028:ACGCAGCTCTCAACTTx,10X_17_028,Immature Neuron,DCX,12,15,11,15,False,
10X_17_028:ACCCACTGTAGCACGAx,10X_17_028,Immature Neuron,DCX,13,15,11,15,False,
10X_17_028:ACGCCAGGTGACGCCTx,10X_17_028,Neuron,DCX,12,15,11,15,False,
10X_17_028:ACGGCCACACTCTGTCx,10X_17_028,Immature Neuron,DCX,12,15,11,15,False,
10X_17_028:ACGTCAATCGCATGGCx,10X_17_028,Immature Neuron,DCX,13,15,11,15,False,
10X_17_028:ACTATCTGTATGAATGx,10X_17_028,Neuron,DCX,11,15,11,15,True,0.5566452145576477
10X_17_028:ACGGCCATCCTATTCAx,10X_17_028,Immature Neuron,DCX,13,15,11,15,False,
10X_17_028:ACGGAGATCTTTAGGGx,10X_17_028,Neuron,DCX,12,15,11,15,False,
10X_17_028:ACGGCCATCAAGGTAAx,10X_17_028,Immature Neuron,DCX,12,15,11,15,False,
10X_17_028:ACGGGCTTCACTTATCx,10X_17_028,Neuron,DCX,12,15,11,15,False,
10X_17_028:ACGCCAGTCGAGAACGx,10X_17_028,Neuron,DCX,11,15,11,15,True,0.5241286158561707
10X_17_028:ACGGCCAAGGAGTAGAx,10X_17_028,Neuron,DCX,13,15,11,15,False,
10X_17_028:ACTTGTTAGAACTGTAx,10X_17_028,Immature Neuron,DCX,13,15,11,15,False,
10X_17_028:ACTGAGTAGTACTTGCx,10X_17_028,Neuron,DCX,13,15,11,15,False,
10X_17_028:ACTGAACAGGCAGTCAx,10X_17_028,Neuron,DCX,13,15,11,15,False,
10X_17_028:ACTTTCACATTATCTCx,10X_17_028,Neuron,DCX,12,15,11,15,False,
10X_17_028:ACTTACTAGCCTTGATx,10X_17_028,Immature Neuron,DCX,12,15,11,15,False,
10X_17_028:ACTGAGTGTGATGCCCx,10X_17_028,Immature Neuron,DCX,9,15,11,15,False,
10X_17_028:AGAGTGGAGGGATACCx,10X_17_028,Immature Neuron,DCX,12,15,11,15,False,
10X_17_028:AGATCTGAGAACTCGGx,10X_17_028,Immature Neuron,DCX,12,15,11,15,False,
10X_17_028:AGATTGCCAACACCCGx,10X_17_028,Immature Neuron,DCX,12,15,11,15,False,
10X_17_028:AGCAGCCAGTTAACGAx,10X_17_028,Immature Neuron,DCX,11,15,11,15,True,0.4154258370399475
10X_17_028:AGAGTGGAGCGCTCCAx,10X_17_028,Immature Neuron,DCX,12,15,11,15,False,
10X_17_028:AGCATACCATTCCTGCx,10X_17_028,Immature Neuron,DCX,14,15,11,15,False,
10X_17_028:AGCAGCCAGACAGGCTx,10X_17_028,Immature Neuron,DCX,12,15,11,15,False,
10X_17_028:AGACGTTCAACGATGGx,10X_17_028,Immature Neuron,DCX,13,15,11,15,False,
10X_17_028:AGATTGCGTCCAAGTTx,10X_17_028,Immature Neuron,DCX,12,15,11,15,False,
10X_17_028:AGCCTAAAGATGCCTTx,10X_17_028,Immature Neuron,DCX,12,15,11,15,False,
10X_17_028:AGCAGCCAGATCCCGCx,10X_17_028,Neuron,DCX,13,15,11,15,False,
10X_17_028:AGATCTGTCCTTAATCx,10X_17_028,Immature Neuron,DCX,12,15,11,15,False,
10X_17_028:AGGCCGTAGTTGTCGTx,10X_17_028,Immature Neuron,DCX,9,15,11,15,False,
10X_17_028:AGGCCACGTGTGTGCCx,10X_17_028,Neuron,DCX,11,15,11,15,True,0.6060643792152405
10X_17_028:AGCGTCGCAATGAATGx,10X_17_028,Neuron,DCX,13,15,11,15,False,
10X_17_028:AGCTTGATCTCTGCTGx,10X_17_028,Neuron,DCX,13,15,11,15,False,
10X_17_028:AGGCCGTAGGTGACCAx,10X_17_028,Immature Neuron,DCX,11,15,11,15,True,0.5414561629295349
10X_17_028:AGGGAGTGTCAGAATAx,10X_17_028,Immature Neuron,DCX,14,15,11,15,False,
10X_17_028:AGCGTCGAGTTAACGAx,10X_17_028,Immature Neuron,DCX,13,15,11,15,False,
10X_17_028:AGGCCGTTCTCGAGTAx,10X_17_028,Immature Neuron,DCX,12,15,11,15,False,
10X_17_028:AGCTCTCTCGCGGATCx,10X_17_028,Immature Neuron,DCX,11,15,11,15,True,0.4331684112548828
10X_17_028:AGCGTCGCAGTACACTx,10X_17_028,Immature Neuron,DCX,14,15,11,15,False,
10X_17_028:AGCTCTCAGAGACTATx,10X_17_028,Neuron,DCX,12,15,11,15,False,
10X_17_028:AGGGAGTCATTTGCTTx,10X_17_028,Neuron,DCX,12,15,11,15,False,
10X_17_028:AGGTCCGCAATAACGAx,10X_17_028,Neuron,DCX,12,15,11,15,False,
10X_17_028:AGGGATGTCTGCAGTAx,10X_17_028,Immature Neuron,DCX,13,15,11,15,False,
10X_17_028:AGGTCATTCCGCTGTTx,10X_17_028,Neuron,DCX,13,15,11,15,False,
10X_17_028:AGTGAGGGTTGATTCGx,10X_17_028,Neuron,DCX,11,15,11,15,True,0.5847922563552856
10X_17_028:AGGTCCGAGCTAGTGGx,10X_17_028,Neuron,DCX,12,15,11,15,False,
10X_17_028:AGGTCATCAAAGGCGTx,10X_17_028,Neuron,DCX,12,15,11,15,False,
10X_17_028:AGTAGTCTCACCCTCAx,10X_17_028,Immature Neuron,DCX,11,15,11,15,True,0.5777535438537598
10X_17_028:AGTAGTCTCGCAAGCCx,10X_17_028,Immature Neuron,DCX,11,15,11,15,True,0.5919762849807739
10X_17_028:AGTGGGAAGCGTAATAx,10X_17_028,Immature Neuron,DCX,9,15,11,15,False,
10X_17_028:AGGTCATAGTGTTGAAx,10X_17_028,Immature Neuron,DCX,12,15,11,15,False,
10X_17_028:ATCACGAAGTTACCCAx,10X_17_028,Immature Neuron,DCX,13,15,11,15,False,
10X_17_028:ATCATGGGTATCACCAx,10X_17_028,Neuron,DCX,13,15,11,15,False,
10X_17_028:AGTGTCAAGAGGTAGAx,10X_17_028,Immature Neuron,DCX,12,15,11,15,False,
10X_17_028:ATCATCTAGAGTACCGx,10X_17_028,Neuron,DCX,12,15,11,15,False,
10X_17_028:ATAGACCTCATCGGATx,10X_17_028,Immature Neuron,DCX,12,15,11,15,False,
10X_17_028:ATAGACCCACGGTTTAx,10X_17_028,Neuron,DCX,13,15,11,15,False,
10X_17_028:ATCATGGAGCAGATCGx,10X_17_028,Immature Neuron,DCX,11,15,11,15,True,0.59260094165802
10X_17_028:ATTACTCTCATTTGGGx,10X_17_028,Immature Neuron,DCX,11,15,11,15,True,0.4257446527481079
10X_17_028:ATCTACTTCGTTACAGx,10X_17_028,Immature Neuron,DCX,12,15,11,15,False,
10X_17_028:ATCGAGTCAGCTATTGx,10X_17_028,Neuron,DCX,14,15,11,15,False,
10X_17_028:ATTACTCGTTCTGGTAx,10X_17_028,Immature Neuron,DCX,13,15,11,15,False,
10X_17_028:ATGGGAGTCCTCCTAGx,10X_17_028,Neuron,DCX,11,15,11,15,True,0.6168630719184875
10X_17_028:ATTATCCTCAGCACATx,10X_17_028,Immature Neuron,DCX,11,15,11,15,True,0.4849042892456054
10X_17_028:ATCTACTTCATGTAGCx,10X_17_028,Immature Neuron,DCX,12,15,11,15,False,
10X_17_028:ATTACTCTCTTCATGTx,10X_17_028,Immature Neuron,DCX,12,15,11,15,False,
10X_17_028:ATCTACTCATTAGGCTx,10X_17_028,Immature Neuron,DCX,12,15,11,15,False,
10X_17_028:ATGTGTGTCCCTAACCx,10X_17_028,Immature Neuron,DCX,13,15,11,15,False,
10X_17_028:ATGTGTGGTCGCGTGTx,10X_17_028,Neuron,DCX,13,15,11,15,False,
10X_17_028:CAACTAGAGGGCACTAx,10X_17_028,Neuron,DCX,11,15,11,15,True,0.6164702773094177
10X_17_028:CAACCTCCATGTTGACx,10X_17_028,Immature Neuron,DCX,12,15,11,15,False,
10X_17_028:CAACCAATCAAGATCCx,10X_17_028,Immature Neuron,DCX,14,15,11,15,False,
10X_17_028:CAAGAAAAGGGTGTGTx,10X_17_028,Immature Neuron,DCX,12,15,11,15,False,
10X_17_028:CAACTAGAGCTGCAAGx,10X_17_028,Immature Neuron,DCX,13,15,11,15,False,
10X_17_028:ATTGGACAGCGCCTTGx,10X_17_028,Neuron,DCX,11,15,11,15,True,0.5859887599945068
10X_17_028:ATTCTACAGGGTGTTGx,10X_17_028,Neuron,DCX,12,15,11,15,False,
10X_17_028:CAAGAAAAGCCAGTAGx,10X_17_028,Neuron,DCX,12,15,11,15,False,
10X_17_028:ATTGGTGTCGTAGGTTx,10X_17_028,Neuron,DCX,13,15,11,15,False,
10X_17_028:CAACCAAAGACACGACx,10X_17_028,Immature Neuron,DCX,13,15,11,15,False,
10X_17_028:CAAGGCCGTCGAGTTTx,10X_17_028,Neuron,DCX,12,15,11,15,False,
10X_17_028:CACACAAGTAAATACGx,10X_17_028,Immature Neuron,DCX,13,15,11,15,False,
10X_17_028:CACAAACGTGTTAAGAx,10X_17_028,Neuron,DCX,12,15,11,15,False,
10X_17_028:CACAAACTCACTCTTAx,10X_17_028,Immature Neuron,DCX,12,15,11,15,False,
10X_17_028:CAAGGCCGTCGACTGCx,10X_17_028,Immature Neuron,DCX,13,15,11,15,False,
10X_17_028:CACAAACAGTCGTACTx,10X_17_028,Neuron,DCX,12,15,11,15,False,
10X_17_028:CACACAAGTGGCGAATx,10X_17_028,Immature Neuron,DCX,13,15,11,15,False,
10X_17_028:CACAGGCAGATCACGGx,10X_17_028,Immature Neuron,DCX,13,15,11,15,False,
10X_17_028:CACACCTAGCTCCTTCx,10X_17_028,Neuron,DCX,13,15,11,15,False,
10X_17_028:CACACAAAGCAGGCTAx,10X_17_028,Neuron,DCX,13,15,11,15,False,
10X_17_028:CACCAGGTCTGCAGTAx,10X_17_028,Neuron,DCX,12,15,11,15,False,
10X_17_028:CACATTTAGCTGCAAGx,10X_17_028,Immature Neuron,DCX,12,15,11,15,False,
10X_17_028:CACCAGGAGAAACGCCx,10X_17_028,Neuron,DCX,12,15,11,15,False,
10X_17_028:CACTCCAGTGAGGCTAx,10X_17_028,Immature Neuron,DCX,12,15,11,15,False,
10X_17_028:CACATTTTCCTAGAACx,10X_17_028,Immature Neuron,DCX,13,15,11,15,False,
10X_17_028:CACCTTGCAAGCGAGTx,10X_17_028,Neuron,DCX,12,15,11,15,False,
10X_17_028:CACTCCATCACAATGCx,10X_17_028,Immature Neuron,DCX,11,15,11,15,True,0.438682496547699
10X_17_028:CACCACTTCCGTTGCTx,10X_17_028,Neuron,DCX,12,15,11,15,False,
10X_17_028:CACAGTACATGCTAGTx,10X_17_028,Neuron,DCX,13,15,11,15,False,
10X_17_028:CACATTTAGTGCTGCCx,10X_17_028,Immature Neuron,DCX,10,15,11,15,False,
10X_17_028:CACATTTTCAAACAAGx,10X_17_028,Neuron,DCX,12,15,11,15,False,
10X_17_028:CACTCCATCGTCTGCTx,10X_17_028,Neuron,DCX,9,15,11,15,False,
10X_17_028:CAGAATCGTTTCCACCx,10X_17_028,Immature Neuron,DCX,12,15,11,15,False,
10X_17_028:CAGCAGCGTTAAGGGCx,10X_17_028,Immature Neuron,DCX,12,15,11,15,False,
10X_17_028:CAGCCGAGTTCATGGTx,10X_17_028,Neuron,DCX,12,15,11,15,False,
10X_17_028:CAGCCGAAGCTCCTCTx,10X_17_028,Immature Neuron,DCX,13,15,11,15,False,
10X_17_028:CAGAATCCATGTCGATx,10X_17_028,Neuron,DCX,12,15,11,15,False,
10X_17_028:CAGCTAATCGTACGGCx,10X_17_028,Immature Neuron,DCX,11,15,11,15,True,0.4768956899642944
10X_17_028:CAGAGAGGTTCGAATCx,10X_17_028,Neuron,DCX,12,15,11,15,False,
10X_17_028:CAGCGACTCTTGGGTAx,10X_17_028,Immature Neuron,DCX,14,15,11,15,False,
10X_17_028:CAGATCAAGTGAATTGx,10X_17_028,Neuron,DCX,12,15,11,15,False,
10X_17_028:CAGAGAGAGACGCACAx,10X_17_028,Immature Neuron,DCX,12,15,11,15,False,
10X_17_028:CAGCTAACAGTAAGATx,10X_17_028,Immature Neuron,DCX,13,15,11,15,False,
10X_17_028:CAGATCAGTCTACCTCx,10X_17_028,Immature Neuron,DCX,13,15,11,15,False,
10X_17_028:CAGATCAAGCAAATCAx,10X_17_028,Neuron,DCX,12,15,11,15,False,
10X_17_028:CAGCAGCAGGCTAGACx,10X_17_028,Immature Neuron,DCX,12,15,11,15,False,
10X_17_028:CAGGTGCAGGAGTAGAx,10X_17_028,Immature Neuron,DCX,12,15,11,15,False,
10X_17_028:CAGCTGGTCTGTACGAx,10X_17_028,Neuron,DCX,11,15,11,15,True,0.6040264368057251
10X_17_028:CAGTAACCATGGTCTAx,10X_17_028,Immature Neuron,DCX,12,15,11,15,False,
10X_17_028:CATATTCGTACGCACCx,10X_17_028,Neuron,DCX,11,15,11,15,True,0.6036652326583862
10X_17_028:CATATGGGTAAATGTGx,10X_17_028,Neuron,DCX,11,15,11,15,True,0.5757359266281128
10X_17_028:CAGTAACAGTGAATTGx,10X_17_028,Neuron,DCX,13,15,11,15,False,
10X_17_028:CATGACAGTCTCCCTAx,10X_17_028,Immature Neuron,DCX,13,15,11,15,False,
10X_17_028:CATTCGCAGAAGGTGAx,10X_17_028,Immature Neuron,DCX,14,15,11,15,False,
10X_17_028:CATGACAAGGGATACCx,10X_17_028,Neuron,DCX,12,15,11,15,False,
10X_17_028:CATGCCTAGACCTAGGx,10X_17_028,Immature Neuron,DCX,13,15,11,15,False,
10X_17_028:CATCGAACACGAAACGx,10X_17_028,Immature Neuron,DCX,8,15,11,15,False,
10X_17_028:CATTATCGTCCAAGTTx,10X_17_028,Immature Neuron,DCX,14,15,11,15,False,
10X_17_028:CATGGCGTCGGCTACGx,10X_17_028,Immature Neuron,DCX,13,15,11,15,False,
10X_17_028:CATCGAAGTACAGACGx,10X_17_028,Neuron,DCX,11,15,11,15,True,0.5971777439117432
10X_17_028:CATGACATCACTTATCx,10X_17_028,Immature Neuron,DCX,11,15,11,15,True,0.4187615513801574
10X_17_028:CCAATCCTCAACGCTAx,10X_17_028,Neuron,DCX,13,15,11,15,False,
10X_17_028:CCAATCCGTCCCGACAx,10X_17_028,Neuron,DCX,12,15,11,15,False,
10X_17_028:CCACGGACAGCGATCCx,10X_17_028,Neuron,DCX,13,15,11,15,False,
10X_17_028:CCATTCGCACGCCAGTx,10X_17_028,Immature Neuron,DCX,14,15,11,15,False,
10X_17_028:CCACGGATCAGTGTTGx,10X_17_028,Immature Neuron,DCX,12,15,11,15,False,
10X_17_028:CCACTACGTGCTTCTCx,10X_17_028,Immature Neuron,DCX,13,15,11,15,False,
10X_17_028:CCACCTACATGGTCATx,10X_17_028,Immature Neuron,DCX,12,15,11,15,False,
10X_17_028:CCACCTACAGTTAACCx,10X_17_028,Immature Neuron,DCX,11,15,11,15,True,0.5622216463088989
10X_17_028:CCCAGTTCAACGCACCx,10X_17_028,Neuron,DCX,13,15,11,15,False,
10X_17_028:CCGTACTAGTGCCATTx,10X_17_028,Immature Neuron,DCX,13,15,11,15,False,
10X_17_028:CCGGGATTCGTAGGAGx,10X_17_028,Immature Neuron,DCX,12,15,11,15,False,
10X_17_028:CCGTGGACACATTCGAx,10X_17_028,Immature Neuron,DCX,13,15,11,15,False,
10X_17_028:CCGGGATGTAGCCTATx,10X_17_028,Immature Neuron,DCX,11,15,11,15,True,0.5361403226852417
10X_17_028:CCGGGATAGGGCTTGAx,10X_17_028,Neuron,DCX,11,15,11,15,True,0.6075340509414673
10X_17_028:CCGGTAGCACACGCTGx,10X_17_028,Immature Neuron,DCX,13,15,11,15,False,
10X_17_028:CCGTACTTCTGTGCAAx,10X_17_028,Immature Neuron,DCX,12,15,11,15,False,
10X_17_028:CCCATACTCGCAAGCCx,10X_17_028,Immature Neuron,DCX,10,15,11,15,False,
10X_17_028:CCGTTCATCTGTCAAGx,10X_17_028,Immature Neuron,DCX,11,15,11,15,True,0.5106778740882874
10X_17_028:CCGTGGATCACGAAGGx,10X_17_028,Neuron,DCX,10,15,11,15,False,
10X_17_028:CCGTGGATCTAACTCTx,10X_17_028,Immature Neuron,DCX,14,15,11,15,False,
10X_17_028:CCGGGATGTTGTTTGGx,10X_17_028,Immature Neuron,DCX,12,15,11,15,False,
10X_17_028:CCGTGGATCACTGGGCx,10X_17_028,Neuron,DCX,12,15,11,15,False,
10X_17_028:CCTCAGTGTCTGCCAGx,10X_17_028,Neuron,DCX,13,15,11,15,False,
10X_17_028:CCTACACAGATCTGCTx,10X_17_028,Immature Neuron,DCX,13,15,11,15,False,
10X_17_028:CCTCTGAGTCTAGGTTx,10X_17_028,Neuron,DCX,11,15,11,15,True,0.5260826945304871
10X_17_028:CCTCTGATCGGAATCTx,10X_17_028,Immature Neuron,DCX,12,15,11,15,False,
10X_17_028:CCTATTACACCTGGTGx,10X_17_028,Immature Neuron,DCX,12,15,11,15,False,
10X_17_028:CCTACACGTCGAGTTTx,10X_17_028,Neuron,DCX,11,15,11,15,True,0.6181997656822205
10X_17_028:CCTAGCTAGCCTCGTGx,10X_17_028,Neuron,DCX,9,15,11,15,False,
10X_17_028:CCTAGCTTCCAGGGCTx,10X_17_028,Neuron,DCX,12,15,11,15,False,
10X_17_028:CCTACCATCATTGCCCx,10X_17_028,Immature Neuron,DCX,11,15,11,15,True,0.4143028855323791
10X_17_028:CCTCAGTCACCACGTGx,10X_17_028,Neuron,DCX,10,15,11,15,False,
10X_17_028:CGAACATTCGCATGATx,10X_17_028,Immature Neuron,DCX,12,15,11,15,False,
10X_17_028:CGACTTCTCACCCGAGx,10X_17_028,Immature Neuron,DCX,11,15,11,15,True,0.4107229113578796
10X_17_028:CGAGCCAAGCCAACAGx,10X_17_028,Immature Neuron,DCX,13,15,11,15,False,
10X_17_028:CCTTCGATCTACTCATx,10X_17_028,Immature Neuron,DCX,14,15,11,15,False,
10X_17_028:CGACCTTAGAATGTGTx,10X_17_028,Neuron,DCX,13,15,11,15,False,
10X_17_028:CGACCTTAGGACCACAx,10X_17_028,Immature Neuron,DCX,12,15,11,15,False,
10X_17_028:CGAATGTCAAAGTGCGx,10X_17_028,Immature Neuron,DCX,12,15,11,15,False,
10X_17_028:CGAACATTCGTTTATCx,10X_17_028,Neuron,DCX,11,15,11,15,True,0.5995101928710938
10X_17_028:CGACTTCTCGGATGTTx,10X_17_028,Neuron,DCX,11,15,11,15,True,0.5650920867919922
10X_17_028:CGCGGTACACACCGCAx,10X_17_028,Immature Neuron,DCX,13,15,11,15,False,
10X_17_028:CGATTGAAGTGGGATCx,10X_17_028,Immature Neuron,DCX,13,15,11,15,False,
10X_17_028:CGCGGTAGTCATATGCx,10X_17_028,Immature Neuron,DCX,12,15,11,15,False,
10X_17_028:CGAGCCATCAACGGCCx,10X_17_028,Immature Neuron,DCX,13,15,11,15,False,
10X_17_028:CGATTGACATACTCTTx,10X_17_028,Neuron,DCX,12,15,11,15,False,
10X_17_028:CGCGGTAAGCCCAATTx,10X_17_028,Immature Neuron,DCX,13,15,11,15,False,
10X_17_028:CGATTGAAGCATCATCx,10X_17_028,Immature Neuron,DCX,12,15,11,15,False,
10X_17_028:CGGAGCTCATTAGGCTx,10X_17_028,Neuron,DCX,11,15,11,15,True,0.6314899921417236
10X_17_028:CGGAGTCTCATCTGCCx,10X_17_028,Neuron,DCX,12,15,11,15,False,
10X_17_028:CGGAGCTAGCGTTCCGx,10X_17_028,Immature Neuron,DCX,13,15,11,15,False,
10X_17_028:CGCTTCAGTCGACTGCx,10X_17_028,Neuron,DCX,12,15,11,15,False,
10X_17_028:CGTAGGCGTCCAGTGCx,10X_17_028,Immature Neuron,DCX,11,15,11,15,True,0.5018681287765503
10X_17_028:CGTAGGCCAGCGATCCx,10X_17_028,Immature Neuron,DCX,11,15,11,15,True,0.49289071559906
10X_17_028:CGGTTAAAGAAGAAGCx,10X_17_028,Immature Neuron,DCX,12,15,11,15,False,
10X_17_028:CGGCTAGGTGCACCACx,10X_17_028,Immature Neuron,DCX,13,15,11,15,False,
10X_17_028:CGTTAGATCCAAGCCGx,10X_17_028,Immature Neuron,DCX,14,15,11,15,False,
10X_17_028:CTAAGACCAATCCAACx,10X_17_028,Neuron,DCX,12,15,11,15,False,
10X_17_028:CTAACTTAGTGGCACAx,10X_17_028,Neuron,DCX,11,15,11,15,True,0.6392186880111694
10X_17_028:CGTGAGCTCTGCAGTAx,10X_17_028,Immature Neuron,DCX,12,15,11,15,False,
10X_17_028:CGTTGGGAGTTAGCGGx,10X_17_028,Immature Neuron,DCX,13,15,11,15,False,
10X_17_028:CGTGTAAGTCTAGCGCx,10X_17_028,Immature Neuron,DCX,14,15,11,15,False,
10X_17_028:CGTGAGCTCTCCAACCx,10X_17_028,Neuron,DCX,13,15,11,15,False,
10X_17_028:CGTGTAAAGGGTGTTGx,10X_17_028,Neuron,DCX,8,15,11,15,False,
10X_17_028:CGTTGGGCAAGTAGTAx,10X_17_028,Immature Neuron,DCX,12,15,11,15,False,
10X_17_028:CGTTAGACAGACTCGCx,10X_17_028,Immature Neuron,DCX,13,15,11,15,False,
10X_17_028:CGTTCTGGTCTGCAATx,10X_17_028,Immature Neuron,DCX,13,15,11,15,False,
10X_17_028:CGTTCTGTCCCTCTTTx,10X_17_028,Neuron,DCX,12,15,11,15,False,
10X_17_028:CTAGAGTGTCGAACAGx,10X_17_028,Neuron,DCX,13,15,11,15,False,
10X_17_028:CTAATGGGTCGGCATCx,10X_17_028,Immature Neuron,DCX,13,15,11,15,False,
10X_17_028:CTAGCCTTCACCGTAAx,10X_17_028,Neuron,DCX,13,15,11,15,False,
10X_17_028:CTACCCACACCTATCCx,10X_17_028,Immature Neuron,DCX,12,15,11,15,False,
10X_17_028:CTACGTCGTTACGACTx,10X_17_028,Neuron,DCX,12,15,11,15,False,
10X_17_028:CTAGTGATCGCCATAAx,10X_17_028,Neuron,DCX,12,15,11,15,False,
10X_17_028:CTCCTAGAGTGGGATCx,10X_17_028,Immature Neuron,DCX,10,15,11,15,False,
10X_17_028:CTCATTATCGCGATCGx,10X_17_028,Neuron,DCX,10,15,11,15,False,
10X_17_028:CTCGGGAGTCTCCATCx,10X_17_028,Immature Neuron,DCX,13,15,11,15,False,
10X_17_028:CTCAGAATCCACGCAGx,10X_17_028,Immature Neuron,DCX,13,15,11,15,False,
10X_17_028:CTCGAGGCACTGTCGGx,10X_17_028,Neuron,DCX,12,15,11,15,False,
10X_17_028:CTCGGAGGTCACCTAAx,10X_17_028,Immature Neuron,DCX,13,15,11,15,False,
10X_17_028:CTCCTAGAGGCACATGx,10X_17_028,Immature Neuron,DCX,12,15,11,15,False,
10X_17_028:CTCGAGGGTCGCATATx,10X_17_028,Immature Neuron,DCX,13,15,11,15,False,
10X_17_028:CTCTGGTAGTGAAGTTx,10X_17_028,Immature Neuron,DCX,13,15,11,15,False,
10X_17_028:CTCTGGTGTTTGTTGGx,10X_17_028,Immature Neuron,DCX,13,15,11,15,False,
10X_17_028:CTGAAACTCAGTTGACx,10X_17_028,Immature Neuron,DCX,13,15,11,15,False,
10X_17_028:CTGAAACGTCGGCATCx,10X_17_028,Neuron,DCX,10,15,11,15,False,
10X_17_028:CTGATCCGTAGCGTCCx,10X_17_028,Immature Neuron,DCX,11,15,11,15,True,0.4949672222137451
10X_17_028:CTCGTCAGTCTCTTATx,10X_17_028,Immature Neuron,DCX,10,15,11,15,False,
10X_17_028:CTCTGGTCAGACGCTCx,10X_17_028,Neuron,DCX,13,15,11,15,False,
10X_17_028:CTCTGGTTCAACGGCCx,10X_17_028,Immature Neuron,DCX,13,15,11,15,False,
10X_17_028:CTGATAGGTTATGTGCx,10X_17_028,Neuron,DCX,13,15,11,15,False,
10X_17_028:CTCTGGTTCGTGGGAAx,10X_17_028,Immature Neuron,DCX,13,15,11,15,False,
10X_17_028:CTCTGGTAGGATGTATx,10X_17_028,Immature Neuron,DCX,12,15,11,15,False,
10X_17_028:CTGAAGTAGGCTAGCAx,10X_17_028,Neuron,DCX,13,15,11,15,False,
10X_17_028:CTGCCTAAGCAGCCTCx,10X_17_028,Immature Neuron,DCX,11,15,11,15,True,0.4705803394317627
10X_17_028:CTGATAGTCAACACTGx,10X_17_028,Immature Neuron,DCX,13,15,11,15,False,
10X_17_028:CTCGTCATCACTTATCx,10X_17_028,Immature Neuron,DCX,12,15,11,15,False,
10X_17_028:CTGCCTATCACAACGTx,10X_17_028,Immature Neuron,DCX,13,15,11,15,False,
10X_17_028:CTTACCGAGGTCGGATx,10X_17_028,Immature Neuron,DCX,11,15,11,15,True,0.4801778793334961
10X_17_028:CTGTTTACATTTCAGGx,10X_17_028,Neuron,DCX,11,15,11,15,True,0.5884253978729248
10X_17_028:CTGTTTAAGTAAGTACx,10X_17_028,Neuron,DCX,13,15,11,15,False,
10X_17_028:CTGGTCTAGTGAATTGx,10X_17_028,Immature Neuron,DCX,13,15,11,15,False,
10X_17_028:CTGGTCTCATGCCACGx,10X_17_028,Neuron,DCX,11,15,11,15,True,0.594500720500946
10X_17_028:CTTGGCTGTGATAAGTx,10X_17_028,Immature Neuron,DCX,14,15,11,15,False,
10X_17_028:GAACCTAGTCATGCATx,10X_17_028,Neuron,DCX,13,15,11,15,False,
10X_17_028:CTTCTCTAGCCACCTGx,10X_17_028,Immature Neuron,DCX,11,15,11,15,True,0.4216493368148803
10X_17_028:GAACCTAAGACCTTTGx,10X_17_028,Immature Neuron,DCX,12,15,11,15,False,
10X_17_028:GAAACTCTCTGTCTATx,10X_17_028,Neuron,DCX,12,15,11,15,False,
10X_17_028:GAACCTATCCGCATCTx,10X_17_028,Immature Neuron,DCX,12,15,11,15,False,
10X_17_028:GAAATGAAGGATGCGTx,10X_17_028,Neuron,DCX,12,15,11,15,False,
10X_17_028:GACACGCGTAGATTAGx,10X_17_028,Immature Neuron,DCX,11,15,11,15,True,0.4608662128448486
10X_17_028:GACACGCAGATATGCAx,10X_17_028,Immature Neuron,DCX,12,15,11,15,False,
10X_17_028:GAATAAGGTGACTACTx,10X_17_028,Immature Neuron,DCX,13,15,11,15,False,
10X_17_028:GAATGAAGTGTTTGGTx,10X_17_028,Immature Neuron,DCX,14,15,11,15,False,
10X_17_028:GAATAAGAGGCAGTCAx,10X_17_028,Immature Neuron,DCX,13,15,11,15,False,
10X_17_028:GAATAAGTCACATGCAx,10X_17_028,Neuron,DCX,10,15,11,15,False,
10X_17_028:GACCTGGTCTCCGGTTx,10X_17_028,Immature Neuron,DCX,13,15,11,15,False,
10X_17_028:GAACGGAGTACAGTTCx,10X_17_028,Immature Neuron,DCX,13,15,11,15,False,
10X_17_028:GAATGAAAGCCGTCGTx,10X_17_028,Neuron,DCX,8,15,11,15,False,
10X_17_028:GACTACAGTGAGGCTAx,10X_17_028,Immature Neuron,DCX,13,15,11,15,False,
10X_17_028:GAGCAGATCCTGCTTGx,10X_17_028,Immature Neuron,DCX,12,15,11,15,False,
10X_17_028:GACGTGCAGTGCGTGAx,10X_17_028,Neuron,DCX,12,15,11,15,False,
10X_17_028:GACGGCTTCCCACTTGx,10X_17_028,Neuron,DCX,12,15,11,15,False,
10X_17_028:GACGGCTCACGTAAGGx,10X_17_028,Immature Neuron,DCX,13,15,11,15,False,
10X_17_028:GAGCAGACAGCTGCTGx,10X_17_028,Immature Neuron,DCX,14,15,11,15,False,
10X_17_028:GACGCGTTCTTGCATTx,10X_17_028,Immature Neuron,DCX,11,15,11,15,True,0.3890254497528076
10X_17_028:GACGGCTGTCAAGCGAx,10X_17_028,Immature Neuron,DCX,13,15,11,15,False,
10X_17_028:GATCAGTGTACCGTATx,10X_17_028,Immature Neuron,DCX,11,15,11,15,True,0.5000526905059814
10X_17_028:GATCGTACATTATCTCx,10X_17_028,Immature Neuron,DCX,12,15,11,15,False,
10X_17_028:GATCGTATCCAAACACx,10X_17_028,Neuron,DCX,12,15,11,15,False,
10X_17_028:GAGGTGAAGTGGGATCx,10X_17_028,Neuron,DCX,12,15,11,15,False,
10X_17_028:GATGAAATCCCAAGTAx,10X_17_028,Neuron,DCX,12,15,11,15,False,
10X_17_028:GATCTAGTCACAAACCx,10X_17_028,Immature Neuron,DCX,13,15,11,15,False,
10X_17_028:GATCGCGGTATGAATGx,10X_17_028,Immature Neuron,DCX,13,15,11,15,False,
10X_17_028:GATCGCGAGGGCTTGAx,10X_17_028,Neuron,DCX,12,15,11,15,False,
10X_17_028:GATCTAGAGAGCCCAAx,10X_17_028,Neuron,DCX,13,15,11,15,False,
10X_17_028:GAGTCCGCACGGCGTTx,10X_17_028,Neuron,DCX,13,15,11,15,False,
10X_17_028:GAGTCCGTCACTATTCx,10X_17_028,Neuron,DCX,12,15,11,15,False,
10X_17_028:GCAGCCAGTGTGGTTTx,10X_17_028,Immature Neuron,DCX,12,15,11,15,False,
10X_17_028:GCACATATCGTAGGTTx,10X_17_028,Neuron,DCX,13,15,11,15,False,
10X_17_028:GCAGCCATCCTTAATCx,10X_17_028,Immature Neuron,DCX,12,15,11,15,False,
10X_17_028:GATGCTAAGGGTGTGTx,10X_17_028,Immature Neuron,DCX,14,15,11,15,False,
10X_17_028:GCAATCAGTTCTGAACx,10X_17_028,Immature Neuron,DCX,13,15,11,15,False,
10X_17_028:GCAATCATCCACTCCAx,10X_17_028,Neuron,DCX,12,15,11,15,False,
10X_17_028:GCAGCCAAGTAGGCCAx,10X_17_028,Immature Neuron,DCX,14,15,11,15,False,
10X_17_028:GCAGCCACATTTGCCCx,10X_17_028,Neuron,DCX,12,15,11,15,False,
10X_17_028:GATGAGGCAAAGCAATx,10X_17_028,Immature Neuron,DCX,14,15,11,15,False,
10X_17_028:GCAATCACACGCGAAAx,10X_17_028,Neuron,DCX,13,15,11,15,False,
10X_17_028:GATGCTACAATGGAATx,10X_17_028,Immature Neuron,DCX,13,15,11,15,False,
10X_17_028:GCGCAGTCAATGGAATx,10X_17_028,Immature Neuron,DCX,13,15,11,15,False,
10X_17_028:GCATGCGTCACAACGTx,10X_17_028,Immature Neuron,DCX,13,15,11,15,False,
10X_17_028:GCCTCTACACGGACAAx,10X_17_028,Immature Neuron,DCX,13,15,11,15,False,
10X_17_028:GCCTCTACACATGGGAx,10X_17_028,Immature Neuron,DCX,12,15,11,15,False,
10X_17_028:GCATGTAAGATGTGGCx,10X_17_028,Immature Neuron,DCX,13,15,11,15,False,
10X_17_028:GCGAGAAAGTTACGGGx,10X_17_028,Immature Neuron,DCX,11,15,11,15,True,0.5473804473876953
10X_17_028:GCATGTATCGTGTAGTx,10X_17_028,Neuron,DCX,12,15,11,15,False,
10X_17_028:GCAGTTATCTGCGACGx,10X_17_028,Immature Neuron,DCX,13,15,11,15,False,
10X_17_028:GCATGTAGTGATAAACx,10X_17_028,Immature Neuron,DCX,12,15,11,15,False,
10X_17_028:GCCAAATTCTCGTTTAx,10X_17_028,Immature Neuron,DCX,12,15,11,15,False,
10X_17_028:GCGCGATTCTGATACGx,10X_17_028,Neuron,DCX,12,15,11,15,False,
10X_17_028:GCTGCTTGTAGTGAATx,10X_17_028,Neuron,DCX,13,15,11,15,False,
10X_17_028:GCGCAGTTCCAAGCCGx,10X_17_028,Immature Neuron,DCX,11,15,11,15,True,0.5220550894737244
10X_17_028:GCGCCAATCAGCATGTx,10X_17_028,Immature Neuron,DCX,14,15,11,15,False,
10X_17_028:GCTCCTATCACAGTACx,10X_17_028,Immature Neuron,DCX,11,15,11,15,True,0.4902498722076416
10X_17_028:GCGGGTTTCCAGAGGAx,10X_17_028,Immature Neuron,DCX,11,15,11,15,True,0.4282281398773193
10X_17_028:GCTGCAGCAAGTCTACx,10X_17_028,Neuron,DCX,13,15,11,15,False,
10X_17_028:GCTTGAATCATCGGATx,10X_17_028,Immature Neuron,DCX,12,15,11,15,False,
10X_17_028:GCTTCCAGTTCTCATTx,10X_17_028,Immature Neuron,DCX,13,15,11,15,False,
10X_17_028:GGAATAAGTCTGATCAx,10X_17_028,Neuron,DCX,12,15,11,15,False,
10X_17_028:GGACAAGGTTTGACTGx,10X_17_028,Neuron,DCX,11,15,11,15,True,0.6201168298721313
10X_17_028:GGACAGAAGACATAACx,10X_17_028,Immature Neuron,DCX,12,15,11,15,False,
10X_17_028:GCTGGGTGTCCAGTATx,10X_17_028,Immature Neuron,DCX,14,15,11,15,False,
10X_17_028:GGACAGAGTTTGTTTCx,10X_17_028,Neuron,DCX,11,15,11,15,True,0.6375230550765991
10X_17_028:GGCAATTGTCACACGCx,10X_17_028,Immature Neuron,DCX,13,15,11,15,False,
10X_17_028:GGAGCAATCTTTACGTx,10X_17_028,Immature Neuron,DCX,12,15,11,15,False,
10X_17_028:GGCCGATCATGAACCTx,10X_17_028,Immature Neuron,DCX,12,15,11,15,False,
10X_17_028:GGCAATTGTGATGATAx,10X_17_028,Immature Neuron,DCX,12,15,11,15,False,
10X_17_028:GGATTACGTAGGCATGx,10X_17_028,Immature Neuron,DCX,12,15,11,15,False,
10X_17_028:GGCAATTTCTCGCTTGx,10X_17_028,Immature Neuron,DCX,13,15,11,15,False,
10X_17_028:GGAGCAAGTGATAAGTx,10X_17_028,Immature Neuron,DCX,14,15,11,15,False,
10X_17_028:GGGAGATGTTTGGCGCx,10X_17_028,Immature Neuron,DCX,13,15,11,15,False,
10X_17_028:GGCGTGTCACAGACAGx,10X_17_028,Immature Neuron,DCX,13,15,11,15,False,
10X_17_028:GGCTGGTGTTAGGGTGx,10X_17_028,Immature Neuron,DCX,12,15,11,15,False,
10X_17_028:GGGCACTAGTACGCGAx,10X_17_028,Immature Neuron,DCX,13,15,11,15,False,
10X_17_028:GGGAGATCATTCCTCGx,10X_17_028,Immature Neuron,DCX,13,15,11,15,False,
10X_17_028:GGGAGATGTGCTCTTCx,10X_17_028,Immature Neuron,DCX,12,15,11,15,False,
10X_17_028:GGCGTGTTCTGGGCCAx,10X_17_028,Immature Neuron,DCX,12,15,11,15,False,
10X_17_028:GGGAATGCAATAACGAx,10X_17_028,Immature Neuron,DCX,13,15,11,15,False,
10X_17_028:GGGAGATCAGCCTTTCx,10X_17_028,Immature Neuron,DCX,12,15,11,15,False,
10X_17_028:GGGCACTAGAGGTTGCx,10X_17_028,Neuron,DCX,13,15,11,15,False,
10X_17_028:GGTGTTATCTGCGTAAx,10X_17_028,Immature Neuron,DCX,12,15,11,15,False,
10X_17_028:GTAACGTGTGGCCCTAx,10X_17_028,Immature Neuron,DCX,12,15,11,15,False,
10X_17_028:GGGTCTGTCTAACTCTx,10X_17_028,Immature Neuron,DCX,11,15,11,15,True,0.4143469333648681
10X_17_028:GGTATTGTCTCCCTGAx,10X_17_028,Neuron,DCX,10,15,11,15,False,
10X_17_028:GTATTCTCAGGGAGAGx,10X_17_028,Neuron,DCX,9,15,11,15,False,
10X_17_028:GTACTCCGTGATAAGTx,10X_17_028,Neuron,DCX,12,15,11,15,False,
10X_17_028:GTAACTGCATCATCCCx,10X_17_028,Immature Neuron,DCX,12,15,11,15,False,
10X_17_028:GTATTCTCATCGTCGGx,10X_17_028,Immature Neuron,DCX,12,15,11,15,False,
10X_17_028:GTATCTTCACATAACCx,10X_17_028,Immature Neuron,DCX,11,15,11,15,True,0.4453303813934326
10X_17_028:GTAGGCCGTCGCGAAAx,10X_17_028,Immature Neuron,DCX,13,15,11,15,False,
10X_17_028:GTAGTCAAGCCGATTTx,10X_17_028,Immature Neuron,DCX,13,15,11,15,False,
10X_17_028:GTAGTCAGTCGCCATGx,10X_17_028,Immature Neuron,DCX,13,15,11,15,False,
10X_17_028:GTAACTGTCTCCTATAx,10X_17_028,Neuron,DCX,13,15,11,15,False,
10X_17_028:GTAGGCCGTTTGTTGGx,10X_17_028,Immature Neuron,DCX,13,15,11,15,False,
10X_17_028:GTCAAGTTCTGGCGACx,10X_17_028,Immature Neuron,DCX,13,15,11,15,False,
10X_17_028:GTCCTCATCACGACTAx,10X_17_028,Immature Neuron,DCX,13,15,11,15,False,
10X_17_028:GTCGGGTGTCGGCTCAx,10X_17_028,Immature Neuron,DCX,12,15,11,15,False,
10X_17_028:GTCACAAGTCGAAAGCx,10X_17_028,Neuron,DCX,12,15,11,15,False,
10X_17_028:GTCACGGGTCATATCGx,10X_17_028,Immature Neuron,DCX,13,15,11,15,False,
10X_17_028:GTCACAAGTCCAGTTAx,10X_17_028,Immature Neuron,DCX,13,15,11,15,False,
10X_17_028:GTCCTCACACTCGACGx,10X_17_028,Neuron,DCX,12,15,11,15,False,
10X_17_028:GTCCTCAAGTACTTGCx,10X_17_028,Immature Neuron,DCX,9,15,11,15,False,
10X_17_028:GTCCTCAAGATATGCAx,10X_17_028,Immature Neuron,DCX,14,15,11,15,False,
10X_17_028:GTCCTCAGTAGATTAGx,10X_17_028,Neuron,DCX,12,15,11,15,False,
10X_17_028:GTCACGGCAGGTCGTCx,10X_17_028,Neuron,DCX,13,15,11,15,False,
10X_17_028:GTGAAGGCATGACGGAx,10X_17_028,Immature Neuron,DCX,13,15,11,15,False,
10X_17_028:GTGAAGGCACGAGAGTx,10X_17_028,Immature Neuron,DCX,11,15,11,15,True,0.504759669303894
10X_17_028:GTGCTTCAGGCGATACx,10X_17_028,Immature Neuron,DCX,10,15,11,15,False,
10X_17_028:GTGCGGTCAAACGCGAx,10X_17_028,Immature Neuron,DCX,12,15,11,15,False,
10X_17_028:GTGCTTCGTGGACGATx,10X_17_028,Neuron,DCX,11,15,11,15,True,0.614896297454834
10X_17_028:GTGCTTCAGAGACGAAx,10X_17_028,Neuron,DCX,13,15,11,15,False,
10X_17_028:GTGCAGCAGATCCCGCx,10X_17_028,Immature Neuron,DCX,12,15,11,15,False,
10X_17_028:GTGGGTCGTCGTCTTCx,10X_17_028,Immature Neuron,DCX,13,15,11,15,False,
10X_17_028:GTGGGTCAGGAATTACx,10X_17_028,Immature Neuron,DCX,13,15,11,15,False,
10X_17_028:GTGAAGGAGGCATTGGx,10X_17_028,Neuron,DCX,11,15,11,15,True,0.6256358027458191
10X_17_028:GTGCTTCTCAGCACATx,10X_17_028,Immature Neuron,DCX,12,15,11,15,False,
10X_17_028:GTGGGTCGTGTAACGGx,10X_17_028,Immature Neuron,DCX,11,15,11,15,True,0.4620014429092407
10X_17_028:GTGTTAGAGCGTGTCCx,10X_17_028,Immature Neuron,DCX,13,15,11,15,False,
10X_17_028:GTGTTAGCATGGAATAx,10X_17_028,Immature Neuron,DCX,13,15,11,15,False,
10X_17_028:GTTAAGCAGGAGTACCx,10X_17_028,Neuron,DCX,12,15,11,15,False,
10X_17_028:GTGTGCGGTCCGACGTx,10X_17_028,Neuron,DCX,11,15,11,15,True,0.6389337778091431
10X_17_028:GTTCATTCATCTACGAx,10X_17_028,Neuron,DCX,13,15,11,15,False,
10X_17_028:GTTCATTGTTCCACGGx,10X_17_028,Immature Neuron,DCX,13,15,11,15,False,
10X_17_028:GTGTGCGCAATGTTGCx,10X_17_028,Immature Neuron,DCX,12,15,11,15,False,
10X_17_028:TAAGAGAGTAGAAAGGx,10X_17_028,Immature Neuron,DCX,13,15,11,15,False,
10X_17_028:GTGTGCGCAGCTATTGx,10X_17_028,Immature Neuron,DCX,12,15,11,15,False,
10X_17_028:GTTAAGCGTAGCGTCCx,10X_17_028,Immature Neuron,DCX,12,15,11,15,False,
10X_17_028:GTTTCTAGTTAGATGAx,10X_17_028,Immature Neuron,DCX,12,15,11,15,False,
10X_17_028:GTTACAGTCAGCTCTCx,10X_17_028,Immature Neuron,DCX,13,15,11,15,False,
10X_17_028:GTGTGCGGTTAAGTAGx,10X_17_028,Immature Neuron,DCX,11,15,11,15,True,0.531688928604126
10X_17_028:TACACGAAGCAGATCGx,10X_17_028,Immature Neuron,DCX,13,15,11,15,False,
10X_17_028:TACAGTGCAGCCTATAx,10X_17_028,Immature Neuron,DCX,13,15,11,15,False,
10X_17_028:TACAGTGGTGAGTATAx,10X_17_028,Neuron,DCX,11,15,11,15,True,0.5872849225997925
10X_17_028:TACCTTAGTACACCGCx,10X_17_028,Immature Neuron,DCX,13,15,11,15,False,
10X_17_028:TACGGGCTCACAGGCCx,10X_17_028,Neuron,DCX,13,15,11,15,False,
10X_17_028:TAAGAGAGTATAGTAGx,10X_17_028,Immature Neuron,DCX,12,15,11,15,False,
10X_17_028:TAAGTGCTCGCATGATx,10X_17_028,Neuron,DCX,13,15,11,15,False,
10X_17_028:TACGGATCAGATCGGAx,10X_17_028,Immature Neuron,DCX,12,15,11,15,False,
10X_17_028:TACCTTATCCGGGTGTx,10X_17_028,Immature Neuron,DCX,13,15,11,15,False,
10X_17_028:TAAGTGCAGAGACTATx,10X_17_028,Immature Neuron,DCX,12,15,11,15,False,
10X_17_028:TACACGAGTTCCACGGx,10X_17_028,Neuron,DCX,12,15,11,15,False,
10X_17_028:TACCTTAAGTCATCCAx,10X_17_028,Immature Neuron,DCX,12,15,11,15,False,
10X_17_028:TACAGTGAGACCCACCx,10X_17_028,Neuron,DCX,13,15,11,15,False,
10X_17_028:TAAGTGCAGGATGTATx,10X_17_028,Immature Neuron,DCX,12,15,11,15,False,
10X_17_028:TACTTACAGATGCCAGx,10X_17_028,Immature Neuron,DCX,12,15,11,15,False,
10X_17_028:TACTCATTCTTACCTAx,10X_17_028,Immature Neuron,DCX,10,15,11,15,False,
10X_17_028:TACTCGCCAGTACACTx,10X_17_028,Immature Neuron,DCX,12,15,11,15,False,
10X_17_028:TACTTGTCATGATCCAx,10X_17_028,Immature Neuron,DCX,13,15,11,15,False,
10X_17_028:TACTCATGTAATCACCx,10X_17_028,Immature Neuron,DCX,11,15,11,15,True,0.4828892946243286
10X_17_028:TAGACCAAGAGTAATCx,10X_17_028,Immature Neuron,DCX,12,15,11,15,False,
10X_17_028:TAGACCATCGGCTACGx,10X_17_028,Immature Neuron,DCX,13,15,11,15,False,
10X_17_028:TACTCATAGTGCGTGAx,10X_17_028,Immature Neuron,DCX,12,15,11,15,False,
10X_17_028:TACTCGCTCGTAGATCx,10X_17_028,Immature Neuron,DCX,13,15,11,15,False,
10X_17_028:TAGACCAGTAAAGGAGx,10X_17_028,Immature Neuron,DCX,12,15,11,15,False,
10X_17_028:TACTCATTCTCGTATTx,10X_17_028,Immature Neuron,DCX,11,15,11,15,True,0.4494191408157348
10X_17_028:TATGCCCAGAAGATTCx,10X_17_028,Immature Neuron,DCX,14,15,11,15,False,
10X_17_028:TAGTGGTTCCAAGCCGx,10X_17_028,Immature Neuron,DCX,13,15,11,15,False,
10X_17_028:TAGCCGGGTTCCAACAx,10X_17_028,Neuron,DCX,11,15,11,15,True,0.5911558270454407
10X_17_028:TATGCCCGTACAGTGGx,10X_17_028,Immature Neuron,DCX,13,15,11,15,False,
10X_17_028:TATCTCAAGGTGCAACx,10X_17_028,Neuron,DCX,12,15,11,15,False,
10X_17_028:TAGGCATAGATAGGAGx,10X_17_028,Immature Neuron,DCX,13,15,11,15,False,
10X_17_028:TCAGATGCACTTCGAAx,10X_17_028,Immature Neuron,DCX,14,15,11,15,False,
10X_17_028:TCAGGATCAGGACCCTx,10X_17_028,Immature Neuron,DCX,11,15,11,15,True,0.42064368724823
10X_17_028:TCAATCTGTAAGGATTx,10X_17_028,Neuron,DCX,12,15,11,15,False,
10X_17_028:TCAGATGCAGTAACGGx,10X_17_028,Immature Neuron,DCX,13,15,11,15,False,
10X_17_028:TCAGGTACAAGCCGTCx,10X_17_028,Neuron,DCX,13,15,11,15,False,
10X_17_028:TCAATCTTCCAGTAGTx,10X_17_028,Immature Neuron,DCX,12,15,11,15,False,
10X_17_028:TCAGGTACAGCCTTGGx,10X_17_028,Immature Neuron,DCX,13,15,11,15,False,
10X_17_028:TCAGCAAGTACCGTATx,10X_17_028,Immature Neuron,DCX,12,15,11,15,False,
10X_17_028:TCAGGATAGCGAGAAAx,10X_17_028,Immature Neuron,DCX,12,15,11,15,False,
10X_17_028:TCAGGTAGTAAAGTCAx,10X_17_028,Immature Neuron,DCX,12,15,11,15,False,
10X_17_028:TCAGGTAGTATAATGGx,10X_17_028,Neuron,DCX,12,15,11,15,False,
10X_17_028:TCGGGACAGCCACGTCx,10X_17_028,Immature Neuron,DCX,11,15,11,15,True,0.4943618178367615
10X_17_028:TCCCGATGTACTTAGCx,10X_17_028,Neuron,DCX,12,15,11,15,False,
10X_17_028:TCATTTGGTTCTGAACx,10X_17_028,Immature Neuron,DCX,13,15,11,15,False,
10X_17_028:TCCCGATCATCGATGTx,10X_17_028,Immature Neuron,DCX,12,15,11,15,False,
10X_17_028:TCATTACTCTTTAGTCx,10X_17_028,Immature Neuron,DCX,11,15,11,15,True,0.5153675079345703
10X_17_028:TCCACACTCGTCGTTCx,10X_17_028,Immature Neuron,DCX,11,15,11,15,True,0.3987082242965698
10X_17_028:TCATTTGTCGTTGACAx,10X_17_028,Immature Neuron,DCX,12,15,11,15,False,
10X_17_028:TCGCGTTGTGCAACTTx,10X_17_028,Immature Neuron,DCX,12,15,11,15,False,
10X_17_028:TCTCTAAGTCCAACTAx,10X_17_028,Neuron,DCX,9,15,11,15,False,
10X_17_028:TCTCATAAGCCAGTTTx,10X_17_028,Immature Neuron,DCX,11,15,11,15,True,0.4673278331756592
10X_17_028:TCTCATACAAGTTAAGx,10X_17_028,Neuron,DCX,12,15,11,15,False,
10X_17_028:TCTCTAAAGGGTTTCTx,10X_17_028,Immature Neuron,DCX,10,15,11,15,False,
10X_17_028:TCTGAGATCCCGACTTx,10X_17_028,Neuron,DCX,12,15,11,15,False,
10X_17_028:TCTGAGATCGGAGCAAx,10X_17_028,Immature Neuron,DCX,13,15,11,15,False,
10X_17_028:TCTCTAAAGCCAGTTTx,10X_17_028,Immature Neuron,DCX,11,15,11,15,True,0.4472537636756897
10X_17_028:TCTGGAATCAGCATGTx,10X_17_028,Immature Neuron,DCX,14,15,11,15,False,
10X_17_028:TCTGAGACAAACCTACx,10X_17_028,Neuron,DCX,12,15,11,15,False,
10X_17_028:TCTCTAACACGAAATAx,10X_17_028,Immature Neuron,DCX,12,15,11,15,False,
10X_17_028:TCTGGAACATCATCCCx,10X_17_028,Neuron,DCX,13,15,11,15,False,
10X_17_028:TGAGAGGCAAATACAGx,10X_17_028,Immature Neuron,DCX,12,15,11,15,False,
10X_17_028:TGACAACTCTATGTGGx,10X_17_028,Immature Neuron,DCX,12,15,11,15,False,
10X_17_028:TGACGGCCAATGTTGCx,10X_17_028,Immature Neuron,DCX,9,15,11,15,False,
10X_17_028:TGACAACTCTCAAACGx,10X_17_028,Immature Neuron,DCX,13,15,11,15,False,
10X_17_028:TGAGAGGAGCGGCTTCx,10X_17_028,Immature Neuron,DCX,12,15,11,15,False,
10X_17_028:TCTTCGGTCTCCCTGAx,10X_17_028,Neuron,DCX,12,15,11,15,False,
10X_17_028:TGCCCATCATAGGATAx,10X_17_028,Immature Neuron,DCX,13,15,11,15,False,
10X_17_028:TGAGGGATCTGTCTCGx,10X_17_028,Immature Neuron,DCX,12,15,11,15,False,
10X_17_028:TGCCAAAAGAGCCCAAx,10X_17_028,Immature Neuron,DCX,14,15,11,15,False,
10X_17_028:TGAGGGACACGTAAGGx,10X_17_028,Neuron,DCX,8,15,11,15,False,
10X_17_028:TGAGGGAGTGCTTCTCx,10X_17_028,Neuron,DCX,11,15,11,15,True,0.591318666934967
10X_17_028:TGATTTCGTGACGCCTx,10X_17_028,Immature Neuron,DCX,12,15,11,15,False,
10X_17_028:TGAGGGATCGGTCCGAx,10X_17_028,Immature Neuron,DCX,12,15,11,15,False,
10X_17_028:TGAGGGAGTGTAAGTAx,10X_17_028,Immature Neuron,DCX,13,15,11,15,False,
10X_17_028:TGCACCTGTGAGGCTAx,10X_17_028,Neuron,DCX,10,15,11,15,False,
10X_17_028:TGCCAAAAGATGCCAGx,10X_17_028,Immature Neuron,DCX,13,15,11,15,False,
10X_17_028:TGGCCAGCAAACGCGAx,10X_17_028,Immature Neuron,DCX,13,15,11,15,False,
10X_17_028:TGCTACCTCGATGAGGx,10X_17_028,Neuron,DCX,11,15,11,15,True,0.6253942251205444
10X_17_028:TGCGCAGCAACGCACCx,10X_17_028,Immature Neuron,DCX,12,15,11,15,False,
10X_17_028:TGCGTGGGTAGGCATGx,10X_17_028,Immature Neuron,DCX,10,15,11,15,False,
10X_17_028:TGCTACCAGTGCAAGCx,10X_17_028,Immature Neuron,DCX,13,15,11,15,False,
10X_17_028:TGCTGCTAGACTAGATx,10X_17_028,Immature Neuron,DCX,13,15,11,15,False,
10X_17_028:TGGGCGTTCTGCAGTAx,10X_17_028,Neuron,DCX,12,15,11,15,False,
10X_17_028:TGGCTGGTCTGTTGAGx,10X_17_028,Immature Neuron,DCX,12,15,11,15,False,
10X_17_028:TGGCGCACATGTTGACx,10X_17_028,Neuron,DCX,11,15,11,15,True,0.5071704983711243
10X_17_028:TGGGAAGTCAGGCCCAx,10X_17_028,Immature Neuron,DCX,12,15,11,15,False,
10X_17_028:TGGTTCCCATATGGTCx,10X_17_028,Neuron,DCX,12,15,11,15,False,
10X_17_028:TGGCGCATCCATTCTAx,10X_17_028,Neuron,DCX,12,15,11,15,False,
10X_17_028:TGTATTCGTTACGTCAx,10X_17_028,Immature Neuron,DCX,14,15,11,15,False,
10X_17_028:TGGGCGTTCACGCATAx,10X_17_028,Neuron,DCX,13,15,11,15,False,
10X_17_028:TGTTCCGGTTTAAGCCx,10X_17_028,Immature Neuron,DCX,13,15,11,15,False,
10X_17_028:TGTGGTATCCTTTCGGx,10X_17_028,Immature Neuron,DCX,11,15,11,15,True,0.5187010169029236
10X_17_028:TGTTCCGCAGGACCCTx,10X_17_028,Immature Neuron,DCX,13,15,11,15,False,
10X_17_028:TTAGTTCAGAATTGTGx,10X_17_028,Neuron,DCX,13,15,11,15,False,
10X_17_028:TGTGGTATCGCCATAAx,10X_17_028,Immature Neuron,DCX,13,15,11,15,False,
10X_17_028:TTAGTTCAGTACGCCCx,10X_17_028,Immature Neuron,DCX,11,15,11,15,True,0.4796708226203918
10X_17_028:TGTGTTTCATACCATGx,10X_17_028,Neuron,DCX,13,15,11,15,False,
10X_17_028:TTAGTTCGTCCCTACTx,10X_17_028,Neuron,DCX,13,15,11,15,False,
10X_17_028:TTAGGCATCAGTACGTx,10X_17_028,Immature Neuron,DCX,13,15,11,15,False,
10X_17_028:TTCGGTCCATTACCTTx,10X_17_028,Neuron,DCX,13,15,11,15,False,
10X_17_028:TTCTCAATCGACCAGCx,10X_17_028,Immature Neuron,DCX,13,15,11,15,False,
10X_17_028:TTCTCAACACCCAGTGx,10X_17_028,Immature Neuron,DCX,13,15,11,15,False,
10X_17_028:TTCTCAAGTTTAAGCCx,10X_17_028,Immature Neuron,DCX,12,15,11,15,False,
10X_17_028:TTCTTAGGTTCCCGAGx,10X_17_028,Immature Neuron,DCX,12,15,11,15,False,
10X_17_028:TTGAACGGTTCGTGATx,10X_17_028,Immature Neuron,DCX,14,15,11,15,False,
10X_17_028:TTGAACGTCGTATCAGx,10X_17_028,Neuron,DCX,13,15,11,15,False,
10X_17_028:TTTACTGGTCGGCACTx,10X_17_028,Immature Neuron,DCX,13,15,11,15,False,
10X_17_028:TTGCCGTTCCTTTCGGx,10X_17_028,Immature Neuron,DCX,12,15,11,15,False,
10X_17_028:TTGCGTCCAAATTGCCx,10X_17_028,Neuron,DCX,12,15,11,15,False,
10X_17_028:TTTGTCATCTGCCCTAx,10X_17_028,Neuron,DCX,12,15,11,15,False,
10X_17_028:TTTGTCACAGACGCCTx,10X_17_028,Immature Neuron,DCX,12,15,11,15,False,
10X_17_028:TTTCCTCTCGACAGCCx,10X_17_028,Immature Neuron,DCX,11,15,11,15,True,0.4285861253738403
10X_17_029:AAACGGGAGATTACCCx,10X_17_029,Neuron,DCX,12,15,11,15,False,
10X_17_029:AAATGCCTCTAACTCTx,10X_17_029,Immature Neuron,DCX,12,15,11,15,False,
10X_17_029:AACACGTAGGTAGCCAx,10X_17_029,Immature Neuron,DCX,13,15,11,15,False,
10X_17_029:AACTCTTCAGACAGGTx,10X_17_029,Immature Neuron,DCX,11,15,11,15,True,0.4578632116317749
10X_17_029:AACACGTCATTACGACx,10X_17_029,Immature Neuron,DCX,12,15,11,15,False,
10X_17_029:AAACGGGTCGCTAGCGx,10X_17_029,Immature Neuron,DCX,12,15,11,15,False,
10X_17_029:AACTCAGTCACTATTCx,10X_17_029,Immature Neuron,DCX,12,15,11,15,False,
10X_17_029:AAGCCGCGTCCGACGTx,10X_17_029,Immature Neuron,DCX,12,15,11,15,False,
10X_17_029:AATCCAGAGTACATGAx,10X_17_029,Neuron,DCX,13,15,11,15,False,
10X_17_029:ACAGCCGTCTTCGGTCx,10X_17_029,Immature Neuron,DCX,12,15,11,15,False,
10X_17_029:ACAGCCGAGCTGAAATx,10X_17_029,Immature Neuron,DCX,12,15,11,15,False,
10X_17_029:AATCCAGCAGACGCTCx,10X_17_029,Immature Neuron,DCX,13,15,11,15,False,
10X_17_029:AAGGAGCCAGATTGCTx,10X_17_029,Neuron,DCX,11,15,11,15,True,0.5910120606422424
10X_17_029:AAGGTTCAGGAGCGTTx,10X_17_029,Immature Neuron,DCX,13,15,11,15,False,
10X_17_029:AAGTCTGAGCAAATCAx,10X_17_029,Immature Neuron,DCX,11,15,11,15,True,0.4693368673324585
10X_17_029:AAGGCAGCAAGACGTGx,10X_17_029,Neuron,DCX,12,15,11,15,False,
10X_17_029:ACGCCAGAGACAAAGGx,10X_17_029,Immature Neuron,DCX,12,15,11,15,False,
10X_17_029:ACCAGTATCGGTTCGGx,10X_17_029,Immature Neuron,DCX,14,15,11,15,False,
10X_17_029:ACCTTTAAGTATTGGAx,10X_17_029,Immature Neuron,DCX,11,15,11,15,True,0.4353408813476562
10X_17_029:ACGAGCCCATACGCCGx,10X_17_029,Neuron,DCX,12,15,11,15,False,
10X_17_029:ACGATGTGTCTCCACTx,10X_17_029,Immature Neuron,DCX,12,15,11,15,False,
10X_17_029:ACCTTTAAGCAGATCGx,10X_17_029,Immature Neuron,DCX,12,15,11,15,False,
10X_17_029:ACGGGTCCATCACGTAx,10X_17_029,Immature Neuron,DCX,13,15,11,15,False,
10X_17_029:ACTTTCACACCCATTCx,10X_17_029,Immature Neuron,DCX,13,15,11,15,False,
10X_17_029:ACTTGTTGTTTGACTGx,10X_17_029,Immature Neuron,DCX,13,15,11,15,False,
10X_17_029:ACTGTCCTCACTTCATx,10X_17_029,Immature Neuron,DCX,13,15,11,15,False,
10X_17_029:ACGGGTCTCGACGGAAx,10X_17_029,Neuron,DCX,11,15,11,15,True,0.550599992275238
10X_17_029:AGCCTAAAGCGTGAACx,10X_17_029,Neuron,DCX,11,15,11,15,True,0.6151268482208252
10X_17_029:AGCGTATGTATAGGGCx,10X_17_029,Immature Neuron,DCX,12,15,11,15,False,
10X_17_029:AGCGTATGTGACAAATx,10X_17_029,Immature Neuron,DCX,10,15,11,15,False,
10X_17_029:AGATTGCTCCTACAGAx,10X_17_029,Immature Neuron,DCX,12,15,11,15,False,
10X_17_029:AGCGTCGCACTCGACGx,10X_17_029,Immature Neuron,DCX,14,15,11,15,False,
10X_17_029:AGCAGCCAGTCTCGGCx,10X_17_029,Immature Neuron,DCX,13,15,11,15,False,
10X_17_029:AGATTGCTCCGAGCCAx,10X_17_029,Immature Neuron,DCX,12,15,11,15,False,
10X_17_029:AGCCTAACATGGGACAx,10X_17_029,Immature Neuron,DCX,13,15,11,15,False,
10X_17_029:AGACGTTAGATGGCGTx,10X_17_029,Immature Neuron,DCX,12,15,11,15,False,
10X_17_029:AGCATACCAATGAAACx,10X_17_029,Neuron,DCX,12,15,11,15,False,
10X_17_029:AGCTCCTAGAAACCTAx,10X_17_029,Neuron,DCX,12,15,11,15,False,
10X_17_029:AGCAGCCAGCCATCGCx,10X_17_029,Neuron,DCX,10,15,11,15,False,
10X_17_029:AGCTCCTCATGGGACAx,10X_17_029,Immature Neuron,DCX,11,15,11,15,True,0.4317569732666015
10X_17_029:AGGGTGAAGCGCTTATx,10X_17_029,Neuron,DCX,11,15,11,15,True,0.5973163843154907
10X_17_029:AGGGTGACAATGGACGx,10X_17_029,Immature Neuron,DCX,11,15,11,15,True,0.4698411822319031
10X_17_029:AGGTCATGTTGGTTTGx,10X_17_029,Immature Neuron,DCX,12,15,11,15,False,
10X_17_029:AGCTCTCGTAAGTGGCx,10X_17_029,Immature Neuron,DCX,14,15,11,15,False,
10X_17_029:AGGGATGAGTCATGCTx,10X_17_029,Neuron,DCX,12,15,11,15,False,
10X_17_029:AGGGATGTCTTGAGGTx,10X_17_029,Immature Neuron,DCX,12,15,11,15,False,
10X_17_029:AGGGAGTGTCACAAGGx,10X_17_029,Immature Neuron,DCX,13,15,11,15,False,
10X_17_029:AGGTCCGAGTCCAGGAx,10X_17_029,Immature Neuron,DCX,13,15,11,15,False,
10X_17_029:AGTGAGGAGAACTCGGx,10X_17_029,Immature Neuron,DCX,13,15,11,15,False,
10X_17_029:AGGCCACGTGACGCCTx,10X_17_029,Neuron,DCX,13,15,11,15,False,
10X_17_029:AGTGTCAGTTCGCTAAx,10X_17_029,Immature Neuron,DCX,11,15,11,15,True,0.4934258460998535
10X_17_029:AGTTGGTGTCTAGAGGx,10X_17_029,Immature Neuron,DCX,13,15,11,15,False,
10X_17_029:ATAAGAGAGTCTTGCAx,10X_17_029,Immature Neuron,DCX,12,15,11,15,False,
10X_17_029:ATAAGAGTCTACCAGAx,10X_17_029,Immature Neuron,DCX,13,15,11,15,False,
10X_17_029:ATGCGATAGACTTTCGx,10X_17_029,Immature Neuron,DCX,13,15,11,15,False,
10X_17_029:ATCTGCCAGTCTCCTCx,10X_17_029,Immature Neuron,DCX,10,15,11,15,False,
10X_17_029:AGTGTCAGTCCGCTGAx,10X_17_029,Immature Neuron,DCX,12,15,11,15,False,
10X_17_029:ATAACGCGTCGAACAGx,10X_17_029,Immature Neuron,DCX,12,15,11,15,False,
10X_17_029:ATCATGGCACCTGGTGx,10X_17_029,Neuron,DCX,11,15,11,15,True,0.5920023918151855
10X_17_029:ATCATCTTCCCAGGTGx,10X_17_029,Neuron,DCX,11,15,11,15,True,0.6211128234863281
10X_17_029:ATAGACCTCATGCTCCx,10X_17_029,Immature Neuron,DCX,10,15,11,15,False,
10X_17_029:ATCTGCCAGCTCAACTx,10X_17_029,Immature Neuron,DCX,12,15,11,15,False,
10X_17_029:ATTCTACTCTCTAGGAx,10X_17_029,Immature Neuron,DCX,13,15,11,15,False,
10X_17_029:CAACCTCCACGTAAGGx,10X_17_029,Immature Neuron,DCX,13,15,11,15,False,
10X_17_029:ATTTCTGGTCGGCTCAx,10X_17_029,Neuron,DCX,12,15,11,15,False,
10X_17_029:ATGGGAGGTTTGTGTGx,10X_17_029,Immature Neuron,DCX,13,15,11,15,False,
10X_17_029:CACAAACCACTATCTTx,10X_17_029,Neuron,DCX,13,15,11,15,False,
10X_17_029:ATTACTCCATTCGACAx,10X_17_029,Immature Neuron,DCX,12,15,11,15,False,
10X_17_029:CAACCAACAGGCGATAx,10X_17_029,Immature Neuron,DCX,12,15,11,15,False,
10X_17_029:CAAGGCCAGGTGCTAGx,10X_17_029,Immature Neuron,DCX,13,15,11,15,False,
10X_17_029:CAGAGAGCATCGGACCx,10X_17_029,Immature Neuron,DCX,12,15,11,15,False,
10X_17_029:CACCTTGCAGGTTTCAx,10X_17_029,Immature Neuron,DCX,12,15,11,15,False,
10X_17_029:CAGCAGCGTACCGCTGx,10X_17_029,Immature Neuron,DCX,13,15,11,15,False,
10X_17_029:CACACCTCACACCGCAx,10X_17_029,Neuron,DCX,12,15,11,15,False,
10X_17_029:CACACAAGTGTCTGATx,10X_17_029,Neuron,DCX,11,15,11,15,True,0.5924816727638245
10X_17_029:CACCACTCACCAACCGx,10X_17_029,Immature Neuron,DCX,12,15,11,15,False,
10X_17_029:CACACAACAAGCCCACx,10X_17_029,Neuron,DCX,12,15,11,15,False,
10X_17_029:CAGCAGCCACCGAAAGx,10X_17_029,Immature Neuron,DCX,13,15,11,15,False,
10X_17_029:CACTCCAGTGAACCTTx,10X_17_029,Neuron,DCX,12,15,11,15,False,
10X_17_029:CAGATCATCATCGGATx,10X_17_029,Immature Neuron,DCX,14,15,11,15,False,
10X_17_029:CACACCTTCTCGCATCx,10X_17_029,Neuron,DCX,11,15,11,15,True,0.561542272567749
10X_17_029:CACATAGAGCCTTGATx,10X_17_029,Neuron,DCX,11,15,11,15,True,0.6049220561981201
10X_17_029:CAGAATCGTCACAAGGx,10X_17_029,Immature Neuron,DCX,13,15,11,15,False,
10X_17_029:CACACAACAGATGGCAx,10X_17_029,Immature Neuron,DCX,14,15,11,15,False,
10X_17_029:CAGCTAACAAATACAGx,10X_17_029,Immature Neuron,DCX,13,15,11,15,False,
10X_17_029:CATATTCCAGTAACGGx,10X_17_029,Immature Neuron,DCX,13,15,11,15,False,
10X_17_029:CAGTAACTCAACCATGx,10X_17_029,Immature Neuron,DCX,12,15,11,15,False,
10X_17_029:CAGCGACAGCGATAGCx,10X_17_029,Neuron,DCX,13,15,11,15,False,
10X_17_029:CAGTCCTTCCAAACTGx,10X_17_029,Immature Neuron,DCX,12,15,11,15,False,
10X_17_029:CATATTCCATGACATCx,10X_17_029,Immature Neuron,DCX,12,15,11,15,False,
10X_17_029:CAGGTGCAGACTACAAx,10X_17_029,Neuron,DCX,12,15,11,15,False,
10X_17_029:CAGGTGCGTACTCGCGx,10X_17_029,Neuron,DCX,12,15,11,15,False,
10X_17_029:CATCAAGCATGTCGATx,10X_17_029,Immature Neuron,DCX,12,15,11,15,False,
10X_17_029:CATATTCCAGGAATCGx,10X_17_029,Immature Neuron,DCX,13,15,11,15,False,
10X_17_029:CAGCTAATCTTGAGACx,10X_17_029,Immature Neuron,DCX,12,15,11,15,False,
10X_17_029:CAGCGACCAACTGGCCx,10X_17_029,Neuron,DCX,12,15,11,15,False,
10X_17_029:CAGTAACTCACCAGGCx,10X_17_029,Immature Neuron,DCX,12,15,11,15,False,
10X_17_029:CATCAGATCGGAGGTAx,10X_17_029,Neuron,DCX,11,15,11,15,True,0.5924221277236938
10X_17_029:CCACGGAAGGGTCTCCx,10X_17_029,Immature Neuron,DCX,14,15,11,15,False,
10X_17_029:CATTATCAGCAGACTGx,10X_17_029,Immature Neuron,DCX,13,15,11,15,False,
10X_17_029:CATGCCTGTTTAAGCCx,10X_17_029,Immature Neuron,DCX,12,15,11,15,False,
10X_17_029:CATCAGAAGCGTTTACx,10X_17_029,Neuron,DCX,12,15,11,15,False,
10X_17_029:CCAATCCAGTTGAGATx,10X_17_029,Neuron,DCX,11,15,11,15,True,0.5450892448425293
10X_17_029:CATTCGCCACTTACGAx,10X_17_029,Neuron,DCX,12,15,11,15,False,
10X_17_029:CCAATCCCAGGAACGTx,10X_17_029,Neuron,DCX,12,15,11,15,False,
10X_17_029:CATGGCGGTCCAGTATx,10X_17_029,Immature Neuron,DCX,13,15,11,15,False,
10X_17_029:CCACTACGTGATGTCTx,10X_17_029,Immature Neuron,DCX,12,15,11,15,False,
10X_17_029:CCGTTCATCGGATGTTx,10X_17_029,Immature Neuron,DCX,12,15,11,15,False,
10X_17_029:CCCAATCAGACTACAAx,10X_17_029,Immature Neuron,DCX,13,15,11,15,False,
10X_17_029:CCCTCCTAGCACCGCTx,10X_17_029,Immature Neuron,DCX,12,15,11,15,False,
10X_17_029:CCCTCCTTCATGCTCCx,10X_17_029,Neuron,DCX,12,15,11,15,False,
10X_17_029:CCGTTCATCCGCATCTx,10X_17_029,Immature Neuron,DCX,12,15,11,15,False,
10X_17_029:CCATTCGCAAAGCGGTx,10X_17_029,Immature Neuron,DCX,12,15,11,15,False,
10X_17_029:CCGTACTAGATGTGGCx,10X_17_029,Immature Neuron,DCX,13,15,11,15,False,
10X_17_029:CCATGTCGTACTTAGCx,10X_17_029,Immature Neuron,DCX,12,15,11,15,False,
10X_17_029:CCCATACTCCCGGATGx,10X_17_029,Immature Neuron,DCX,12,15,11,15,False,
10X_17_029:CCCTCCTGTCTCATCCx,10X_17_029,Neuron,DCX,13,15,11,15,False,
10X_17_029:CGAATGTAGTTCGATCx,10X_17_029,Neuron,DCX,12,15,11,15,False,
10X_17_029:CGATCGGGTACGCACCx,10X_17_029,Immature Neuron,DCX,11,15,11,15,True,0.4124658107757568
10X_17_029:CCTCAGTTCAGTCCCTx,10X_17_029,Immature Neuron,DCX,13,15,11,15,False,
10X_17_029:CCTAGCTGTGAGTATAx,10X_17_029,Immature Neuron,DCX,14,15,11,15,False,
10X_17_029:CGAATGTAGTTCGCATx,10X_17_029,Immature Neuron,DCX,13,15,11,15,False,
10X_17_029:CGAATGTAGACTAGATx,10X_17_029,Immature Neuron,DCX,13,15,11,15,False,
10X_17_029:CGAGCCACATAAAGGTx,10X_17_029,Immature Neuron,DCX,13,15,11,15,False,
10X_17_029:CCTTCCCGTCCGACGTx,10X_17_029,Immature Neuron,DCX,12,15,11,15,False,
10X_17_029:CGAGCACAGATCGATAx,10X_17_029,Immature Neuron,DCX,13,15,11,15,False,
10X_17_029:CGACTTCGTTTACTCTx,10X_17_029,Immature Neuron,DCX,14,15,11,15,False,
10X_17_029:CCTTCGATCCAAACTGx,10X_17_029,Neuron,DCX,13,15,11,15,False,
10X_17_029:CCTTCCCAGAATCTCCx,10X_17_029,Neuron,DCX,12,15,11,15,False,
10X_17_029:CGACTTCCATAAAGGTx,10X_17_029,Immature Neuron,DCX,13,15,11,15,False,
10X_17_029:CGAGAAGTCCTATTCAx,10X_17_029,Neuron,DCX,12,15,11,15,False,
10X_17_029:CGATCGGAGAGACTATx,10X_17_029,Immature Neuron,DCX,11,15,11,15,True,0.4735698699951172
10X_17_029:CGAGAAGGTGACTACTx,10X_17_029,Immature Neuron,DCX,12,15,11,15,False,
10X_17_029:CGAACATTCGCGCCAAx,10X_17_029,Immature Neuron,DCX,14,15,11,15,False,
10X_17_029:CGAGAAGAGCCCAGCTx,10X_17_029,Neuron,DCX,7,15,11,15,False,
10X_17_029:CGATCGGTCGTCACGGx,10X_17_029,Immature Neuron,DCX,13,15,11,15,False,
10X_17_029:CGCTGGAAGGCAGTCAx,10X_17_029,Immature Neuron,DCX,13,15,11,15,False,
10X_17_029:CGGACTGGTGGTCTCGx,10X_17_029,Neuron,DCX,13,15,11,15,False,
10X_17_029:CGCCAAGCATGACGGAx,10X_17_029,Neuron,DCX,12,15,11,15,False,
10X_17_029:CGATGGCTCCAAACTGx,10X_17_029,Immature Neuron,DCX,12,15,11,15,False,
10X_17_029:CGCGTTTTCTTCGGTCx,10X_17_029,Immature Neuron,DCX,13,15,11,15,False,
10X_17_029:CGCTGGACATTGGTACx,10X_17_029,Neuron,DCX,12,15,11,15,False,
10X_17_029:CGTCACTCAATGTAAGx,10X_17_029,Immature Neuron,DCX,13,15,11,15,False,
10X_17_029:CGGTTAAAGCAGACTGx,10X_17_029,Neuron,DCX,12,15,11,15,False,
10X_17_029:CGTGTAACAGTAACGGx,10X_17_029,Immature Neuron,DCX,12,15,11,15,False,
10X_17_029:CGTTCTGAGCGGCTTCx,10X_17_029,Immature Neuron,DCX,14,15,11,15,False,
10X_17_029:CGGGTCAAGCAGCCTCx,10X_17_029,Immature Neuron,DCX,12,15,11,15,False,
10X_17_029:CGTAGCGGTTTAGCTGx,10X_17_029,Immature Neuron,DCX,14,15,11,15,False,
10X_17_029:CGTGTCTCAGCTCGACx,10X_17_029,Immature Neuron,DCX,11,15,11,15,True,0.4623636603355407
10X_17_029:CGTCTACGTCCGAGTCx,10X_17_029,Neuron,DCX,12,15,11,15,False,
10X_17_029:CGTTAGATCGTTACAGx,10X_17_029,Immature Neuron,DCX,12,15,11,15,False,
10X_17_029:CGTCACTTCCTACAGAx,10X_17_029,Immature Neuron,DCX,14,15,11,15,False,
10X_17_029:CGTGTCTCAGACGCCTx,10X_17_029,Immature Neuron,DCX,14,15,11,15,False,
10X_17_029:CTCCTAGCACGACGAAx,10X_17_029,Immature Neuron,DCX,13,15,11,15,False,
10X_17_029:CTACGTCTCAGTTTGGx,10X_17_029,Immature Neuron,DCX,12,15,11,15,False,
10X_17_029:CTACATTAGGATGGAAx,10X_17_029,Immature Neuron,DCX,13,15,11,15,False,
10X_17_029:CTCACACAGTAATCCCx,10X_17_029,Immature Neuron,DCX,12,15,11,15,False,
10X_17_029:CTAGTGATCAAACAAGx,10X_17_029,Neuron,DCX,12,15,11,15,False,
10X_17_029:CTACACCAGACACGACx,10X_17_029,Immature Neuron,DCX,13,15,11,15,False,
10X_17_029:CTAAGACGTACCGTATx,10X_17_029,Immature Neuron,DCX,13,15,11,15,False,
10X_17_029:CTCATTAAGTACGCCCx,10X_17_029,Neuron,DCX,12,15,11,15,False,
10X_17_029:CTAACTTTCCTCCTAGx,10X_17_029,Immature Neuron,DCX,12,15,11,15,False,
10X_17_029:CTCGGAGAGTGAAGAGx,10X_17_029,Neuron,DCX,11,15,11,15,True,0.607598066329956
10X_17_029:CTGAAGTTCAGGCAAGx,10X_17_029,Immature Neuron,DCX,11,15,11,15,True,0.4441417455673218
10X_17_029:CTCGAAATCGCCATAAx,10X_17_029,Immature Neuron,DCX,13,15,11,15,False,
10X_17_029:CTCTGGTCACGAAACGx,10X_17_029,Immature Neuron,DCX,12,15,11,15,False,
10X_17_029:CTGATCCCATTTCAGGx,10X_17_029,Neuron,DCX,10,15,11,15,False,
10X_17_029:CTCTAATTCCCATTATx,10X_17_029,Immature Neuron,DCX,11,15,11,15,True,0.4680782556533813
10X_17_029:CTGATCCAGTACGTAAx,10X_17_029,Immature Neuron,DCX,13,15,11,15,False,
10X_17_029:CTCTACGAGGGCTCTCx,10X_17_029,Immature Neuron,DCX,12,15,11,15,False,
10X_17_029:CTCGAGGGTGACCAAGx,10X_17_029,Immature Neuron,DCX,13,15,11,15,False,
10X_17_029:CTGCCTAAGTTAAGTGx,10X_17_029,Immature Neuron,DCX,12,15,11,15,False,
10X_17_029:CTTAGGATCTTGTACTx,10X_17_029,Immature Neuron,DCX,10,15,11,15,False,
10X_17_029:GAAATGATCGTTTATCx,10X_17_029,Immature Neuron,DCX,12,15,11,15,False,
10X_17_029:CTGCGGATCATACGGTx,10X_17_029,Immature Neuron,DCX,13,15,11,15,False,
10X_17_029:GAACCTAAGCGGATCAx,10X_17_029,Immature Neuron,DCX,13,15,11,15,False,
10X_17_029:CTTTGCGCATCAGTCAx,10X_17_029,Immature Neuron,DCX,13,15,11,15,False,
10X_17_029:CTTAGGACAAAGAATCx,10X_17_029,Immature Neuron,DCX,13,15,11,15,False,
10X_17_029:GAACATCTCATTGCCCx,10X_17_029,Immature Neuron,DCX,13,15,11,15,False,
10X_17_029:GAAACTCTCGCAAACTx,10X_17_029,Immature Neuron,DCX,11,15,11,15,True,0.4713302850723266
10X_17_029:GAAACTCTCGGATGGAx,10X_17_029,Immature Neuron,DCX,12,15,11,15,False,
10X_17_029:CTGTGCTAGTCCCACGx,10X_17_029,Neuron,DCX,8,15,11,15,False,
10X_17_029:CTGCGGAGTACACCGCx,10X_17_029,Neuron,DCX,9,15,11,15,False,
10X_17_029:GAACATCTCAGAGCTTx,10X_17_029,Immature Neuron,DCX,12,15,11,15,False,
10X_17_029:CTTAACTAGGTGATATx,10X_17_029,Neuron,DCX,13,15,11,15,False,
10X_17_029:GAAATGAAGCCCAACCx,10X_17_029,Immature Neuron,DCX,13,15,11,15,False,
10X_17_029:GAACCTAGTTCAACCAx,10X_17_029,Immature Neuron,DCX,12,15,11,15,False,
10X_17_029:GAACCTAAGGAGCGAGx,10X_17_029,Neuron,DCX,12,15,11,15,False,
10X_17_029:GACCAATAGTACGCGAx,10X_17_029,Immature Neuron,DCX,12,15,11,15,False,
10X_17_029:GACCAATAGAACTGTAx,10X_17_029,Immature Neuron,DCX,13,15,11,15,False,
10X_17_029:GAACGGAGTGCACCACx,10X_17_029,Immature Neuron,DCX,13,15,11,15,False,
10X_17_029:GACGTTATCTAACTCTx,10X_17_029,Immature Neuron,DCX,12,15,11,15,False,
10X_17_029:GACTAACCATCGATTGx,10X_17_029,Immature Neuron,DCX,12,15,11,15,False,
10X_17_029:GAATAAGCATAGACTCx,10X_17_029,Immature Neuron,DCX,11,15,11,15,True,0.4171004891395569
10X_17_029:GACCTGGCATCGATTGx,10X_17_029,Immature Neuron,DCX,12,15,11,15,False,
10X_17_029:GACCAATGTATTACCGx,10X_17_029,Neuron,DCX,12,15,11,15,False,
10X_17_029:GAGGTGAAGGCAGTCAx,10X_17_029,Immature Neuron,DCX,12,15,11,15,False,
10X_17_029:GACTACATCGTCTGAAx,10X_17_029,Neuron,DCX,13,15,11,15,False,
10X_17_029:GATCGCGCATCTATGGx,10X_17_029,Neuron,DCX,12,15,11,15,False,
10X_17_029:GATCGTAAGAGTGAGAx,10X_17_029,Immature Neuron,DCX,13,15,11,15,False,
10X_17_029:GCAATCAAGAGTAAGGx,10X_17_029,Immature Neuron,DCX,13,15,11,15,False,
10X_17_029:GATCAGTAGGGTTTCTx,10X_17_029,Immature Neuron,DCX,12,15,11,15,False,
10X_17_029:GAGGTGATCGCATGATx,10X_17_029,Immature Neuron,DCX,13,15,11,15,False,
10X_17_029:GATCAGTTCCGGGTGTx,10X_17_029,Immature Neuron,DCX,12,15,11,15,False,
10X_17_029:GCATGTATCGCCAGCAx,10X_17_029,Neuron,DCX,13,15,11,15,False,
10X_17_029:GCGAGAATCTCAAGTGx,10X_17_029,Immature Neuron,DCX,12,15,11,15,False,
10X_17_029:GCATGTAGTGCCTTGGx,10X_17_029,Neuron,DCX,13,15,11,15,False,
10X_17_029:GCTGCTTGTCCAAGTTx,10X_17_029,Immature Neuron,DCX,11,15,11,15,True,0.512055516242981
10X_17_029:GGAAAGCTCCGTAGTAx,10X_17_029,Neuron,DCX,13,15,11,15,False,
10X_17_029:GCGCAGTTCCGCAAGCx,10X_17_029,Immature Neuron,DCX,13,15,11,15,False,
10X_17_029:GCGCCAAGTTCATGGTx,10X_17_029,Immature Neuron,DCX,12,15,11,15,False,
10X_17_029:GCTGGGTCACATTCGAx,10X_17_029,Immature Neuron,DCX,13,15,11,15,False,
10X_17_029:GGAAAGCTCTGGCGTGx,10X_17_029,Neuron,DCX,12,15,11,15,False,
10X_17_029:GGAACTTAGTGAAGAGx,10X_17_029,Immature Neuron,DCX,11,15,11,15,True,0.4332998394966125
10X_17_029:GCTGGGTGTCTAAACCx,10X_17_029,Immature Neuron,DCX,12,15,11,15,False,
10X_17_029:GGCTGGTCAAACCCATx,10X_17_029,Immature Neuron,DCX,12,15,11,15,False,
10X_17_029:GGAGCAACAGTACACTx,10X_17_029,Immature Neuron,DCX,13,15,11,15,False,
10X_17_029:GGATTACTCTGTCTCGx,10X_17_029,Neuron,DCX,11,15,11,15,True,0.6008532643318176
10X_17_029:GGCAATTCACGTGAGAx,10X_17_029,Immature Neuron,DCX,11,15,11,15,True,0.4661387205123901
10X_17_029:GGTATTGCATGATCCAx,10X_17_029,Immature Neuron,DCX,13,15,11,15,False,
10X_17_029:GTACGTACACAACTGTx,10X_17_029,Immature Neuron,DCX,13,15,11,15,False,
10X_17_029:GGGATGAAGTCTCCTCx,10X_17_029,Neuron,DCX,10,15,11,15,False,
10X_17_029:GGTATTGTCAGCGATTx,10X_17_029,Immature Neuron,DCX,13,15,11,15,False,
10X_17_029:GTAACGTTCCGAGCCAx,10X_17_029,Neuron,DCX,13,15,11,15,False,
10X_17_029:GGGAGATTCATCGATGx,10X_17_029,Immature Neuron,DCX,14,15,11,15,False,
10X_17_029:GGGCACTCACATAACCx,10X_17_029,Immature Neuron,DCX,12,15,11,15,False,
10X_17_029:GGTGAAGGTTCCATGAx,10X_17_029,Immature Neuron,DCX,13,15,11,15,False,
10X_17_029:GTCCTCAGTGAGCGATx,10X_17_029,Immature Neuron,DCX,12,15,11,15,False,
10X_17_029:GTCACAACAGCCAATTx,10X_17_029,Immature Neuron,DCX,12,15,11,15,False,
10X_17_029:GTCGGGTCACGTTGGCx,10X_17_029,Immature Neuron,DCX,13,15,11,15,False,
10X_17_029:GTATCTTCAGACGTAGx,10X_17_029,Immature Neuron,DCX,13,15,11,15,False,
10X_17_029:GTCCTCATCAACGCTAx,10X_17_029,Immature Neuron,DCX,13,15,11,15,False,
10X_17_029:GTATCTTTCGAATGGGx,10X_17_029,Immature Neuron,DCX,13,15,11,15,False,
10X_17_029:GTACTTTCAGTCAGAGx,10X_17_029,Immature Neuron,DCX,12,15,11,15,False,
10X_17_029:GTATTCTCACTCGACGx,10X_17_029,Neuron,DCX,13,15,11,15,False,
10X_17_029:GTATCTTGTGTCGCTGx,10X_17_029,Immature Neuron,DCX,13,15,11,15,False,
10X_17_029:GTATCTTGTCCGTCAGx,10X_17_029,Immature Neuron,DCX,11,15,11,15,True,0.4328926205635071
10X_17_029:GTAGTCAGTTCCATGAx,10X_17_029,Immature Neuron,DCX,13,15,11,15,False,
10X_17_029:GTATCTTTCAGGCAAGx,10X_17_029,Immature Neuron,DCX,13,15,11,15,False,
10X_17_029:GTATTCTCAAAGTGCGx,10X_17_029,Immature Neuron,DCX,12,15,11,15,False,
10X_17_029:GTTAAGCGTACGCACCx,10X_17_029,Neuron,DCX,12,15,11,15,False,
10X_17_029:GTGCATATCTTTACACx,10X_17_029,Immature Neuron,DCX,11,15,11,15,True,0.4497162103652954
10X_17_029:GTGGGTCCACTCTGTCx,10X_17_029,Immature Neuron,DCX,13,15,11,15,False,
10X_17_029:GTTAAGCGTACGACCCx,10X_17_029,Neuron,DCX,12,15,11,15,False,
10X_17_029:GTGGGTCGTGCTGTATx,10X_17_029,Neuron,DCX,12,15,11,15,False,
10X_17_029:GTCTCGTAGAGTACATx,10X_17_029,Immature Neuron,DCX,12,15,11,15,False,
10X_17_029:GTTCATTTCTACTCATx,10X_17_029,Immature Neuron,DCX,12,15,11,15,False,
10X_17_029:TACCTATGTACGCTGCx,10X_17_029,Immature Neuron,DCX,14,15,11,15,False,
10X_17_029:TACACGAGTCTCTTATx,10X_17_029,Immature Neuron,DCX,12,15,11,15,False,
10X_17_029:GTTACAGGTCCAGTTAx,10X_17_029,Immature Neuron,DCX,12,15,11,15,False,
10X_17_029:TAAGCGTCAATTCCTTx,10X_17_029,Neuron,DCX,13,15,11,15,False,
10X_17_029:GTTCTCGCAAGTTAAGx,10X_17_029,Neuron,DCX,11,15,11,15,True,0.5957814455032349
10X_17_029:GTTCGGGGTACAGTGGx,10X_17_029,Immature Neuron,DCX,13,15,11,15,False,
10X_17_029:TACAGTGCAGTATGCTx,10X_17_029,Immature Neuron,DCX,12,15,11,15,False,
10X_17_029:TATCTCATCGTATCAGx,10X_17_029,Immature Neuron,DCX,12,15,11,15,False,
10X_17_029:TAGACCAGTATTCTCTx,10X_17_029,Immature Neuron,DCX,12,15,11,15,False,
10X_17_029:TACTCATTCATGTGGTx,10X_17_029,Immature Neuron,DCX,12,15,11,15,False,
10X_17_029:TATCAGGAGGCCGAATx,10X_17_029,Immature Neuron,DCX,13,15,11,15,False,
10X_17_029:TAGACCAGTCCGAAGAx,10X_17_029,Immature Neuron,DCX,11,15,11,15,True,0.5267612934112549
10X_17_029:TAGAGCTAGACAAGCCx,10X_17_029,Immature Neuron,DCX,12,15,11,15,False,
10X_17_029:TACGGATAGTTTAGGAx,10X_17_029,Immature Neuron,DCX,13,15,11,15,False,
10X_17_029:TACTCGCAGGAGCGTTx,10X_17_029,Immature Neuron,DCX,14,15,11,15,False,
10X_17_029:TACTTACCAGTAAGATx,10X_17_029,Neuron,DCX,12,15,11,15,False,
10X_17_029:TAGGCATTCGCTAGCGx,10X_17_029,Neuron,DCX,12,15,11,15,False,
10X_17_029:TACGGATTCCGAACGCx,10X_17_029,Immature Neuron,DCX,11,15,11,15,True,0.4511820077896118
10X_17_029:TAGACCAGTCGACTATx,10X_17_029,Neuron,DCX,10,15,11,15,False,
10X_17_029:TCATTACAGCAGCGTAx,10X_17_029,Neuron,DCX,12,15,11,15,False,
10X_17_029:TCCACACCACATTTCTx,10X_17_029,Neuron,DCX,11,15,11,15,True,0.6106070280075073
10X_17_029:TCATTTGTCCTCCTAGx,10X_17_029,Neuron,DCX,13,15,11,15,False,
10X_17_029:TCAACGAAGTGAAGTTx,10X_17_029,Immature Neuron,DCX,12,15,11,15,False,
10X_17_029:TCAGGTACATCTGGTAx,10X_17_029,Neuron,DCX,13,15,11,15,False,
10X_17_029:TCACAAGTCTTGCATTx,10X_17_029,Immature Neuron,DCX,12,15,11,15,False,
10X_17_029:TCAGGTACAGCTGCACx,10X_17_029,Neuron,DCX,12,15,11,15,False,
10X_17_029:TCACGAACATGTTCCCx,10X_17_029,Neuron,DCX,12,15,11,15,False,
10X_17_029:TCATTACGTCTAACGTx,10X_17_029,Immature Neuron,DCX,13,15,11,15,False,
10X_17_029:TCATTACCAATGAATGx,10X_17_029,Immature Neuron,DCX,13,15,11,15,False,
10X_17_029:TCATTACTCTACTTACx,10X_17_029,Immature Neuron,DCX,13,15,11,15,False,
10X_17_029:TCTTTCCAGACTCGGAx,10X_17_029,Immature Neuron,DCX,13,15,11,15,False,
10X_17_029:TCGCGTTTCTTAGAGCx,10X_17_029,Neuron,DCX,11,15,11,15,True,0.5621325373649597
10X_17_029:TCGTACCGTAAGAGAGx,10X_17_029,Immature Neuron,DCX,13,15,11,15,False,
10X_17_029:TCGTAGATCACGAAGGx,10X_17_029,Immature Neuron,DCX,13,15,11,15,False,
10X_17_029:TCTTTCCAGAAGGGTAx,10X_17_029,Immature Neuron,DCX,13,15,11,15,False,
10X_17_029:TCTTTCCAGGCAATTAx,10X_17_029,Immature Neuron,DCX,12,15,11,15,False,
10X_17_029:TCTCATAGTGCCTGTGx,10X_17_029,Immature Neuron,DCX,13,15,11,15,False,
10X_17_029:TCTTTCCCATCATCCCx,10X_17_029,Immature Neuron,DCX,13,15,11,15,False,
10X_17_029:TGACTTTAGTCCTCCTx,10X_17_029,Neuron,DCX,12,15,11,15,False,
10X_17_029:TGCCAAAGTGTAATGAx,10X_17_029,Immature Neuron,DCX,13,15,11,15,False,
10X_17_029:TGACAACAGTTCGCATx,10X_17_029,Immature Neuron,DCX,13,15,11,15,False,
10X_17_029:TGAAAGACAATGAATGx,10X_17_029,Immature Neuron,DCX,13,15,11,15,False,
10X_17_029:TGCACCTAGCGCCTCAx,10X_17_029,Immature Neuron,DCX,13,15,11,15,False,
10X_17_029:TGACGGCCAACTGGCCx,10X_17_029,Immature Neuron,DCX,11,15,11,15,True,0.4634374380111694
10X_17_029:TGAGGGAGTGTAACGGx,10X_17_029,Immature Neuron,DCX,13,15,11,15,False,
10X_17_029:TGCGTGGCAAAGCGGTx,10X_17_029,Immature Neuron,DCX,13,15,11,15,False,
10X_17_029:TGCTGCTTCTAGAGTCx,10X_17_029,Immature Neuron,DCX,11,15,11,15,True,0.5091590881347656
10X_17_029:TGGGCGTCATACTCTTx,10X_17_029,Neuron,DCX,13,15,11,15,False,
10X_17_029:TGGTTAGAGGAGTTTAx,10X_17_029,Immature Neuron,DCX,13,15,11,15,False,
10X_17_029:TGGGAAGAGTTACGGGx,10X_17_029,Neuron,DCX,13,15,11,15,False,
10X_17_029:TGGGCGTGTGGTACAGx,10X_17_029,Neuron,DCX,11,15,11,15,True,0.6186216473579407
10X_17_029:TGGACGCGTCCTGCTTx,10X_17_029,Immature Neuron,DCX,13,15,11,15,False,
10X_17_029:TGTTCCGAGCGCTTATx,10X_17_029,Neuron,DCX,12,15,11,15,False,
10X_17_029:TGTGGTAAGACCTAGGx,10X_17_029,Immature Neuron,DCX,10,15,11,15,False,
10X_17_029:TTCCCAGCAGGGTATGx,10X_17_029,Immature Neuron,DCX,14,15,11,15,False,
10X_17_029:TGTGGTACACCACGTGx,10X_17_029,Neuron,DCX,13,15,11,15,False,
10X_17_029:TGTCCCACATCCGTGGx,10X_17_029,Immature Neuron,DCX,11,15,11,15,True,0.4106706380844116
10X_17_029:TGTTCCGAGTCCATACx,10X_17_029,Immature Neuron,DCX,12,15,11,15,False,
10X_17_029:TTCCCAGGTACCGCTGx,10X_17_029,Immature Neuron,DCX,12,15,11,15,False,
10X_17_029:TGTGGTAGTTGCGTTAx,10X_17_029,Immature Neuron,DCX,14,15,11,15,False,
10X_17_029:TTATGCTAGCTAGTCTx,10X_17_029,Neuron,DCX,11,15,11,15,True,0.6147004961967468
10X_17_029:TGTTCCGGTACTTCTTx,10X_17_029,Neuron,DCX,13,15,11,15,False,
10X_17_029:TTCTACATCAGTGCATx,10X_17_029,Immature Neuron,DCX,13,15,11,15,False,
10X_17_029:TTCTACAAGTTAAGTGx,10X_17_029,Immature Neuron,DCX,12,15,11,15,False,
10X_17_029:TTCTCCTTCAGGCAAGx,10X_17_029,Immature Neuron,DCX,13,15,11,15,False,
10X_17_029:TTGCGTCCAACTGGCCx,10X_17_029,Neuron,DCX,12,15,11,15,False,
10X_17_029:TTCTACAGTCCGCTGAx,10X_17_029,Immature Neuron,DCX,12,15,11,15,False,
10X_17_029:TTGCGTCAGGCACATGx,10X_17_029,Neuron,DCX,11,15,11,15,True,0.6177654266357422
10X_17_029:TTGACTTCAGTAGAGCx,10X_17_029,Neuron,DCX,10,15,11,15,False,
10X_17_029:TTGGAACTCTGCTGTCx,10X_17_029,Immature Neuron,DCX,12,15,11,15,False,
10X_17_029:TTCTTAGGTTCCACAAx,10X_17_029,Immature Neuron,DCX,10,15,11,15,False,
10X_17_029:TTCTTAGAGACGACGTx,10X_17_029,Immature Neuron,DCX,10,15,11,15,False,
10X_17_029:TTGTAGGTCCAGAGGAx,10X_17_029,Immature Neuron,DCX,14,15,11,15,False,
10X_17_029:TTGTAGGAGGATATACx,10X_17_029,Immature Neuron,DCX,11,15,11,15,True,0.5016411542892456
10X_17_029:TTTACTGTCTTTACACx,10X_17_029,Immature Neuron,DCX,14,15,11,15,False,
10X_17_029:TTTGGTTGTACCCAATx,10X_17_029,Neuron,DCX,13,15,11,15,False,
10X_17_028:AAAGTAGCACGCTTTCx,10X_17_028,Neuron,BCL11B,15,15,15,15,True,0.1159181594848632
10X_17_028:AAAGCAACACACAGAGx,10X_17_028,Neuron,BCL11B,15,15,15,15,True,0.1495774984359741
10X_17_028:AAATGCCGTAGCAAATx,10X_17_028,Immature Neuron,BCL11B,15,15,15,15,True,0.1163956522941589
10X_17_028:AACACGTTCGGAGCAAx,10X_17_028,Immature Neuron,BCL11B,15,15,15,15,True,0.1478664875030517
10X_17_028:AAAGATGGTACTCTCCx,10X_17_028,Immature Neuron,BCL11B,15,15,15,15,True,0.1292544603347778
10X_17_028:AAAGCAACAAGTTCTGx,10X_17_028,Neuron,BCL11B,15,15,15,15,True,0.128629982471466
10X_17_028:AAACCTGTCGGTGTCGx,10X_17_028,Immature Neuron,BCL11B,15,15,15,15,True,0.1514452695846557
10X_17_028:AACCATGAGGTGTGGTx,10X_17_028,Neuron,BCL11B,15,15,15,15,True,0.1457823514938354
10X_17_028:AAAGATGTCTGTCTCGx,10X_17_028,Neuron,BCL11B,15,15,15,15,True,0.1529213190078735
10X_17_028:AACGTTGAGTTCGATCx,10X_17_028,Immature Neuron,BCL11B,15,15,15,15,True,0.1469702124595642
10X_17_028:AACTGGTCAAGCGTAGx,10X_17_028,Immature Neuron,BCL11B,15,15,15,15,True,0.1228851675987243
10X_17_028:AACGTTGCACCTATCCx,10X_17_028,Neuron,BCL11B,15,15,15,15,True,0.1329333186149597
10X_17_028:AACTTTCAGCTAAGATx,10X_17_028,Immature Neuron,BCL11B,15,15,15,15,True,0.1357874870300293
10X_17_028:AACTCTTGTCAATGTCx,10X_17_028,Immature Neuron,BCL11B,15,15,15,15,True,0.1212127804756164
10X_17_028:AACTCTTTCAGTTCGAx,10X_17_028,Immature Neuron,BCL11B,15,15,15,15,True,0.1152509450912475
10X_17_028:AAGACCTGTCAATACCx,10X_17_028,Immature Neuron,BCL11B,15,15,15,15,True,0.1328222751617431
10X_17_028:AACGTTGAGCGCTCCAx,10X_17_028,Immature Neuron,BCL11B,15,15,15,15,True,0.1287077665328979
10X_17_028:AACTCTTCAAGTTCTGx,10X_17_028,Neuron,BCL11B,15,15,15,15,True,0.1734171509742736
10X_17_028:AACTGGTCAGTGGAGTx,10X_17_028,Immature Neuron,BCL11B,15,15,15,15,True,0.1302941441535949
10X_17_028:AACTTTCAGCTACCGCx,10X_17_028,Immature Neuron,BCL11B,15,15,15,15,True,0.1285525560379028
10X_17_028:AACGTTGGTCTGCAATx,10X_17_028,Immature Neuron,BCL11B,15,15,15,15,True,0.1292117238044738
10X_17_028:AACTCAGTCCATTCTAx,10X_17_028,Immature Neuron,BCL11B,15,15,15,15,True,0.1238546371459961
10X_17_028:AACTCTTGTGCTCTTCx,10X_17_028,Neuron,BCL11B,15,15,15,15,True,0.1586739420890808
10X_17_028:AACGTTGAGCGTAATAx,10X_17_028,Neuron,BCL11B,15,15,15,15,True,0.179568350315094
10X_17_028:AAGTCTGTCCAAGTACx,10X_17_028,Immature Neuron,BCL11B,15,15,15,15,True,0.112633466720581
10X_17_028:AAGGTTCGTGCGGTAAx,10X_17_028,Immature Neuron,BCL11B,15,15,15,15,True,0.1257084012031555
10X_17_028:ACACCCTGTTGATTCGx,10X_17_028,Neuron,BCL11B,15,15,15,15,True,0.1476669311523437
10X_17_028:AATCCAGCATCTATGGx,10X_17_028,Immature Neuron,BCL11B,15,15,15,15,True,0.1304016709327697
10X_17_028:AAGGTTCGTCTGCAATx,10X_17_028,Immature Neuron,BCL11B,15,15,15,15,True,0.1145148873329162
10X_17_028:ACACCAAAGGTACTCTx,10X_17_028,Immature Neuron,BCL11B,15,15,15,15,True,0.1288493871688842
10X_17_028:AAGGAGCTCGTACCGGx,10X_17_028,Neuron,BCL11B,15,15,15,15,True,0.1953874230384826
10X_17_028:AAGTCTGGTACGAAATx,10X_17_028,Immature Neuron,BCL11B,15,15,15,15,True,0.1366131901741027
10X_17_028:AATCCAGAGTTCCACAx,10X_17_028,Immature Neuron,BCL11B,15,15,15,15,True,0.1327607631683349
10X_17_028:AATCCAGCAGCTGCTGx,10X_17_028,Immature Neuron,BCL11B,15,15,15,15,True,0.1163626313209533
10X_17_028:AATCGGTCAATAGCAAx,10X_17_028,Immature Neuron,BCL11B,15,15,15,15,True,0.1401123404502868
10X_17_028:AAGTCTGCATCCCACTx,10X_17_028,Immature Neuron,BCL11B,15,15,15,15,True,0.120280385017395
10X_17_028:ACATACGAGCGCCTTGx,10X_17_028,Immature Neuron,BCL11B,15,15,15,15,True,0.1437646746635437
10X_17_028:ACATCAGCAAGCCCACx,10X_17_028,Immature Neuron,BCL11B,15,15,15,15,True,0.1134784221649169
10X_17_028:ACACTGATCAAGGTAAx,10X_17_028,Immature Neuron,BCL11B,15,15,15,15,True,0.1236736178398132
10X_17_028:ACATCAGCAAGAAAGGx,10X_17_028,Immature Neuron,BCL11B,15,15,15,15,True,0.1317390203475952
10X_17_028:ACAGCCGTCAACGGCCx,10X_17_028,Neuron,BCL11B,15,15,15,15,True,0.1675953865051269
10X_17_028:ACAGCCGCAAACTGCTx,10X_17_028,Immature Neuron,BCL11B,15,15,15,15,True,0.1409903764724731
10X_17_028:ACATGGTTCCGTTGTCx,10X_17_028,Neuron,BCL11B,15,15,15,15,True,0.142910897731781
10X_17_028:ACATCAGAGCGTAGTGx,10X_17_028,Immature Neuron,BCL11B,15,15,15,15,True,0.1367174983024597
10X_17_028:ACAGCTATCTTTACGTx,10X_17_028,Immature Neuron,BCL11B,15,15,15,15,True,0.1056974530220031
10X_17_028:ACATACGGTACAGTTCx,10X_17_028,Immature Neuron,BCL11B,15,15,15,15,True,0.1008288264274597
10X_17_028:ACCTTTATCCGCGTTTx,10X_17_028,Immature Neuron,BCL11B,15,15,15,15,True,0.1490302681922912
10X_17_028:ACCCACTGTTGAACTCx,10X_17_028,Immature Neuron,BCL11B,15,15,15,15,True,0.1145311594009399
10X_17_028:ACGCAGCCACCTATCCx,10X_17_028,Immature Neuron,BCL11B,15,15,15,15,True,0.1156272888183593
10X_17_028:ACGCAGCTCTAACTTCx,10X_17_028,Immature Neuron,BCL11B,15,15,15,15,True,0.1061383485794067
10X_17_028:ACGATACCAGAAGCACx,10X_17_028,Immature Neuron,BCL11B,15,15,15,15,True,0.1049644947052002
10X_17_028:ACGCAGCTCTCAACTTx,10X_17_028,Immature Neuron,BCL11B,15,15,15,15,True,0.1294140219688415
10X_17_028:ACCCACTGTAGCACGAx,10X_17_028,Immature Neuron,BCL11B,15,15,15,15,True,0.1236460208892822
10X_17_028:ACGCCAGGTGACGCCTx,10X_17_028,Neuron,BCL11B,15,15,15,15,True,0.1222668290138244
10X_17_028:ACGGCCACACTCTGTCx,10X_17_028,Immature Neuron,BCL11B,15,15,15,15,True,0.1219273209571838
10X_17_028:ACGTCAATCGCATGGCx,10X_17_028,Immature Neuron,BCL11B,15,15,15,15,True,0.1304339170455932
10X_17_028:ACTATCTGTATGAATGx,10X_17_028,Neuron,BCL11B,15,15,15,15,True,0.1702241897583007
10X_17_028:ACGGCCATCCTATTCAx,10X_17_028,Immature Neuron,BCL11B,15,15,15,15,True,0.1482338309288025
10X_17_028:ACGGAGATCTTTAGGGx,10X_17_028,Neuron,BCL11B,15,15,15,15,True,0.1766888499259948
10X_17_028:ACGGCCATCAAGGTAAx,10X_17_028,Immature Neuron,BCL11B,15,15,15,15,True,0.1274729967117309
10X_17_028:ACGGGCTTCACTTATCx,10X_17_028,Neuron,BCL11B,15,15,15,15,True,0.1461685299873352
10X_17_028:ACGCCAGTCGAGAACGx,10X_17_028,Neuron,BCL11B,15,15,15,15,True,0.1701428890228271
10X_17_028:ACGGCCAAGGAGTAGAx,10X_17_028,Neuron,BCL11B,15,15,15,15,True,0.156717300415039
10X_17_028:ACTTGTTAGAACTGTAx,10X_17_028,Immature Neuron,BCL11B,15,15,15,15,True,0.1227591037750244
10X_17_028:ACTGAGTAGTACTTGCx,10X_17_028,Neuron,BCL11B,15,15,15,15,True,0.1259735822677612
10X_17_028:ACTGAACAGGCAGTCAx,10X_17_028,Neuron,BCL11B,15,15,15,15,True,0.1271702051162719
10X_17_028:ACTTTCACATTATCTCx,10X_17_028,Neuron,BCL11B,15,15,15,15,True,0.1495835781097412
10X_17_028:ACTTACTAGCCTTGATx,10X_17_028,Immature Neuron,BCL11B,15,15,15,15,True,0.1096464991569519
10X_17_028:ACTGAGTGTGATGCCCx,10X_17_028,Immature Neuron,BCL11B,15,15,15,15,True,0.1299627423286438
10X_17_028:AGAGTGGAGGGATACCx,10X_17_028,Immature Neuron,BCL11B,15,15,15,15,True,0.1247494220733642
10X_17_028:AGATCTGAGAACTCGGx,10X_17_028,Immature Neuron,BCL11B,15,15,15,15,True,0.1635711789131164
10X_17_028:AGATTGCCAACACCCGx,10X_17_028,Immature Neuron,BCL11B,15,15,15,15,True,0.1301794052124023
10X_17_028:AGCAGCCAGTTAACGAx,10X_17_028,Immature Neuron,BCL11B,15,15,15,15,True,0.1250194311141967
10X_17_028:AGAGTGGAGCGCTCCAx,10X_17_028,Immature Neuron,BCL11B,15,15,15,15,True,0.1669713854789734
10X_17_028:AGCATACCATTCCTGCx,10X_17_028,Immature Neuron,BCL11B,15,15,15,15,True,0.1353892087936401
10X_17_028:AGCAGCCAGACAGGCTx,10X_17_028,Immature Neuron,BCL11B,15,15,15,15,True,0.1160377860069274
10X_17_028:AGACGTTCAACGATGGx,10X_17_028,Immature Neuron,BCL11B,15,15,15,15,True,0.110172152519226
10X_17_028:AGATTGCGTCCAAGTTx,10X_17_028,Immature Neuron,BCL11B,15,15,15,15,True,0.1321848630905151
10X_17_028:AGCCTAAAGATGCCTTx,10X_17_028,Immature Neuron,BCL11B,15,15,15,15,True,0.1133362650871276
10X_17_028:AGCAGCCAGATCCCGCx,10X_17_028,Neuron,BCL11B,15,15,15,15,True,0.1241817474365234
10X_17_028:AGATCTGTCCTTAATCx,10X_17_028,Immature Neuron,BCL11B,15,15,15,15,True,0.1314953565597534
10X_17_028:AGGCCGTAGTTGTCGTx,10X_17_028,Immature Neuron,BCL11B,15,15,15,15,True,0.1396689414978027
10X_17_028:AGGCCACGTGTGTGCCx,10X_17_028,Neuron,BCL11B,15,15,15,15,True,0.1510385870933532
10X_17_028:AGCGTCGCAATGAATGx,10X_17_028,Neuron,BCL11B,15,15,15,15,True,0.1878533959388733
10X_17_028:AGCTTGATCTCTGCTGx,10X_17_028,Neuron,BCL11B,15,15,15,15,True,0.116128921508789
10X_17_028:AGGCCGTAGGTGACCAx,10X_17_028,Immature Neuron,BCL11B,15,15,15,15,True,0.1284731030464172
10X_17_028:AGGGAGTGTCAGAATAx,10X_17_028,Immature Neuron,BCL11B,15,15,15,15,True,0.1083173751831054
10X_17_028:AGCGTCGAGTTAACGAx,10X_17_028,Immature Neuron,BCL11B,15,15,15,15,True,0.137109100818634
10X_17_028:AGGCCGTTCTCGAGTAx,10X_17_028,Immature Neuron,BCL11B,15,15,15,15,True,0.1275460720062255
10X_17_028:AGCTCTCTCGCGGATCx,10X_17_028,Immature Neuron,BCL11B,15,15,15,15,True,0.178987979888916
10X_17_028:AGCGTCGCAGTACACTx,10X_17_028,Immature Neuron,BCL11B,15,15,15,15,True,0.1448330283164978
10X_17_028:AGCTCTCAGAGACTATx,10X_17_028,Neuron,BCL11B,15,15,15,15,True,0.1571808457374572
10X_17_028:AGGGAGTCATTTGCTTx,10X_17_028,Neuron,BCL11B,15,15,15,15,True,0.1725994348526001
10X_17_028:AGGTCCGCAATAACGAx,10X_17_028,Neuron,BCL11B,15,15,15,15,True,0.1324506998062133
10X_17_028:AGGGATGTCTGCAGTAx,10X_17_028,Immature Neuron,BCL11B,15,15,15,15,True,0.1484798192977905
10X_17_028:AGGTCATTCCGCTGTTx,10X_17_028,Neuron,BCL11B,15,15,15,15,True,0.1187692880630493
10X_17_028:AGTGAGGGTTGATTCGx,10X_17_028,Neuron,BCL11B,15,15,15,15,True,0.1712603569030761
10X_17_028:AGGTCCGAGCTAGTGGx,10X_17_028,Neuron,BCL11B,15,15,15,15,True,0.1672441959381103
10X_17_028:AGGTCATCAAAGGCGTx,10X_17_028,Neuron,BCL11B,15,15,15,15,True,0.1661102175712585
10X_17_028:AGTAGTCTCACCCTCAx,10X_17_028,Immature Neuron,BCL11B,15,15,15,15,True,0.1345092058181762
10X_17_028:AGTAGTCTCGCAAGCCx,10X_17_028,Immature Neuron,BCL11B,15,15,15,15,True,0.1126763224601745
10X_17_028:AGTGGGAAGCGTAATAx,10X_17_028,Immature Neuron,BCL11B,15,15,15,15,True,0.1653820872306823
10X_17_028:AGGTCATAGTGTTGAAx,10X_17_028,Immature Neuron,BCL11B,15,15,15,15,True,0.1331986188888549
10X_17_028:ATCACGAAGTTACCCAx,10X_17_028,Immature Neuron,BCL11B,15,15,15,15,True,0.1619169116020202
10X_17_028:ATCATGGGTATCACCAx,10X_17_028,Neuron,BCL11B,15,15,15,15,True,0.1744288206100464
10X_17_028:AGTGTCAAGAGGTAGAx,10X_17_028,Immature Neuron,BCL11B,15,15,15,15,True,0.1167588233947753
10X_17_028:ATCATCTAGAGTACCGx,10X_17_028,Neuron,BCL11B,15,15,15,15,True,0.1728264093399047
10X_17_028:ATAGACCTCATCGGATx,10X_17_028,Immature Neuron,BCL11B,15,15,15,15,True,0.138086199760437
10X_17_028:ATAGACCCACGGTTTAx,10X_17_028,Neuron,BCL11B,15,15,15,15,True,0.161115288734436
10X_17_028:ATCATGGAGCAGATCGx,10X_17_028,Immature Neuron,BCL11B,15,15,15,15,True,0.1087900400161743
10X_17_028:ATTACTCTCATTTGGGx,10X_17_028,Immature Neuron,BCL11B,15,15,15,15,True,0.1182312965393066
10X_17_028:ATCTACTTCGTTACAGx,10X_17_028,Immature Neuron,BCL11B,15,15,15,15,True,0.1262974739074707
10X_17_028:ATCGAGTCAGCTATTGx,10X_17_028,Neuron,BCL11B,15,15,15,15,True,0.1616838574409485
10X_17_028:ATTACTCGTTCTGGTAx,10X_17_028,Immature Neuron,BCL11B,15,15,15,15,True,0.1339876651763916
10X_17_028:ATGGGAGTCCTCCTAGx,10X_17_028,Neuron,BCL11B,15,15,15,15,True,0.1228853464126586
10X_17_028:ATTATCCTCAGCACATx,10X_17_028,Immature Neuron,BCL11B,15,15,15,15,True,0.1234566569328308
10X_17_028:ATCTACTTCATGTAGCx,10X_17_028,Immature Neuron,BCL11B,15,15,15,15,True,0.1348576545715332
10X_17_028:ATTACTCTCTTCATGTx,10X_17_028,Immature Neuron,BCL11B,15,15,15,15,True,0.1324333548545837
10X_17_028:ATCTACTCATTAGGCTx,10X_17_028,Immature Neuron,BCL11B,15,15,15,15,True,0.123508334159851
10X_17_028:ATGTGTGTCCCTAACCx,10X_17_028,Immature Neuron,BCL11B,15,15,15,15,True,0.1252700686454773
10X_17_028:ATGTGTGGTCGCGTGTx,10X_17_028,Neuron,BCL11B,15,15,15,15,True,0.1912497878074646
10X_17_028:CAACTAGAGGGCACTAx,10X_17_028,Neuron,BCL11B,15,15,15,15,True,0.1827023029327392
10X_17_028:CAACCTCCATGTTGACx,10X_17_028,Immature Neuron,BCL11B,15,15,15,15,True,0.1251884698867797
10X_17_028:CAACCAATCAAGATCCx,10X_17_028,Immature Neuron,BCL11B,15,15,15,15,True,0.1338274478912353
10X_17_028:CAAGAAAAGGGTGTGTx,10X_17_028,Immature Neuron,BCL11B,15,15,15,15,True,0.1268520951271057
10X_17_028:CAACTAGAGCTGCAAGx,10X_17_028,Immature Neuron,BCL11B,15,15,15,15,True,0.125263512134552
10X_17_028:ATTGGACAGCGCCTTGx,10X_17_028,Neuron,BCL11B,15,15,15,15,True,0.1417710781097412
10X_17_028:ATTCTACAGGGTGTTGx,10X_17_028,Neuron,BCL11B,15,15,15,15,True,0.1585291028022766
10X_17_028:CAAGAAAAGCCAGTAGx,10X_17_028,Neuron,BCL11B,15,15,15,15,True,0.1630076169967651
10X_17_028:ATTGGTGTCGTAGGTTx,10X_17_028,Neuron,BCL11B,15,15,15,15,True,0.1662511825561523
10X_17_028:CAACCAAAGACACGACx,10X_17_028,Immature Neuron,BCL11B,15,15,15,15,True,0.1169717907905578
10X_17_028:CAAGGCCGTCGAGTTTx,10X_17_028,Neuron,BCL11B,15,15,15,15,True,0.1771601438522339
10X_17_028:CACACAAGTAAATACGx,10X_17_028,Immature Neuron,BCL11B,15,15,15,15,True,0.1119143962860107
10X_17_028:CACAAACGTGTTAAGAx,10X_17_028,Neuron,BCL11B,15,15,15,15,True,0.1707046031951904
10X_17_028:CACAAACTCACTCTTAx,10X_17_028,Immature Neuron,BCL11B,15,15,15,15,True,0.1238768696784973
10X_17_028:CAAGGCCGTCGACTGCx,10X_17_028,Immature Neuron,BCL11B,15,15,15,15,True,0.1311213970184326
10X_17_028:CACAAACAGTCGTACTx,10X_17_028,Neuron,BCL11B,15,15,15,15,True,0.1489600539207458
10X_17_028:CACACAAGTGGCGAATx,10X_17_028,Immature Neuron,BCL11B,15,15,15,15,True,0.118593692779541
10X_17_028:CACAGGCAGATCACGGx,10X_17_028,Immature Neuron,BCL11B,15,15,15,15,True,0.0975599288940429
10X_17_028:CACACCTAGCTCCTTCx,10X_17_028,Neuron,BCL11B,15,15,15,15,True,0.1455000638961792
10X_17_028:CACACAAAGCAGGCTAx,10X_17_028,Neuron,BCL11B,15,15,15,15,True,0.1245220899581909
10X_17_028:CACCAGGTCTGCAGTAx,10X_17_028,Neuron,BCL11B,15,15,15,15,True,0.1767528057098388
10X_17_028:CACATTTAGCTGCAAGx,10X_17_028,Immature Neuron,BCL11B,15,15,15,15,True,0.1215104460716247
10X_17_028:CACCAGGAGAAACGCCx,10X_17_028,Neuron,BCL11B,15,15,15,15,True,0.1525036096572876
10X_17_028:CACTCCAGTGAGGCTAx,10X_17_028,Immature Neuron,BCL11B,15,15,15,15,True,0.1360962986946106
10X_17_028:CACATTTTCCTAGAACx,10X_17_028,Immature Neuron,BCL11B,15,15,15,15,True,0.1481978893280029
10X_17_028:CACCTTGCAAGCGAGTx,10X_17_028,Neuron,BCL11B,15,15,15,15,True,0.1393270492553711
10X_17_028:CACTCCATCACAATGCx,10X_17_028,Immature Neuron,BCL11B,15,15,15,15,True,0.1268796920776367
10X_17_028:CACCACTTCCGTTGCTx,10X_17_028,Neuron,BCL11B,15,15,15,15,True,0.160784900188446
10X_17_028:CACAGTACATGCTAGTx,10X_17_028,Neuron,BCL11B,15,15,15,15,True,0.1716401576995849
10X_17_028:CACATTTAGTGCTGCCx,10X_17_028,Immature Neuron,BCL11B,15,15,15,15,True,0.1239974498748779
10X_17_028:CACATTTTCAAACAAGx,10X_17_028,Neuron,BCL11B,15,15,15,15,True,0.1557552814483642
10X_17_028:CACTCCATCGTCTGCTx,10X_17_028,Neuron,BCL11B,15,15,15,15,True,0.1480687260627746
10X_17_028:CAGAATCGTTTCCACCx,10X_17_028,Immature Neuron,BCL11B,15,15,15,15,True,0.1322969198226928
10X_17_028:CAGCAGCGTTAAGGGCx,10X_17_028,Immature Neuron,BCL11B,15,15,15,15,True,0.1268522143363952
10X_17_028:CAGCCGAGTTCATGGTx,10X_17_028,Neuron,BCL11B,15,15,15,15,True,0.1625664234161377
10X_17_028:CAGCCGAAGCTCCTCTx,10X_17_028,Immature Neuron,BCL11B,15,15,15,15,True,0.1383045315742492
10X_17_028:CAGAATCCATGTCGATx,10X_17_028,Neuron,BCL11B,15,15,15,15,True,0.173401653766632
10X_17_028:CAGCTAATCGTACGGCx,10X_17_028,Immature Neuron,BCL11B,15,15,15,15,True,0.1600311994552612
10X_17_028:CAGAGAGGTTCGAATCx,10X_17_028,Neuron,BCL11B,15,15,15,15,True,0.1564719676971435
10X_17_028:CAGCGACTCTTGGGTAx,10X_17_028,Immature Neuron,BCL11B,15,15,15,15,True,0.1460945606231689
10X_17_028:CAGATCAAGTGAATTGx,10X_17_028,Neuron,BCL11B,15,15,15,15,True,0.1440380811691284
10X_17_028:CAGAGAGAGACGCACAx,10X_17_028,Immature Neuron,BCL11B,15,15,15,15,True,0.1171833276748657
10X_17_028:CAGCTAACAGTAAGATx,10X_17_028,Immature Neuron,BCL11B,15,15,15,15,True,0.1232064366340637
10X_17_028:CAGATCAGTCTACCTCx,10X_17_028,Immature Neuron,BCL11B,15,15,15,15,True,0.1284002065658569
10X_17_028:CAGATCAAGCAAATCAx,10X_17_028,Neuron,BCL11B,15,15,15,15,True,0.1437844634056091
10X_17_028:CAGCAGCAGGCTAGACx,10X_17_028,Immature Neuron,BCL11B,15,15,15,15,True,0.1531599760055542
10X_17_028:CAGGTGCAGGAGTAGAx,10X_17_028,Immature Neuron,BCL11B,15,15,15,15,True,0.1483387947082519
10X_17_028:CAGCTGGTCTGTACGAx,10X_17_028,Neuron,BCL11B,15,15,15,15,True,0.148889422416687
10X_17_028:CAGTAACCATGGTCTAx,10X_17_028,Immature Neuron,BCL11B,15,15,15,15,True,0.1379272937774658
10X_17_028:CATATTCGTACGCACCx,10X_17_028,Neuron,BCL11B,15,15,15,15,True,0.1675222516059875
10X_17_028:CATATGGGTAAATGTGx,10X_17_028,Neuron,BCL11B,15,15,15,15,True,0.1747740507125854
10X_17_028:CAGTAACAGTGAATTGx,10X_17_028,Neuron,BCL11B,15,15,15,15,True,0.149452805519104
10X_17_028:CATGACAGTCTCCCTAx,10X_17_028,Immature Neuron,BCL11B,15,15,15,15,True,0.1239699125289917
10X_17_028:CATTCGCAGAAGGTGAx,10X_17_028,Immature Neuron,BCL11B,15,15,15,15,True,0.123863935470581
10X_17_028:CATGACAAGGGATACCx,10X_17_028,Neuron,BCL11B,15,15,15,15,True,0.1571686267852783
10X_17_028:CATGCCTAGACCTAGGx,10X_17_028,Immature Neuron,BCL11B,15,15,15,15,True,0.1182338595390319
10X_17_028:CATCGAACACGAAACGx,10X_17_028,Immature Neuron,BCL11B,15,15,15,15,True,0.1472435593605041
10X_17_028:CATTATCGTCCAAGTTx,10X_17_028,Immature Neuron,BCL11B,15,15,15,15,True,0.1351527571678161
10X_17_028:CATGGCGTCGGCTACGx,10X_17_028,Immature Neuron,BCL11B,15,15,15,15,True,0.1224780082702636
10X_17_028:CATCGAAGTACAGACGx,10X_17_028,Neuron,BCL11B,15,15,15,15,True,0.1588249802589416
10X_17_028:CATGACATCACTTATCx,10X_17_028,Immature Neuron,BCL11B,15,15,15,15,True,0.1456497311592102
10X_17_028:CCAATCCTCAACGCTAx,10X_17_028,Neuron,BCL11B,15,15,15,15,True,0.1288212537765503
10X_17_028:CCAATCCGTCCCGACAx,10X_17_028,Neuron,BCL11B,15,15,15,15,True,0.1509485244750976
10X_17_028:CCACGGACAGCGATCCx,10X_17_028,Neuron,BCL11B,15,15,15,15,True,0.1191827058792114
10X_17_028:CCATTCGCACGCCAGTx,10X_17_028,Immature Neuron,BCL11B,15,15,15,15,True,0.1748663187026977
10X_17_028:CCACGGATCAGTGTTGx,10X_17_028,Immature Neuron,BCL11B,15,15,15,15,True,0.1357262134552002
10X_17_028:CCACTACGTGCTTCTCx,10X_17_028,Immature Neuron,BCL11B,15,15,15,15,True,0.120295226573944
10X_17_028:CCACCTACATGGTCATx,10X_17_028,Immature Neuron,BCL11B,15,15,15,15,True,0.1617898941040039
10X_17_028:CCACCTACAGTTAACCx,10X_17_028,Immature Neuron,BCL11B,15,15,15,15,True,0.110504925251007
10X_17_028:CCCAGTTCAACGCACCx,10X_17_028,Neuron,BCL11B,15,15,15,15,True,0.1684868335723877
10X_17_028:CCGTACTAGTGCCATTx,10X_17_028,Immature Neuron,BCL11B,15,15,15,15,True,0.1469168663024902
10X_17_028:CCGGGATTCGTAGGAGx,10X_17_028,Immature Neuron,BCL11B,15,15,15,15,True,0.131181001663208
10X_17_028:CCGTGGACACATTCGAx,10X_17_028,Immature Neuron,BCL11B,15,15,15,15,True,0.1466321349143982
10X_17_028:CCGGGATGTAGCCTATx,10X_17_028,Immature Neuron,BCL11B,15,15,15,15,True,0.1375503540039062
10X_17_028:CCGGGATAGGGCTTGAx,10X_17_028,Neuron,BCL11B,15,15,15,15,True,0.1474660634994506
10X_17_028:CCGGTAGCACACGCTGx,10X_17_028,Immature Neuron,BCL11B,15,15,15,15,True,0.1168083548545837
10X_17_028:CCGTACTTCTGTGCAAx,10X_17_028,Immature Neuron,BCL11B,15,15,15,15,True,0.1235889196395874
10X_17_028:CCCATACTCGCAAGCCx,10X_17_028,Immature Neuron,BCL11B,15,15,15,15,True,0.1693409085273742
10X_17_028:CCGTTCATCTGTCAAGx,10X_17_028,Immature Neuron,BCL11B,15,15,15,15,True,0.1147593259811401
10X_17_028:CCGTGGATCACGAAGGx,10X_17_028,Neuron,BCL11B,15,15,15,15,True,0.1404435038566589
10X_17_028:CCGTGGATCTAACTCTx,10X_17_028,Immature Neuron,BCL11B,15,15,15,15,True,0.1175851225852966
10X_17_028:CCGGGATGTTGTTTGGx,10X_17_028,Immature Neuron,BCL11B,15,15,15,15,True,0.1416211128234863
10X_17_028:CCGTGGATCACTGGGCx,10X_17_028,Neuron,BCL11B,15,15,15,15,True,0.1612899899482727
10X_17_028:CCTCAGTGTCTGCCAGx,10X_17_028,Neuron,BCL11B,15,15,15,15,True,0.1674554944038391
10X_17_028:CCTACACAGATCTGCTx,10X_17_028,Immature Neuron,BCL11B,15,15,15,15,True,0.1162922382354736
10X_17_028:CCTCTGAGTCTAGGTTx,10X_17_028,Neuron,BCL11B,15,15,15,15,True,0.1627271175384521
10X_17_028:CCTCTGATCGGAATCTx,10X_17_028,Immature Neuron,BCL11B,15,15,15,15,True,0.1639116406440735
10X_17_028:CCTATTACACCTGGTGx,10X_17_028,Immature Neuron,BCL11B,15,15,15,15,True,0.1572376489639282
10X_17_028:CCTACACGTCGAGTTTx,10X_17_028,Neuron,BCL11B,15,15,15,15,True,0.158952534198761
10X_17_028:CCTAGCTAGCCTCGTGx,10X_17_028,Neuron,BCL11B,15,15,15,15,True,0.16485595703125
10X_17_028:CCTAGCTTCCAGGGCTx,10X_17_028,Neuron,BCL11B,15,15,15,15,True,0.1231209635734558
10X_17_028:CCTACCATCATTGCCCx,10X_17_028,Immature Neuron,BCL11B,15,15,15,15,True,0.1469630002975464
10X_17_028:CCTCAGTCACCACGTGx,10X_17_028,Neuron,BCL11B,15,15,15,15,True,0.16074800491333
10X_17_028:CGAACATTCGCATGATx,10X_17_028,Immature Neuron,BCL11B,15,15,15,15,True,0.1168835163116455
10X_17_028:CGACTTCTCACCCGAGx,10X_17_028,Immature Neuron,BCL11B,15,15,15,15,True,0.1380184292793274
10X_17_028:CGAGCCAAGCCAACAGx,10X_17_028,Immature Neuron,BCL11B,15,15,15,15,True,0.1514062881469726
10X_17_028:CCTTCGATCTACTCATx,10X_17_028,Immature Neuron,BCL11B,15,15,15,15,True,0.1124462485313415
10X_17_028:CGACCTTAGAATGTGTx,10X_17_028,Neuron,BCL11B,15,15,15,15,True,0.1408004760742187
10X_17_028:CGACCTTAGGACCACAx,10X_17_028,Immature Neuron,BCL11B,15,15,15,15,True,0.1263477206230163
10X_17_028:CGAATGTCAAAGTGCGx,10X_17_028,Immature Neuron,BCL11B,15,15,15,15,True,0.1258050203323364
10X_17_028:CGAACATTCGTTTATCx,10X_17_028,Neuron,BCL11B,15,15,15,15,True,0.1651811003684997
10X_17_028:CGACTTCTCGGATGTTx,10X_17_028,Neuron,BCL11B,15,15,15,15,True,0.1589561700820922
10X_17_028:CGCGGTACACACCGCAx,10X_17_028,Immature Neuron,BCL11B,15,15,15,15,True,0.1210969686508178
10X_17_028:CGATTGAAGTGGGATCx,10X_17_028,Immature Neuron,BCL11B,15,15,15,15,True,0.1242992877960205
10X_17_028:CGCGGTAGTCATATGCx,10X_17_028,Immature Neuron,BCL11B,15,15,15,15,True,0.154676079750061
10X_17_028:CGAGCCATCAACGGCCx,10X_17_028,Immature Neuron,BCL11B,15,15,15,15,True,0.1224583387374877
10X_17_028:CGATTGACATACTCTTx,10X_17_028,Neuron,BCL11B,15,15,15,15,True,0.1334174871444702
10X_17_028:CGCGGTAAGCCCAATTx,10X_17_028,Immature Neuron,BCL11B,15,15,15,15,True,0.1283183097839355
10X_17_028:CGATTGAAGCATCATCx,10X_17_028,Immature Neuron,BCL11B,15,15,15,15,True,0.1694503426551818
10X_17_028:CGGAGCTCATTAGGCTx,10X_17_028,Neuron,BCL11B,15,15,15,15,True,0.159274935722351
10X_17_028:CGGAGTCTCATCTGCCx,10X_17_028,Neuron,BCL11B,15,15,15,15,True,0.1479610204696655
10X_17_028:CGGAGCTAGCGTTCCGx,10X_17_028,Immature Neuron,BCL11B,15,15,15,15,True,0.1174693703651428
10X_17_028:CGCTTCAGTCGACTGCx,10X_17_028,Neuron,BCL11B,15,15,15,15,True,0.1251938343048095
10X_17_028:CGTAGGCGTCCAGTGCx,10X_17_028,Immature Neuron,BCL11B,15,15,15,15,True,0.1336811780929565
10X_17_028:CGTAGGCCAGCGATCCx,10X_17_028,Immature Neuron,BCL11B,15,15,15,15,True,0.1270893812179565
10X_17_028:CGGTTAAAGAAGAAGCx,10X_17_028,Immature Neuron,BCL11B,15,15,15,15,True,0.1134860515594482
10X_17_028:CGGCTAGGTGCACCACx,10X_17_028,Immature Neuron,BCL11B,15,15,15,15,True,0.1357712745666504
10X_17_028:CGTTAGATCCAAGCCGx,10X_17_028,Immature Neuron,BCL11B,15,15,15,15,True,0.1199206113815307
10X_17_028:CTAAGACCAATCCAACx,10X_17_028,Neuron,BCL11B,15,15,15,15,True,0.1223551630973815
10X_17_028:CTAACTTAGTGGCACAx,10X_17_028,Neuron,BCL11B,15,15,15,15,True,0.151396095752716
10X_17_028:CGTGAGCTCTGCAGTAx,10X_17_028,Immature Neuron,BCL11B,15,15,15,15,True,0.1352345943450927
10X_17_028:CGTTGGGAGTTAGCGGx,10X_17_028,Immature Neuron,BCL11B,15,15,15,15,True,0.1169690489768982
10X_17_028:CGTGTAAGTCTAGCGCx,10X_17_028,Immature Neuron,BCL11B,15,15,15,15,True,0.1279640793800354
10X_17_028:CGTGAGCTCTCCAACCx,10X_17_028,Neuron,BCL11B,15,15,15,15,True,0.1385044455528259
10X_17_028:CGTGTAAAGGGTGTTGx,10X_17_028,Neuron,BCL11B,15,15,15,15,True,0.1582148671150207
10X_17_028:CGTTGGGCAAGTAGTAx,10X_17_028,Immature Neuron,BCL11B,15,15,15,15,True,0.1523805856704712
10X_17_028:CGTTAGACAGACTCGCx,10X_17_028,Immature Neuron,BCL11B,15,15,15,15,True,0.1348775625228881
10X_17_028:CGTTCTGGTCTGCAATx,10X_17_028,Immature Neuron,BCL11B,15,15,15,15,True,0.1319652795791626
10X_17_028:CGTTCTGTCCCTCTTTx,10X_17_028,Neuron,BCL11B,15,15,15,15,True,0.1516832113265991
10X_17_028:CTAGAGTGTCGAACAGx,10X_17_028,Neuron,BCL11B,15,15,15,15,True,0.1810771822929382
10X_17_028:CTAATGGGTCGGCATCx,10X_17_028,Immature Neuron,BCL11B,15,15,15,15,True,0.1433572769165039
10X_17_028:CTAGCCTTCACCGTAAx,10X_17_028,Neuron,BCL11B,15,15,15,15,True,0.1710193753242492
10X_17_028:CTACCCACACCTATCCx,10X_17_028,Immature Neuron,BCL11B,15,15,15,15,True,0.1382551193237304
10X_17_028:CTACGTCGTTACGACTx,10X_17_028,Neuron,BCL11B,15,15,15,15,True,0.1691957116127014
10X_17_028:CTAGTGATCGCCATAAx,10X_17_028,Neuron,BCL11B,15,15,15,15,True,0.1522849798202514
10X_17_028:CTCCTAGAGTGGGATCx,10X_17_028,Immature Neuron,BCL11B,15,15,15,15,True,0.1211060881614685
10X_17_028:CTCATTATCGCGATCGx,10X_17_028,Neuron,BCL11B,15,15,15,15,True,0.1656498908996582
10X_17_028:CTCGGGAGTCTCCATCx,10X_17_028,Immature Neuron,BCL11B,15,15,15,15,True,0.1306267380714416
10X_17_028:CTCAGAATCCACGCAGx,10X_17_028,Immature Neuron,BCL11B,15,15,15,15,True,0.1327143907546997
10X_17_028:CTCGAGGCACTGTCGGx,10X_17_028,Neuron,BCL11B,15,15,15,15,True,0.1557768583297729
10X_17_028:CTCGGAGGTCACCTAAx,10X_17_028,Immature Neuron,BCL11B,15,15,15,15,True,0.1120355129241943
10X_17_028:CTCCTAGAGGCACATGx,10X_17_028,Immature Neuron,BCL11B,15,15,15,15,True,0.1406656503677368
10X_17_028:CTCGAGGGTCGCATATx,10X_17_028,Immature Neuron,BCL11B,15,15,15,15,True,0.1189215183258056
10X_17_028:CTCTGGTAGTGAAGTTx,10X_17_028,Immature Neuron,BCL11B,15,15,15,15,True,0.1306133270263672
10X_17_028:CTCTGGTGTTTGTTGGx,10X_17_028,Immature Neuron,BCL11B,15,15,15,15,True,0.1375685930252075
10X_17_028:CTGAAACTCAGTTGACx,10X_17_028,Immature Neuron,BCL11B,15,15,15,15,True,0.1279418468475341
10X_17_028:CTGAAACGTCGGCATCx,10X_17_028,Neuron,BCL11B,15,15,15,15,True,0.1812183260917663
10X_17_028:CTGATCCGTAGCGTCCx,10X_17_028,Immature Neuron,BCL11B,15,15,15,15,True,0.1253408193588256
10X_17_028:CTCGTCAGTCTCTTATx,10X_17_028,Immature Neuron,BCL11B,15,15,15,15,True,0.1235134601593017
10X_17_028:CTCTGGTCAGACGCTCx,10X_17_028,Neuron,BCL11B,15,15,15,15,True,0.1699183583259582
10X_17_028:CTCTGGTTCAACGGCCx,10X_17_028,Immature Neuron,BCL11B,15,15,15,15,True,0.1328440904617309
10X_17_028:CTGATAGGTTATGTGCx,10X_17_028,Neuron,BCL11B,15,15,15,15,True,0.1745272874832153
10X_17_028:CTCTGGTTCGTGGGAAx,10X_17_028,Immature Neuron,BCL11B,15,15,15,15,True,0.1426336765289306
10X_17_028:CTCTGGTAGGATGTATx,10X_17_028,Immature Neuron,BCL11B,15,15,15,15,True,0.1147344708442688
10X_17_028:CTGAAGTAGGCTAGCAx,10X_17_028,Neuron,BCL11B,15,15,15,15,True,0.1776131391525268
10X_17_028:CTGCCTAAGCAGCCTCx,10X_17_028,Immature Neuron,BCL11B,15,15,15,15,True,0.113261878490448
10X_17_028:CTGATAGTCAACACTGx,10X_17_028,Immature Neuron,BCL11B,15,15,15,15,True,0.1501043438911438
10X_17_028:CTCGTCATCACTTATCx,10X_17_028,Immature Neuron,BCL11B,15,15,15,15,True,0.1423631906509399
10X_17_028:CTGCCTATCACAACGTx,10X_17_028,Immature Neuron,BCL11B,15,15,15,15,True,0.1511081457138061
10X_17_028:CTTACCGAGGTCGGATx,10X_17_028,Immature Neuron,BCL11B,15,15,15,15,True,0.1901490688323974
10X_17_028:CTGTTTACATTTCAGGx,10X_17_028,Neuron,BCL11B,15,15,15,15,True,0.144913911819458
10X_17_028:CTGTTTAAGTAAGTACx,10X_17_028,Neuron,BCL11B,15,15,15,15,True,0.1322461366653442
10X_17_028:CTGGTCTAGTGAATTGx,10X_17_028,Immature Neuron,BCL11B,15,15,15,15,True,0.1278286576271057
10X_17_028:CTGGTCTCATGCCACGx,10X_17_028,Neuron,BCL11B,15,15,15,15,True,0.1318803429603576
10X_17_028:CTTGGCTGTGATAAGTx,10X_17_028,Immature Neuron,BCL11B,15,15,15,15,True,0.1310279369354248
10X_17_028:GAACCTAGTCATGCATx,10X_17_028,Neuron,BCL11B,15,15,15,15,True,0.1463282108306884
10X_17_028:CTTCTCTAGCCACCTGx,10X_17_028,Immature Neuron,BCL11B,15,15,15,15,True,0.1226382255554199
10X_17_028:GAACCTAAGACCTTTGx,10X_17_028,Immature Neuron,BCL11B,15,15,15,15,True,0.1438090801239013
10X_17_028:GAAACTCTCTGTCTATx,10X_17_028,Neuron,BCL11B,15,15,15,15,True,0.1732897162437439
10X_17_028:GAACCTATCCGCATCTx,10X_17_028,Immature Neuron,BCL11B,15,15,15,15,True,0.1299577951431274
10X_17_028:GAAATGAAGGATGCGTx,10X_17_028,Neuron,BCL11B,15,15,15,15,True,0.12415611743927
10X_17_028:GACACGCGTAGATTAGx,10X_17_028,Immature Neuron,BCL11B,15,15,15,15,True,0.1447945833206176
10X_17_028:GACACGCAGATATGCAx,10X_17_028,Immature Neuron,BCL11B,15,15,15,15,True,0.1206223368644714
10X_17_028:GAATAAGGTGACTACTx,10X_17_028,Immature Neuron,BCL11B,15,15,15,15,True,0.1395074725151062
10X_17_028:GAATGAAGTGTTTGGTx,10X_17_028,Immature Neuron,BCL11B,15,15,15,15,True,0.1209891438484191
10X_17_028:GAATAAGAGGCAGTCAx,10X_17_028,Immature Neuron,BCL11B,15,15,15,15,True,0.126217246055603
10X_17_028:GAATAAGTCACATGCAx,10X_17_028,Neuron,BCL11B,15,15,15,15,True,0.1870887279510498
10X_17_028:GACCTGGTCTCCGGTTx,10X_17_028,Immature Neuron,BCL11B,15,15,15,15,True,0.1524367928504943
10X_17_028:GAACGGAGTACAGTTCx,10X_17_028,Immature Neuron,BCL11B,15,15,15,15,True,0.1022447347640991
10X_17_028:GAATGAAAGCCGTCGTx,10X_17_028,Neuron,BCL11B,15,15,15,15,True,0.1620954871177673
10X_17_028:GACTACAGTGAGGCTAx,10X_17_028,Immature Neuron,BCL11B,15,15,15,15,True,0.126691997051239
10X_17_028:GAGCAGATCCTGCTTGx,10X_17_028,Immature Neuron,BCL11B,15,15,15,15,True,0.1350882649421692
10X_17_028:GACGTGCAGTGCGTGAx,10X_17_028,Neuron,BCL11B,15,15,15,15,True,0.1661120057106018
10X_17_028:GACGGCTTCCCACTTGx,10X_17_028,Neuron,BCL11B,15,15,15,15,True,0.1316089630126953
10X_17_028:GACGGCTCACGTAAGGx,10X_17_028,Immature Neuron,BCL11B,15,15,15,15,True,0.1233808994293212
10X_17_028:GAGCAGACAGCTGCTGx,10X_17_028,Immature Neuron,BCL11B,15,15,15,15,True,0.1337645053863525
10X_17_028:GACGCGTTCTTGCATTx,10X_17_028,Immature Neuron,BCL11B,15,15,15,15,True,0.1283252835273742
10X_17_028:GACGGCTGTCAAGCGAx,10X_17_028,Immature Neuron,BCL11B,15,15,15,15,True,0.1457871198654174
10X_17_028:GATCAGTGTACCGTATx,10X_17_028,Immature Neuron,BCL11B,15,15,15,15,True,0.1722899675369262
10X_17_028:GATCGTACATTATCTCx,10X_17_028,Immature Neuron,BCL11B,15,15,15,15,True,0.17438405752182
10X_17_028:GATCGTATCCAAACACx,10X_17_028,Neuron,BCL11B,15,15,15,15,True,0.1539520621299743
10X_17_028:GAGGTGAAGTGGGATCx,10X_17_028,Neuron,BCL11B,15,15,15,15,True,0.1144883632659912
10X_17_028:GATGAAATCCCAAGTAx,10X_17_028,Neuron,BCL11B,15,15,15,15,True,0.1858764886856079
10X_17_028:GATCTAGTCACAAACCx,10X_17_028,Immature Neuron,BCL11B,15,15,15,15,True,0.1205312013626098
10X_17_028:GATCGCGGTATGAATGx,10X_17_028,Immature Neuron,BCL11B,15,15,15,15,True,0.117022693157196
10X_17_028:GATCGCGAGGGCTTGAx,10X_17_028,Neuron,BCL11B,15,15,15,15,True,0.1556638479232788
10X_17_028:GATCTAGAGAGCCCAAx,10X_17_028,Neuron,BCL11B,15,15,15,15,True,0.1446426510810852
10X_17_028:GAGTCCGCACGGCGTTx,10X_17_028,Neuron,BCL11B,15,15,15,15,True,0.1648409366607666
10X_17_028:GAGTCCGTCACTATTCx,10X_17_028,Neuron,BCL11B,15,15,15,15,True,0.1598938107490539
10X_17_028:GCAGCCAGTGTGGTTTx,10X_17_028,Immature Neuron,BCL11B,15,15,15,15,True,0.1362918615341186
10X_17_028:GCACATATCGTAGGTTx,10X_17_028,Neuron,BCL11B,15,15,15,15,True,0.1454096436500549
10X_17_028:GCAGCCATCCTTAATCx,10X_17_028,Immature Neuron,BCL11B,15,15,15,15,True,0.1247516274452209
10X_17_028:GATGCTAAGGGTGTGTx,10X_17_028,Immature Neuron,BCL11B,15,15,15,15,True,0.1265627145767212
10X_17_028:GCAATCAGTTCTGAACx,10X_17_028,Immature Neuron,BCL11B,15,15,15,15,True,0.1240209341049194
10X_17_028:GCAATCATCCACTCCAx,10X_17_028,Neuron,BCL11B,15,15,15,15,True,0.161758542060852
10X_17_028:GCAGCCAAGTAGGCCAx,10X_17_028,Immature Neuron,BCL11B,15,15,15,15,True,0.1117722988128662
10X_17_028:GCAGCCACATTTGCCCx,10X_17_028,Neuron,BCL11B,15,15,15,15,True,0.1662666797637939
10X_17_028:GATGAGGCAAAGCAATx,10X_17_028,Immature Neuron,BCL11B,15,15,15,15,True,0.1432400941848755
10X_17_028:GCAATCACACGCGAAAx,10X_17_028,Neuron,BCL11B,15,15,15,15,True,0.1306056976318359
10X_17_028:GATGCTACAATGGAATx,10X_17_028,Immature Neuron,BCL11B,15,15,15,15,True,0.1197487115859985
10X_17_028:GCGCAGTCAATGGAATx,10X_17_028,Immature Neuron,BCL11B,15,15,15,15,True,0.1503087878227234
10X_17_028:GCATGCGTCACAACGTx,10X_17_028,Immature Neuron,BCL11B,15,15,15,15,True,0.1281242966651916
10X_17_028:GCCTCTACACGGACAAx,10X_17_028,Immature Neuron,BCL11B,15,15,15,15,True,0.1529538631439209
10X_17_028:GCCTCTACACATGGGAx,10X_17_028,Immature Neuron,BCL11B,15,15,15,15,True,0.1373720169067382
10X_17_028:GCATGTAAGATGTGGCx,10X_17_028,Immature Neuron,BCL11B,15,15,15,15,True,0.1224107146263122
10X_17_028:GCGAGAAAGTTACGGGx,10X_17_028,Immature Neuron,BCL11B,15,15,15,15,True,0.1419493556022644
10X_17_028:GCATGTATCGTGTAGTx,10X_17_028,Neuron,BCL11B,15,15,15,15,True,0.1437489986419677
10X_17_028:GCAGTTATCTGCGACGx,10X_17_028,Immature Neuron,BCL11B,15,15,15,15,True,0.1307839751243591
10X_17_028:GCATGTAGTGATAAACx,10X_17_028,Immature Neuron,BCL11B,15,15,15,15,True,0.131061315536499
10X_17_028:GCCAAATTCTCGTTTAx,10X_17_028,Immature Neuron,BCL11B,15,15,15,15,True,0.1118346452713012
10X_17_028:GCGCGATTCTGATACGx,10X_17_028,Neuron,BCL11B,15,15,15,15,True,0.1294088363647461
10X_17_028:GCTGCTTGTAGTGAATx,10X_17_028,Neuron,BCL11B,15,15,15,15,True,0.1210757493972778
10X_17_028:GCGCAGTTCCAAGCCGx,10X_17_028,Immature Neuron,BCL11B,15,15,15,15,True,0.122261643409729
10X_17_028:GCGCCAATCAGCATGTx,10X_17_028,Immature Neuron,BCL11B,15,15,15,15,True,0.1130846142768859
10X_17_028:GCTCCTATCACAGTACx,10X_17_028,Immature Neuron,BCL11B,15,15,15,15,True,0.1186351776123046
10X_17_028:GCGGGTTTCCAGAGGAx,10X_17_028,Immature Neuron,BCL11B,15,15,15,15,True,0.1617898344993591
10X_17_028:GCTGCAGCAAGTCTACx,10X_17_028,Neuron,BCL11B,15,15,15,15,True,0.1767678260803222
10X_17_028:GCTTGAATCATCGGATx,10X_17_028,Immature Neuron,BCL11B,15,15,15,15,True,0.1498620510101318
10X_17_028:GCTTCCAGTTCTCATTx,10X_17_028,Immature Neuron,BCL11B,15,15,15,15,True,0.1139519214630127
10X_17_028:GGAATAAGTCTGATCAx,10X_17_028,Neuron,BCL11B,15,15,15,15,True,0.1507803797721862
10X_17_028:GGACAAGGTTTGACTGx,10X_17_028,Neuron,BCL11B,15,15,15,15,True,0.1885703206062317
10X_17_028:GGACAGAAGACATAACx,10X_17_028,Immature Neuron,BCL11B,15,15,15,15,True,0.1268082857131958
10X_17_028:GCTGGGTGTCCAGTATx,10X_17_028,Immature Neuron,BCL11B,15,15,15,15,True,0.1202268004417419
10X_17_028:GGACAGAGTTTGTTTCx,10X_17_028,Neuron,BCL11B,15,15,15,15,True,0.1668428182601928
10X_17_028:GGCAATTGTCACACGCx,10X_17_028,Immature Neuron,BCL11B,15,15,15,15,True,0.1233868598937988
10X_17_028:GGAGCAATCTTTACGTx,10X_17_028,Immature Neuron,BCL11B,15,15,15,15,True,0.1197055578231811
10X_17_028:GGCCGATCATGAACCTx,10X_17_028,Immature Neuron,BCL11B,15,15,15,15,True,0.1746284961700439
10X_17_028:GGCAATTGTGATGATAx,10X_17_028,Immature Neuron,BCL11B,15,15,15,15,True,0.1078770756721496
10X_17_028:GGATTACGTAGGCATGx,10X_17_028,Immature Neuron,BCL11B,15,15,15,15,True,0.1218750476837158
10X_17_028:GGCAATTTCTCGCTTGx,10X_17_028,Immature Neuron,BCL11B,15,15,15,15,True,0.1467193961143493
10X_17_028:GGAGCAAGTGATAAGTx,10X_17_028,Immature Neuron,BCL11B,15,15,15,15,True,0.1127962470054626
10X_17_028:GGGAGATGTTTGGCGCx,10X_17_028,Immature Neuron,BCL11B,15,15,15,15,True,0.1554936170578003
10X_17_028:GGCGTGTCACAGACAGx,10X_17_028,Immature Neuron,BCL11B,15,15,15,15,True,0.1426566839218139
10X_17_028:GGCTGGTGTTAGGGTGx,10X_17_028,Immature Neuron,BCL11B,15,15,15,15,True,0.1349235773086547
10X_17_028:GGGCACTAGTACGCGAx,10X_17_028,Immature Neuron,BCL11B,15,15,15,15,True,0.1361631155014038
10X_17_028:GGGAGATCATTCCTCGx,10X_17_028,Immature Neuron,BCL11B,15,15,15,15,True,0.1144315004348754
10X_17_028:GGGAGATGTGCTCTTCx,10X_17_028,Immature Neuron,BCL11B,15,15,15,15,True,0.1246508359909057
10X_17_028:GGCGTGTTCTGGGCCAx,10X_17_028,Immature Neuron,BCL11B,15,15,15,15,True,0.1556074023246765
10X_17_028:GGGAATGCAATAACGAx,10X_17_028,Immature Neuron,BCL11B,15,15,15,15,True,0.113990306854248
10X_17_028:GGGAGATCAGCCTTTCx,10X_17_028,Immature Neuron,BCL11B,15,15,15,15,True,0.1374022960662841
10X_17_028:GGGCACTAGAGGTTGCx,10X_17_028,Neuron,BCL11B,15,15,15,15,True,0.1594739556312561
10X_17_028:GGTGTTATCTGCGTAAx,10X_17_028,Immature Neuron,BCL11B,15,15,15,15,True,0.1233314275741577
10X_17_028:GTAACGTGTGGCCCTAx,10X_17_028,Immature Neuron,BCL11B,15,15,15,15,True,0.1383083462715149
10X_17_028:GGGTCTGTCTAACTCTx,10X_17_028,Immature Neuron,BCL11B,15,15,15,15,True,0.1075758934020996
10X_17_028:GGTATTGTCTCCCTGAx,10X_17_028,Neuron,BCL11B,15,15,15,15,True,0.1769375205039978
10X_17_028:GTATTCTCAGGGAGAGx,10X_17_028,Neuron,BCL11B,15,15,15,15,True,0.1355648636817932
10X_17_028:GTACTCCGTGATAAGTx,10X_17_028,Neuron,BCL11B,15,15,15,15,True,0.1652801632881164
10X_17_028:GTAACTGCATCATCCCx,10X_17_028,Immature Neuron,BCL11B,15,15,15,15,True,0.112333595752716
10X_17_028:GTATTCTCATCGTCGGx,10X_17_028,Immature Neuron,BCL11B,15,15,15,15,True,0.13774174451828
10X_17_028:GTATCTTCACATAACCx,10X_17_028,Immature Neuron,BCL11B,15,15,15,15,True,0.1297919750213623
10X_17_028:GTAGGCCGTCGCGAAAx,10X_17_028,Immature Neuron,BCL11B,15,15,15,15,True,0.117550253868103
10X_17_028:GTAGTCAAGCCGATTTx,10X_17_028,Immature Neuron,BCL11B,15,15,15,15,True,0.1245568394660949
10X_17_028:GTAGTCAGTCGCCATGx,10X_17_028,Immature Neuron,BCL11B,15,15,15,15,True,0.115410029888153
10X_17_028:GTAACTGTCTCCTATAx,10X_17_028,Neuron,BCL11B,15,15,15,15,True,0.1556006669998169
10X_17_028:GTAGGCCGTTTGTTGGx,10X_17_028,Immature Neuron,BCL11B,15,15,15,15,True,0.1235241889953613
10X_17_028:GTCAAGTTCTGGCGACx,10X_17_028,Immature Neuron,BCL11B,15,15,15,15,True,0.1155512928962707
10X_17_028:GTCCTCATCACGACTAx,10X_17_028,Immature Neuron,BCL11B,15,15,15,15,True,0.1147748827934265
10X_17_028:GTCGGGTGTCGGCTCAx,10X_17_028,Immature Neuron,BCL11B,15,15,15,15,True,0.1478283405303955
10X_17_028:GTCACAAGTCGAAAGCx,10X_17_028,Neuron,BCL11B,15,15,15,15,True,0.1774337887763977
10X_17_028:GTCACGGGTCATATCGx,10X_17_028,Immature Neuron,BCL11B,15,15,15,15,True,0.1233957409858703
10X_17_028:GTCACAAGTCCAGTTAx,10X_17_028,Immature Neuron,BCL11B,15,15,15,15,True,0.1098957061767578
10X_17_028:GTCCTCACACTCGACGx,10X_17_028,Neuron,BCL11B,15,15,15,15,True,0.1273558139801025
10X_17_028:GTCCTCAAGTACTTGCx,10X_17_028,Immature Neuron,BCL11B,15,15,15,15,True,0.1588087081909179
10X_17_028:GTCCTCAAGATATGCAx,10X_17_028,Immature Neuron,BCL11B,15,15,15,15,True,0.1228139400482177
10X_17_028:GTCCTCAGTAGATTAGx,10X_17_028,Neuron,BCL11B,15,15,15,15,True,0.188064157962799
10X_17_028:GTCACGGCAGGTCGTCx,10X_17_028,Neuron,BCL11B,15,15,15,15,True,0.1208247542381286
10X_17_028:GTGAAGGCATGACGGAx,10X_17_028,Immature Neuron,BCL11B,15,15,15,15,True,0.1344094276428222
10X_17_028:GTGAAGGCACGAGAGTx,10X_17_028,Immature Neuron,BCL11B,15,15,15,15,True,0.1408452987670898
10X_17_028:GTGCTTCAGGCGATACx,10X_17_028,Immature Neuron,BCL11B,15,15,15,15,True,0.1431334018707275
10X_17_028:GTGCGGTCAAACGCGAx,10X_17_028,Immature Neuron,BCL11B,15,15,15,15,True,0.1440067887306213
10X_17_028:GTGCTTCGTGGACGATx,10X_17_028,Neuron,BCL11B,15,15,15,15,True,0.1550904512405395
10X_17_028:GTGCTTCAGAGACGAAx,10X_17_028,Neuron,BCL11B,15,15,15,15,True,0.1713759899139404
10X_17_028:GTGCAGCAGATCCCGCx,10X_17_028,Immature Neuron,BCL11B,15,15,15,15,True,0.1208997964859008
10X_17_028:GTGGGTCGTCGTCTTCx,10X_17_028,Immature Neuron,BCL11B,15,15,15,15,True,0.1364814639091491
10X_17_028:GTGGGTCAGGAATTACx,10X_17_028,Immature Neuron,BCL11B,15,15,15,15,True,0.1418948769569397
10X_17_028:GTGAAGGAGGCATTGGx,10X_17_028,Neuron,BCL11B,15,15,15,15,True,0.1638733744621276
10X_17_028:GTGCTTCTCAGCACATx,10X_17_028,Immature Neuron,BCL11B,15,15,15,15,True,0.1253039240837097
10X_17_028:GTGGGTCGTGTAACGGx,10X_17_028,Immature Neuron,BCL11B,15,15,15,15,True,0.1496480107307434
10X_17_028:GTGTTAGAGCGTGTCCx,10X_17_028,Immature Neuron,BCL11B,15,15,15,15,True,0.137686550617218
10X_17_028:GTGTTAGCATGGAATAx,10X_17_028,Immature Neuron,BCL11B,15,15,15,15,True,0.1333664655685424
10X_17_028:GTTAAGCAGGAGTACCx,10X_17_028,Neuron,BCL11B,15,15,15,15,True,0.1764639019966125
10X_17_028:GTGTGCGGTCCGACGTx,10X_17_028,Neuron,BCL11B,15,15,15,15,True,0.1659120321273803
10X_17_028:GTTCATTCATCTACGAx,10X_17_028,Neuron,BCL11B,15,15,15,15,True,0.1481626033782959
10X_17_028:GTTCATTGTTCCACGGx,10X_17_028,Immature Neuron,BCL11B,15,15,15,15,True,0.1229596734046936
10X_17_028:GTGTGCGCAATGTTGCx,10X_17_028,Immature Neuron,BCL11B,15,15,15,15,True,0.1232897043228149
10X_17_028:TAAGAGAGTAGAAAGGx,10X_17_028,Immature Neuron,BCL11B,15,15,15,15,True,0.1400842666625976
10X_17_028:GTGTGCGCAGCTATTGx,10X_17_028,Immature Neuron,BCL11B,15,15,15,15,True,0.1490774154663086
10X_17_028:GTTAAGCGTAGCGTCCx,10X_17_028,Immature Neuron,BCL11B,15,15,15,15,True,0.1246267557144165
10X_17_028:GTTTCTAGTTAGATGAx,10X_17_028,Immature Neuron,BCL11B,15,15,15,15,True,0.1291247606277465
10X_17_028:GTTACAGTCAGCTCTCx,10X_17_028,Immature Neuron,BCL11B,15,15,15,15,True,0.1366535425186157
10X_17_028:GTGTGCGGTTAAGTAGx,10X_17_028,Immature Neuron,BCL11B,15,15,15,15,True,0.1251707077026367
10X_17_028:TACACGAAGCAGATCGx,10X_17_028,Immature Neuron,BCL11B,15,15,15,15,True,0.1439778804779052
10X_17_028:TACAGTGCAGCCTATAx,10X_17_028,Immature Neuron,BCL11B,15,15,15,15,True,0.1363084316253662
10X_17_028:TACAGTGGTGAGTATAx,10X_17_028,Neuron,BCL11B,15,15,15,15,True,0.1380263566970825
10X_17_028:TACCTTAGTACACCGCx,10X_17_028,Immature Neuron,BCL11B,15,15,15,15,True,0.1266988515853881
10X_17_028:TACGGGCTCACAGGCCx,10X_17_028,Neuron,BCL11B,15,15,15,15,True,0.1505053639411926
10X_17_028:TAAGAGAGTATAGTAGx,10X_17_028,Immature Neuron,BCL11B,15,15,15,15,True,0.1452946066856384
10X_17_028:TAAGTGCTCGCATGATx,10X_17_028,Neuron,BCL11B,15,15,15,15,True,0.1681556701660156
10X_17_028:TACGGATCAGATCGGAx,10X_17_028,Immature Neuron,BCL11B,15,15,15,15,True,0.1292343139648437
10X_17_028:TACCTTATCCGGGTGTx,10X_17_028,Immature Neuron,BCL11B,15,15,15,15,True,0.1505223512649536
10X_17_028:TAAGTGCAGAGACTATx,10X_17_028,Immature Neuron,BCL11B,15,15,15,15,True,0.1225310564041137
10X_17_028:TACACGAGTTCCACGGx,10X_17_028,Neuron,BCL11B,15,15,15,15,True,0.1741383075714111
10X_17_028:TACCTTAAGTCATCCAx,10X_17_028,Immature Neuron,BCL11B,15,15,15,15,True,0.1196343302726745
10X_17_028:TACAGTGAGACCCACCx,10X_17_028,Neuron,BCL11B,15,15,15,15,True,0.137835681438446
10X_17_028:TAAGTGCAGGATGTATx,10X_17_028,Immature Neuron,BCL11B,15,15,15,15,True,0.1411923170089721
10X_17_028:TACTTACAGATGCCAGx,10X_17_028,Immature Neuron,BCL11B,15,15,15,15,True,0.1227856278419494
10X_17_028:TACTCATTCTTACCTAx,10X_17_028,Immature Neuron,BCL11B,15,15,15,15,True,0.1381641030311584
10X_17_028:TACTCGCCAGTACACTx,10X_17_028,Immature Neuron,BCL11B,15,15,15,15,True,0.1437519788742065
10X_17_028:TACTTGTCATGATCCAx,10X_17_028,Immature Neuron,BCL11B,15,15,15,15,True,0.1194194555282592
10X_17_028:TACTCATGTAATCACCx,10X_17_028,Immature Neuron,BCL11B,15,15,15,15,True,0.1453998684883117
10X_17_028:TAGACCAAGAGTAATCx,10X_17_028,Immature Neuron,BCL11B,15,15,15,15,True,0.1474392414093017
10X_17_028:TAGACCATCGGCTACGx,10X_17_028,Immature Neuron,BCL11B,15,15,15,15,True,0.1157845258712768
10X_17_028:TACTCATAGTGCGTGAx,10X_17_028,Immature Neuron,BCL11B,15,15,15,15,True,0.1218717098236084
10X_17_028:TACTCGCTCGTAGATCx,10X_17_028,Immature Neuron,BCL11B,15,15,15,15,True,0.1438032984733581
10X_17_028:TAGACCAGTAAAGGAGx,10X_17_028,Immature Neuron,BCL11B,15,15,15,15,True,0.1184302568435669
10X_17_028:TACTCATTCTCGTATTx,10X_17_028,Immature Neuron,BCL11B,15,15,15,15,True,0.130974531173706
10X_17_028:TATGCCCAGAAGATTCx,10X_17_028,Immature Neuron,BCL11B,15,15,15,15,True,0.1289593577384948
10X_17_028:TAGTGGTTCCAAGCCGx,10X_17_028,Immature Neuron,BCL11B,15,15,15,15,True,0.1174203753471374
10X_17_028:TAGCCGGGTTCCAACAx,10X_17_028,Neuron,BCL11B,15,15,15,15,True,0.1576763391494751
10X_17_028:TATGCCCGTACAGTGGx,10X_17_028,Immature Neuron,BCL11B,15,15,15,15,True,0.1443263888359069
10X_17_028:TATCTCAAGGTGCAACx,10X_17_028,Neuron,BCL11B,15,15,15,15,True,0.1440666913986206
10X_17_028:TAGGCATAGATAGGAGx,10X_17_028,Immature Neuron,BCL11B,15,15,15,15,True,0.1334689855575561
10X_17_028:TCAGATGCACTTCGAAx,10X_17_028,Immature Neuron,BCL11B,15,15,15,15,True,0.1483289003372192
10X_17_028:TCAGGATCAGGACCCTx,10X_17_028,Immature Neuron,BCL11B,15,15,15,15,True,0.137315034866333
10X_17_028:TCAATCTGTAAGGATTx,10X_17_028,Neuron,BCL11B,15,15,15,15,True,0.1739646196365356
10X_17_028:TCAGATGCAGTAACGGx,10X_17_028,Immature Neuron,BCL11B,15,15,15,15,True,0.1250208616256714
10X_17_028:TCAGGTACAAGCCGTCx,10X_17_028,Neuron,BCL11B,15,15,15,15,True,0.1726154088973999
10X_17_028:TCAATCTTCCAGTAGTx,10X_17_028,Immature Neuron,BCL11B,15,15,15,15,True,0.168522298336029
10X_17_028:TCAGGTACAGCCTTGGx,10X_17_028,Immature Neuron,BCL11B,15,15,15,15,True,0.1161688566207885
10X_17_028:TCAGCAAGTACCGTATx,10X_17_028,Immature Neuron,BCL11B,15,15,15,15,True,0.1343730688095092
10X_17_028:TCAGGATAGCGAGAAAx,10X_17_028,Immature Neuron,BCL11B,15,15,15,15,True,0.1757969260215759
10X_17_028:TCAGGTAGTAAAGTCAx,10X_17_028,Immature Neuron,BCL11B,15,15,15,15,True,0.1392613649368286
10X_17_028:TCAGGTAGTATAATGGx,10X_17_028,Neuron,BCL11B,15,15,15,15,True,0.1608896255493164
10X_17_028:TCGGGACAGCCACGTCx,10X_17_028,Immature Neuron,BCL11B,15,15,15,15,True,0.1421176195144653
10X_17_028:TCCCGATGTACTTAGCx,10X_17_028,Neuron,BCL11B,15,15,15,15,True,0.1428011655807495
10X_17_028:TCATTTGGTTCTGAACx,10X_17_028,Immature Neuron,BCL11B,15,15,15,15,True,0.1117021441459655
10X_17_028:TCCCGATCATCGATGTx,10X_17_028,Immature Neuron,BCL11B,15,15,15,15,True,0.121116042137146
10X_17_028:TCATTACTCTTTAGTCx,10X_17_028,Immature Neuron,BCL11B,15,15,15,15,True,0.1193552613258361
10X_17_028:TCCACACTCGTCGTTCx,10X_17_028,Immature Neuron,BCL11B,15,15,15,15,True,0.1375960111618042
10X_17_028:TCATTTGTCGTTGACAx,10X_17_028,Immature Neuron,BCL11B,15,15,15,15,True,0.1323262453079223
10X_17_028:TCGCGTTGTGCAACTTx,10X_17_028,Immature Neuron,BCL11B,15,15,15,15,True,0.1306377649307251
10X_17_028:TCTCTAAGTCCAACTAx,10X_17_028,Neuron,BCL11B,15,15,15,15,True,0.1811363101005554
10X_17_028:TCTCATAAGCCAGTTTx,10X_17_028,Immature Neuron,BCL11B,15,15,15,15,True,0.1512691974639892
10X_17_028:TCTCATACAAGTTAAGx,10X_17_028,Neuron,BCL11B,15,15,15,15,True,0.1681922674179077
10X_17_028:TCTCTAAAGGGTTTCTx,10X_17_028,Immature Neuron,BCL11B,15,15,15,15,True,0.1227114200592041
10X_17_028:TCTGAGATCCCGACTTx,10X_17_028,Neuron,BCL11B,15,15,15,15,True,0.1879109144210815
10X_17_028:TCTGAGATCGGAGCAAx,10X_17_028,Immature Neuron,BCL11B,15,15,15,15,True,0.1071168780326843
10X_17_028:TCTCTAAAGCCAGTTTx,10X_17_028,Immature Neuron,BCL11B,15,15,15,15,True,0.128042459487915
10X_17_028:TCTGGAATCAGCATGTx,10X_17_028,Immature Neuron,BCL11B,15,15,15,15,True,0.1380064487457275
10X_17_028:TCTGAGACAAACCTACx,10X_17_028,Neuron,BCL11B,15,15,15,15,True,0.1914232969284057
10X_17_028:TCTCTAACACGAAATAx,10X_17_028,Immature Neuron,BCL11B,15,15,15,15,True,0.1300714015960693
10X_17_028:TCTGGAACATCATCCCx,10X_17_028,Neuron,BCL11B,15,15,15,15,True,0.1837837100028991
10X_17_028:TGAGAGGCAAATACAGx,10X_17_028,Immature Neuron,BCL11B,15,15,15,15,True,0.135958194732666
10X_17_028:TGACAACTCTATGTGGx,10X_17_028,Immature Neuron,BCL11B,15,15,15,15,True,0.1272554397583007
10X_17_028:TGACGGCCAATGTTGCx,10X_17_028,Immature Neuron,BCL11B,15,15,15,15,True,0.1433668136596679
10X_17_028:TGACAACTCTCAAACGx,10X_17_028,Immature Neuron,BCL11B,15,15,15,15,True,0.1038989424705505
10X_17_028:TGAGAGGAGCGGCTTCx,10X_17_028,Immature Neuron,BCL11B,15,15,15,15,True,0.1247828006744384
10X_17_028:TCTTCGGTCTCCCTGAx,10X_17_028,Neuron,BCL11B,15,15,15,15,True,0.1314852237701416
10X_17_028:TGCCCATCATAGGATAx,10X_17_028,Immature Neuron,BCL11B,15,15,15,15,True,0.1200839281082153
10X_17_028:TGAGGGATCTGTCTCGx,10X_17_028,Immature Neuron,BCL11B,15,15,15,15,True,0.1253242492675781
10X_17_028:TGCCAAAAGAGCCCAAx,10X_17_028,Immature Neuron,BCL11B,15,15,15,15,True,0.138966679573059
10X_17_028:TGAGGGACACGTAAGGx,10X_17_028,Neuron,BCL11B,15,15,15,15,True,0.1439543962478637
10X_17_028:TGAGGGAGTGCTTCTCx,10X_17_028,Neuron,BCL11B,15,15,15,15,True,0.1423666477203369
10X_17_028:TGATTTCGTGACGCCTx,10X_17_028,Immature Neuron,BCL11B,15,15,15,15,True,0.1346988677978515
10X_17_028:TGAGGGATCGGTCCGAx,10X_17_028,Immature Neuron,BCL11B,15,15,15,15,True,0.1179712414741516
10X_17_028:TGAGGGAGTGTAAGTAx,10X_17_028,Immature Neuron,BCL11B,15,15,15,15,True,0.1235211491584777
10X_17_028:TGCACCTGTGAGGCTAx,10X_17_028,Neuron,BCL11B,15,15,15,15,True,0.1390966176986694
10X_17_028:TGCCAAAAGATGCCAGx,10X_17_028,Immature Neuron,BCL11B,15,15,15,15,True,0.1342803239822387
10X_17_028:TGGCCAGCAAACGCGAx,10X_17_028,Immature Neuron,BCL11B,15,15,15,15,True,0.109590470790863
10X_17_028:TGCTACCTCGATGAGGx,10X_17_028,Neuron,BCL11B,15,15,15,15,True,0.1293379068374633
10X_17_028:TGCGCAGCAACGCACCx,10X_17_028,Immature Neuron,BCL11B,15,15,15,15,True,0.1025342941284179
10X_17_028:TGCGTGGGTAGGCATGx,10X_17_028,Immature Neuron,BCL11B,15,15,15,15,True,0.1620195508003235
10X_17_028:TGCTACCAGTGCAAGCx,10X_17_028,Immature Neuron,BCL11B,15,15,15,15,True,0.1273938417434692
10X_17_028:TGCTGCTAGACTAGATx,10X_17_028,Immature Neuron,BCL11B,15,15,15,15,True,0.1100561022758483
10X_17_028:TGGGCGTTCTGCAGTAx,10X_17_028,Neuron,BCL11B,15,15,15,15,True,0.158978521823883
10X_17_028:TGGCTGGTCTGTTGAGx,10X_17_028,Immature Neuron,BCL11B,15,15,15,15,True,0.1248812675476074
10X_17_028:TGGCGCACATGTTGACx,10X_17_028,Neuron,BCL11B,15,15,15,15,True,0.1309859752655029
10X_17_028:TGGGAAGTCAGGCCCAx,10X_17_028,Immature Neuron,BCL11B,15,15,15,15,True,0.1361870765686035
10X_17_028:TGGTTCCCATATGGTCx,10X_17_028,Neuron,BCL11B,15,15,15,15,True,0.1627782583236694
10X_17_028:TGGCGCATCCATTCTAx,10X_17_028,Neuron,BCL11B,15,15,15,15,True,0.1515230536460876
10X_17_028:TGTATTCGTTACGTCAx,10X_17_028,Immature Neuron,BCL11B,15,15,15,15,True,0.1475821733474731
10X_17_028:TGGGCGTTCACGCATAx,10X_17_028,Neuron,BCL11B,15,15,15,15,True,0.1528835296630859
10X_17_028:TGTTCCGGTTTAAGCCx,10X_17_028,Immature Neuron,BCL11B,15,15,15,15,True,0.1099189519882202
10X_17_028:TGTGGTATCCTTTCGGx,10X_17_028,Immature Neuron,BCL11B,15,15,15,15,True,0.1325868368148803
10X_17_028:TGTTCCGCAGGACCCTx,10X_17_028,Immature Neuron,BCL11B,15,15,15,15,True,0.1296006441116333
10X_17_028:TTAGTTCAGAATTGTGx,10X_17_028,Neuron,BCL11B,15,15,15,15,True,0.1614915132522583
10X_17_028:TGTGGTATCGCCATAAx,10X_17_028,Immature Neuron,BCL11B,15,15,15,15,True,0.1280364990234375
10X_17_028:TTAGTTCAGTACGCCCx,10X_17_028,Immature Neuron,BCL11B,15,15,15,15,True,0.1695663332939148
10X_17_028:TGTGTTTCATACCATGx,10X_17_028,Neuron,BCL11B,15,15,15,15,True,0.1390319466590881
10X_17_028:TTAGTTCGTCCCTACTx,10X_17_028,Neuron,BCL11B,15,15,15,15,True,0.1768403053283691
10X_17_028:TTAGGCATCAGTACGTx,10X_17_028,Immature Neuron,BCL11B,15,15,15,15,True,0.1532414555549621
10X_17_028:TTCGGTCCATTACCTTx,10X_17_028,Neuron,BCL11B,15,15,15,15,True,0.136335551738739
10X_17_028:TTCTCAATCGACCAGCx,10X_17_028,Immature Neuron,BCL11B,15,15,15,15,True,0.1087923049926757
10X_17_028:TTCTCAACACCCAGTGx,10X_17_028,Immature Neuron,BCL11B,15,15,15,15,True,0.1756759881973266
10X_17_028:TTCTCAAGTTTAAGCCx,10X_17_028,Immature Neuron,BCL11B,15,15,15,15,True,0.1269360780715942
10X_17_028:TTCTTAGGTTCCCGAGx,10X_17_028,Immature Neuron,BCL11B,15,15,15,15,True,0.1146382689476013
10X_17_028:TTGAACGGTTCGTGATx,10X_17_028,Immature Neuron,BCL11B,15,15,15,15,True,0.1413296461105346
10X_17_028:TTGAACGTCGTATCAGx,10X_17_028,Neuron,BCL11B,15,15,15,15,True,0.1677769422531128
10X_17_028:TTTACTGGTCGGCACTx,10X_17_028,Immature Neuron,BCL11B,15,15,15,15,True,0.1206936836242675
10X_17_028:TTGCCGTTCCTTTCGGx,10X_17_028,Immature Neuron,BCL11B,15,15,15,15,True,0.1238964200019836
10X_17_028:TTGCGTCCAAATTGCCx,10X_17_028,Neuron,BCL11B,15,15,15,15,True,0.1567176580429077
10X_17_028:TTTGTCATCTGCCCTAx,10X_17_028,Neuron,BCL11B,15,15,15,15,True,0.1750679016113281
10X_17_028:TTTGTCACAGACGCCTx,10X_17_028,Immature Neuron,BCL11B,15,15,15,15,True,0.1574847102165222
10X_17_028:TTTCCTCTCGACAGCCx,10X_17_028,Immature Neuron,BCL11B,15,15,15,15,True,0.1279733777046203
10X_17_029:AAACGGGAGATTACCCx,10X_17_029,Neuron,BCL11B,15,15,15,15,True,0.1654188632965088
10X_17_029:AAATGCCTCTAACTCTx,10X_17_029,Immature Neuron,BCL11B,15,15,15,15,True,0.1152073144912719
10X_17_029:AACACGTAGGTAGCCAx,10X_17_029,Immature Neuron,BCL11B,15,15,15,15,True,0.1107004880905151
10X_17_029:AACTCTTCAGACAGGTx,10X_17_029,Immature Neuron,BCL11B,15,15,15,15,True,0.109421968460083
10X_17_029:AACACGTCATTACGACx,10X_17_029,Immature Neuron,BCL11B,15,15,15,15,True,0.1332579255104065
10X_17_029:AAACGGGTCGCTAGCGx,10X_17_029,Immature Neuron,BCL11B,15,15,15,15,True,0.1177433729171752
10X_17_029:AACTCAGTCACTATTCx,10X_17_029,Immature Neuron,BCL11B,15,15,15,15,True,0.1210520267486572
10X_17_029:AAGCCGCGTCCGACGTx,10X_17_029,Immature Neuron,BCL11B,15,15,15,15,True,0.1181065440177917
10X_17_029:AATCCAGAGTACATGAx,10X_17_029,Neuron,BCL11B,15,15,15,15,True,0.1373924016952514
10X_17_029:ACAGCCGTCTTCGGTCx,10X_17_029,Immature Neuron,BCL11B,15,15,15,15,True,0.1271336078643798
10X_17_029:ACAGCCGAGCTGAAATx,10X_17_029,Immature Neuron,BCL11B,15,15,15,15,True,0.148551344871521
10X_17_029:AATCCAGCAGACGCTCx,10X_17_029,Immature Neuron,BCL11B,15,15,15,15,True,0.1235194206237793
10X_17_029:AAGGAGCCAGATTGCTx,10X_17_029,Neuron,BCL11B,15,15,15,15,True,0.132434606552124
10X_17_029:AAGGTTCAGGAGCGTTx,10X_17_029,Immature Neuron,BCL11B,15,15,15,15,True,0.1193431615829467
10X_17_029:AAGTCTGAGCAAATCAx,10X_17_029,Immature Neuron,BCL11B,15,15,15,15,True,0.1260830163955688
10X_17_029:AAGGCAGCAAGACGTGx,10X_17_029,Neuron,BCL11B,15,15,15,15,True,0.1532468795776367
10X_17_029:ACGCCAGAGACAAAGGx,10X_17_029,Immature Neuron,BCL11B,15,15,15,15,True,0.1206763982772827
10X_17_029:ACCAGTATCGGTTCGGx,10X_17_029,Immature Neuron,BCL11B,15,15,15,15,True,0.1243712306022644
10X_17_029:ACCTTTAAGTATTGGAx,10X_17_029,Immature Neuron,BCL11B,15,15,15,15,True,0.1392092704772949
10X_17_029:ACGAGCCCATACGCCGx,10X_17_029,Neuron,BCL11B,15,15,15,15,True,0.1318383812904358
10X_17_029:ACGATGTGTCTCCACTx,10X_17_029,Immature Neuron,BCL11B,15,15,15,15,True,0.1480357050895691
10X_17_029:ACCTTTAAGCAGATCGx,10X_17_029,Immature Neuron,BCL11B,15,15,15,15,True,0.1376441717147827
10X_17_029:ACGGGTCCATCACGTAx,10X_17_029,Immature Neuron,BCL11B,15,15,15,15,True,0.1149791479110717
10X_17_029:ACTTTCACACCCATTCx,10X_17_029,Immature Neuron,BCL11B,15,15,15,15,True,0.1318252086639404
10X_17_029:ACTTGTTGTTTGACTGx,10X_17_029,Immature Neuron,BCL11B,15,15,15,15,True,0.1223533153533935
10X_17_029:ACTGTCCTCACTTCATx,10X_17_029,Immature Neuron,BCL11B,15,15,15,15,True,0.1511067152023315
10X_17_029:ACGGGTCTCGACGGAAx,10X_17_029,Neuron,BCL11B,15,15,15,15,True,0.1475099325180053
10X_17_029:AGCCTAAAGCGTGAACx,10X_17_029,Neuron,BCL11B,15,15,15,15,True,0.1691488027572631
10X_17_029:AGCGTATGTATAGGGCx,10X_17_029,Immature Neuron,BCL11B,15,15,15,15,True,0.13316011428833
10X_17_029:AGCGTATGTGACAAATx,10X_17_029,Immature Neuron,BCL11B,15,15,15,15,True,0.1340717673301696
10X_17_029:AGATTGCTCCTACAGAx,10X_17_029,Immature Neuron,BCL11B,15,15,15,15,True,0.1265105009078979
10X_17_029:AGCGTCGCACTCGACGx,10X_17_029,Immature Neuron,BCL11B,15,15,15,15,True,0.1097804307937622
10X_17_029:AGCAGCCAGTCTCGGCx,10X_17_029,Immature Neuron,BCL11B,15,15,15,15,True,0.1324437260627746
10X_17_029:AGATTGCTCCGAGCCAx,10X_17_029,Immature Neuron,BCL11B,15,15,15,15,True,0.1262654662132263
10X_17_029:AGCCTAACATGGGACAx,10X_17_029,Immature Neuron,BCL11B,15,15,15,15,True,0.1148702502250671
10X_17_029:AGACGTTAGATGGCGTx,10X_17_029,Immature Neuron,BCL11B,15,15,15,15,True,0.1319711804389953
10X_17_029:AGCATACCAATGAAACx,10X_17_029,Neuron,BCL11B,15,15,15,15,True,0.1742427349090576
10X_17_029:AGCTCCTAGAAACCTAx,10X_17_029,Neuron,BCL11B,15,15,15,15,True,0.1716830730438232
10X_17_029:AGCAGCCAGCCATCGCx,10X_17_029,Neuron,BCL11B,15,15,15,15,True,0.1491903662681579
10X_17_029:AGCTCCTCATGGGACAx,10X_17_029,Immature Neuron,BCL11B,15,15,15,15,True,0.1397390365600586
10X_17_029:AGGGTGAAGCGCTTATx,10X_17_029,Neuron,BCL11B,15,15,15,15,True,0.1420811414718628
10X_17_029:AGGGTGACAATGGACGx,10X_17_029,Immature Neuron,BCL11B,15,15,15,15,True,0.1360099911689758
10X_17_029:AGGTCATGTTGGTTTGx,10X_17_029,Immature Neuron,BCL11B,15,15,15,15,True,0.1558420062065124
10X_17_029:AGCTCTCGTAAGTGGCx,10X_17_029,Immature Neuron,BCL11B,15,15,15,15,True,0.1245214939117431
10X_17_029:AGGGATGAGTCATGCTx,10X_17_029,Neuron,BCL11B,15,15,15,15,True,0.15277761220932
10X_17_029:AGGGATGTCTTGAGGTx,10X_17_029,Immature Neuron,BCL11B,15,15,15,15,True,0.1360304951667785
10X_17_029:AGGGAGTGTCACAAGGx,10X_17_029,Immature Neuron,BCL11B,15,15,15,15,True,0.1240789890289306
10X_17_029:AGGTCCGAGTCCAGGAx,10X_17_029,Immature Neuron,BCL11B,15,15,15,15,True,0.1140123605728149
10X_17_029:AGTGAGGAGAACTCGGx,10X_17_029,Immature Neuron,BCL11B,15,15,15,15,True,0.1392766237258911
10X_17_029:AGGCCACGTGACGCCTx,10X_17_029,Neuron,BCL11B,15,15,15,15,True,0.1391178369522094
10X_17_029:AGTGTCAGTTCGCTAAx,10X_17_029,Immature Neuron,BCL11B,15,15,15,15,True,0.1258696317672729
10X_17_029:AGTTGGTGTCTAGAGGx,10X_17_029,Immature Neuron,BCL11B,15,15,15,15,True,0.1098537445068359
10X_17_029:ATAAGAGAGTCTTGCAx,10X_17_029,Immature Neuron,BCL11B,15,15,15,15,True,0.1199603080749511
10X_17_029:ATAAGAGTCTACCAGAx,10X_17_029,Immature Neuron,BCL11B,15,15,15,15,True,0.1328063011169433
10X_17_029:ATGCGATAGACTTTCGx,10X_17_029,Immature Neuron,BCL11B,15,15,15,15,True,0.1386201381683349
10X_17_029:ATCTGCCAGTCTCCTCx,10X_17_029,Immature Neuron,BCL11B,15,15,15,15,True,0.1395429372787475
10X_17_029:AGTGTCAGTCCGCTGAx,10X_17_029,Immature Neuron,BCL11B,15,15,15,15,True,0.1184178590774536
10X_17_029:ATAACGCGTCGAACAGx,10X_17_029,Immature Neuron,BCL11B,15,15,15,15,True,0.1312685012817382
10X_17_029:ATCATGGCACCTGGTGx,10X_17_029,Neuron,BCL11B,15,15,15,15,True,0.1580350399017334
10X_17_029:ATCATCTTCCCAGGTGx,10X_17_029,Neuron,BCL11B,15,15,15,15,True,0.1411291360855102
10X_17_029:ATAGACCTCATGCTCCx,10X_17_029,Immature Neuron,BCL11B,15,15,15,15,True,0.1314030885696411
10X_17_029:ATCTGCCAGCTCAACTx,10X_17_029,Immature Neuron,BCL11B,15,15,15,15,True,0.13507741689682
10X_17_029:ATTCTACTCTCTAGGAx,10X_17_029,Immature Neuron,BCL11B,15,15,15,15,True,0.1157631874084472
10X_17_029:CAACCTCCACGTAAGGx,10X_17_029,Immature Neuron,BCL11B,15,15,15,15,True,0.1417733430862426
10X_17_029:ATTTCTGGTCGGCTCAx,10X_17_029,Neuron,BCL11B,15,15,15,15,True,0.162733793258667
10X_17_029:ATGGGAGGTTTGTGTGx,10X_17_029,Immature Neuron,BCL11B,15,15,15,15,True,0.1616953611373901
10X_17_029:CACAAACCACTATCTTx,10X_17_029,Neuron,BCL11B,15,15,15,15,True,0.1321210265159607
10X_17_029:ATTACTCCATTCGACAx,10X_17_029,Immature Neuron,BCL11B,15,15,15,15,True,0.1335124969482422
10X_17_029:CAACCAACAGGCGATAx,10X_17_029,Immature Neuron,BCL11B,15,15,15,15,True,0.1281778216361999
10X_17_029:CAAGGCCAGGTGCTAGx,10X_17_029,Immature Neuron,BCL11B,15,15,15,15,True,0.1150591373443603
10X_17_029:CAGAGAGCATCGGACCx,10X_17_029,Immature Neuron,BCL11B,15,15,15,15,True,0.1252275705337524
10X_17_029:CACCTTGCAGGTTTCAx,10X_17_029,Immature Neuron,BCL11B,15,15,15,15,True,0.1453507542610168
10X_17_029:CAGCAGCGTACCGCTGx,10X_17_029,Immature Neuron,BCL11B,15,15,15,15,True,0.1180554628372192
10X_17_029:CACACCTCACACCGCAx,10X_17_029,Neuron,BCL11B,15,15,15,15,True,0.1364225149154663
10X_17_029:CACACAAGTGTCTGATx,10X_17_029,Neuron,BCL11B,15,15,15,15,True,0.1939725279808044
10X_17_029:CACCACTCACCAACCGx,10X_17_029,Immature Neuron,BCL11B,15,15,15,15,True,0.1490726470947265
10X_17_029:CACACAACAAGCCCACx,10X_17_029,Neuron,BCL11B,15,15,15,15,True,0.1480118632316589
10X_17_029:CAGCAGCCACCGAAAGx,10X_17_029,Immature Neuron,BCL11B,15,15,15,15,True,0.1321991682052612
10X_17_029:CACTCCAGTGAACCTTx,10X_17_029,Neuron,BCL11B,15,15,15,15,True,0.1713239550590515
10X_17_029:CAGATCATCATCGGATx,10X_17_029,Immature Neuron,BCL11B,15,15,15,15,True,0.1178119182586669
10X_17_029:CACACCTTCTCGCATCx,10X_17_029,Neuron,BCL11B,15,15,15,15,True,0.1494730710983276
10X_17_029:CACATAGAGCCTTGATx,10X_17_029,Neuron,BCL11B,15,15,15,15,True,0.1384165287017822
10X_17_029:CAGAATCGTCACAAGGx,10X_17_029,Immature Neuron,BCL11B,15,15,15,15,True,0.1217120885848999
10X_17_029:CACACAACAGATGGCAx,10X_17_029,Immature Neuron,BCL11B,15,15,15,15,True,0.1102716326713562
10X_17_029:CAGCTAACAAATACAGx,10X_17_029,Immature Neuron,BCL11B,15,15,15,15,True,0.1411124467849731
10X_17_029:CATATTCCAGTAACGGx,10X_17_029,Immature Neuron,BCL11B,15,15,15,15,True,0.1252513527870178
10X_17_029:CAGTAACTCAACCATGx,10X_17_029,Immature Neuron,BCL11B,15,15,15,15,True,0.1247826814651489
10X_17_029:CAGCGACAGCGATAGCx,10X_17_029,Neuron,BCL11B,15,15,15,15,True,0.1643232107162475
10X_17_029:CAGTCCTTCCAAACTGx,10X_17_029,Immature Neuron,BCL11B,15,15,15,15,True,0.1755566596984863
10X_17_029:CATATTCCATGACATCx,10X_17_029,Immature Neuron,BCL11B,15,15,15,15,True,0.1160212159156799
10X_17_029:CAGGTGCAGACTACAAx,10X_17_029,Neuron,BCL11B,15,15,15,15,True,0.1775825023651123
10X_17_029:CAGGTGCGTACTCGCGx,10X_17_029,Neuron,BCL11B,15,15,15,15,True,0.1480641365051269
10X_17_029:CATCAAGCATGTCGATx,10X_17_029,Immature Neuron,BCL11B,15,15,15,15,True,0.1053772568702697
10X_17_029:CATATTCCAGGAATCGx,10X_17_029,Immature Neuron,BCL11B,15,15,15,15,True,0.1137732863426208
10X_17_029:CAGCTAATCTTGAGACx,10X_17_029,Immature Neuron,BCL11B,15,15,15,15,True,0.1210190057754516
10X_17_029:CAGCGACCAACTGGCCx,10X_17_029,Neuron,BCL11B,15,15,15,15,True,0.1593807339668274
10X_17_029:CAGTAACTCACCAGGCx,10X_17_029,Immature Neuron,BCL11B,15,15,15,15,True,0.1627008914947509
10X_17_029:CATCAGATCGGAGGTAx,10X_17_029,Neuron,BCL11B,15,15,15,15,True,0.1526203155517578
10X_17_029:CCACGGAAGGGTCTCCx,10X_17_029,Immature Neuron,BCL11B,15,15,15,15,True,0.1308180689811706
10X_17_029:CATTATCAGCAGACTGx,10X_17_029,Immature Neuron,BCL11B,15,15,15,15,True,0.128334641456604
10X_17_029:CATGCCTGTTTAAGCCx,10X_17_029,Immature Neuron,BCL11B,15,15,15,15,True,0.1561949253082275
10X_17_029:CATCAGAAGCGTTTACx,10X_17_029,Neuron,BCL11B,15,15,15,15,True,0.1809812188148498
10X_17_029:CCAATCCAGTTGAGATx,10X_17_029,Neuron,BCL11B,15,15,15,15,True,0.1256272792816162
10X_17_029:CATTCGCCACTTACGAx,10X_17_029,Neuron,BCL11B,15,15,15,15,True,0.1606174707412719
10X_17_029:CCAATCCCAGGAACGTx,10X_17_029,Neuron,BCL11B,15,15,15,15,True,0.1177751421928405
10X_17_029:CATGGCGGTCCAGTATx,10X_17_029,Immature Neuron,BCL11B,15,15,15,15,True,0.1401599049568176
10X_17_029:CCACTACGTGATGTCTx,10X_17_029,Immature Neuron,BCL11B,15,15,15,15,True,0.1138639450073242
10X_17_029:CCGTTCATCGGATGTTx,10X_17_029,Immature Neuron,BCL11B,15,15,15,15,True,0.1414250135421753
10X_17_029:CCCAATCAGACTACAAx,10X_17_029,Immature Neuron,BCL11B,15,15,15,15,True,0.1240695118904113
10X_17_029:CCCTCCTAGCACCGCTx,10X_17_029,Immature Neuron,BCL11B,15,15,15,15,True,0.132580816745758
10X_17_029:CCCTCCTTCATGCTCCx,10X_17_029,Neuron,BCL11B,15,15,15,15,True,0.1838300228118896
10X_17_029:CCGTTCATCCGCATCTx,10X_17_029,Immature Neuron,BCL11B,15,15,15,15,True,0.1195903420448303
10X_17_029:CCATTCGCAAAGCGGTx,10X_17_029,Immature Neuron,BCL11B,15,15,15,15,True,0.1228832006454467
10X_17_029:CCGTACTAGATGTGGCx,10X_17_029,Immature Neuron,BCL11B,15,15,15,15,True,0.115827202796936
10X_17_029:CCATGTCGTACTTAGCx,10X_17_029,Immature Neuron,BCL11B,15,15,15,15,True,0.1295787692070007
10X_17_029:CCCATACTCCCGGATGx,10X_17_029,Immature Neuron,BCL11B,15,15,15,15,True,0.1216130256652832
10X_17_029:CCCTCCTGTCTCATCCx,10X_17_029,Neuron,BCL11B,15,15,15,15,True,0.1638811826705932
10X_17_029:CGAATGTAGTTCGATCx,10X_17_029,Neuron,BCL11B,15,15,15,15,True,0.1506080627441406
10X_17_029:CGATCGGGTACGCACCx,10X_17_029,Immature Neuron,BCL11B,15,15,15,15,True,0.1363627910614013
10X_17_029:CCTCAGTTCAGTCCCTx,10X_17_029,Immature Neuron,BCL11B,15,15,15,15,True,0.1322277784347534
10X_17_029:CCTAGCTGTGAGTATAx,10X_17_029,Immature Neuron,BCL11B,15,15,15,15,True,0.140565276145935
10X_17_029:CGAATGTAGTTCGCATx,10X_17_029,Immature Neuron,BCL11B,15,15,15,15,True,0.1349944472312927
10X_17_029:CGAATGTAGACTAGATx,10X_17_029,Immature Neuron,BCL11B,15,15,15,15,True,0.1243376731872558
10X_17_029:CGAGCCACATAAAGGTx,10X_17_029,Immature Neuron,BCL11B,15,15,15,15,True,0.1261980533599853
10X_17_029:CCTTCCCGTCCGACGTx,10X_17_029,Immature Neuron,BCL11B,15,15,15,15,True,0.117191731929779
10X_17_029:CGAGCACAGATCGATAx,10X_17_029,Immature Neuron,BCL11B,15,15,15,15,True,0.1161766052246093
10X_17_029:CGACTTCGTTTACTCTx,10X_17_029,Immature Neuron,BCL11B,15,15,15,15,True,0.1232801079750061
10X_17_029:CCTTCGATCCAAACTGx,10X_17_029,Neuron,BCL11B,15,15,15,15,True,0.1665847301483154
10X_17_029:CCTTCCCAGAATCTCCx,10X_17_029,Neuron,BCL11B,15,15,15,15,True,0.1940830945968628
10X_17_029:CGACTTCCATAAAGGTx,10X_17_029,Immature Neuron,BCL11B,15,15,15,15,True,0.1416372060775756
10X_17_029:CGAGAAGTCCTATTCAx,10X_17_029,Neuron,BCL11B,15,15,15,15,True,0.1676383018493652
10X_17_029:CGATCGGAGAGACTATx,10X_17_029,Immature Neuron,BCL11B,15,15,15,15,True,0.1237622499465942
10X_17_029:CGAGAAGGTGACTACTx,10X_17_029,Immature Neuron,BCL11B,15,15,15,15,True,0.1248573064804077
10X_17_029:CGAACATTCGCGCCAAx,10X_17_029,Immature Neuron,BCL11B,15,15,15,15,True,0.1107780933380127
10X_17_029:CGAGAAGAGCCCAGCTx,10X_17_029,Neuron,BCL11B,15,15,15,15,True,0.1267422437667846
10X_17_029:CGATCGGTCGTCACGGx,10X_17_029,Immature Neuron,BCL11B,15,15,15,15,True,0.1057165265083313
10X_17_029:CGCTGGAAGGCAGTCAx,10X_17_029,Immature Neuron,BCL11B,15,15,15,15,True,0.1083341240882873
10X_17_029:CGGACTGGTGGTCTCGx,10X_17_029,Neuron,BCL11B,15,15,15,15,True,0.115631103515625
10X_17_029:CGCCAAGCATGACGGAx,10X_17_029,Neuron,BCL11B,15,15,15,15,True,0.1370481252670288
10X_17_029:CGATGGCTCCAAACTGx,10X_17_029,Immature Neuron,BCL11B,15,15,15,15,True,0.118025004863739
10X_17_029:CGCGTTTTCTTCGGTCx,10X_17_029,Immature Neuron,BCL11B,15,15,15,15,True,0.1336301565170288
10X_17_029:CGCTGGACATTGGTACx,10X_17_029,Neuron,BCL11B,15,15,15,15,True,0.1559975147247314
10X_17_029:CGTCACTCAATGTAAGx,10X_17_029,Immature Neuron,BCL11B,15,15,15,15,True,0.1152576804161071
10X_17_029:CGGTTAAAGCAGACTGx,10X_17_029,Neuron,BCL11B,15,15,15,15,True,0.1539183259010315
10X_17_029:CGTGTAACAGTAACGGx,10X_17_029,Immature Neuron,BCL11B,15,15,15,15,True,0.1195303797721862
10X_17_029:CGTTCTGAGCGGCTTCx,10X_17_029,Immature Neuron,BCL11B,15,15,15,15,True,0.1477870345115661
10X_17_029:CGGGTCAAGCAGCCTCx,10X_17_029,Immature Neuron,BCL11B,15,15,15,15,True,0.1580615639686584
10X_17_029:CGTAGCGGTTTAGCTGx,10X_17_029,Immature Neuron,BCL11B,15,15,15,15,True,0.1453654766082763
10X_17_029:CGTGTCTCAGCTCGACx,10X_17_029,Immature Neuron,BCL11B,15,15,15,15,True,0.1292251944541931
10X_17_029:CGTCTACGTCCGAGTCx,10X_17_029,Neuron,BCL11B,15,15,15,15,True,0.1434688568115234
10X_17_029:CGTTAGATCGTTACAGx,10X_17_029,Immature Neuron,BCL11B,15,15,15,15,True,0.1198934912681579
10X_17_029:CGTCACTTCCTACAGAx,10X_17_029,Immature Neuron,BCL11B,15,15,15,15,True,0.1076315641403198
10X_17_029:CGTGTCTCAGACGCCTx,10X_17_029,Immature Neuron,BCL11B,15,15,15,15,True,0.1357428431510925
10X_17_029:CTCCTAGCACGACGAAx,10X_17_029,Immature Neuron,BCL11B,15,15,15,15,True,0.1309064626693725
10X_17_029:CTACGTCTCAGTTTGGx,10X_17_029,Immature Neuron,BCL11B,15,15,15,15,True,0.1204673051834106
10X_17_029:CTACATTAGGATGGAAx,10X_17_029,Immature Neuron,BCL11B,15,15,15,15,True,0.1300901174545288
10X_17_029:CTCACACAGTAATCCCx,10X_17_029,Immature Neuron,BCL11B,15,15,15,15,True,0.1340903639793396
10X_17_029:CTAGTGATCAAACAAGx,10X_17_029,Neuron,BCL11B,15,15,15,15,True,0.1276061534881591
10X_17_029:CTACACCAGACACGACx,10X_17_029,Immature Neuron,BCL11B,15,15,15,15,True,0.1419538855552673
10X_17_029:CTAAGACGTACCGTATx,10X_17_029,Immature Neuron,BCL11B,15,15,15,15,True,0.1173630356788635
10X_17_029:CTCATTAAGTACGCCCx,10X_17_029,Neuron,BCL11B,15,15,15,15,True,0.1641982197761535
10X_17_029:CTAACTTTCCTCCTAGx,10X_17_029,Immature Neuron,BCL11B,15,15,15,15,True,0.1323769688606262
10X_17_029:CTCGGAGAGTGAAGAGx,10X_17_029,Neuron,BCL11B,15,15,15,15,True,0.1508165597915649
10X_17_029:CTGAAGTTCAGGCAAGx,10X_17_029,Immature Neuron,BCL11B,15,15,15,15,True,0.131730854511261
10X_17_029:CTCGAAATCGCCATAAx,10X_17_029,Immature Neuron,BCL11B,15,15,15,15,True,0.1271551251411438
10X_17_029:CTCTGGTCACGAAACGx,10X_17_029,Immature Neuron,BCL11B,15,15,15,15,True,0.1222432851791381
10X_17_029:CTGATCCCATTTCAGGx,10X_17_029,Neuron,BCL11B,15,15,15,15,True,0.161228060722351
10X_17_029:CTCTAATTCCCATTATx,10X_17_029,Immature Neuron,BCL11B,15,15,15,15,True,0.1294023990631103
10X_17_029:CTGATCCAGTACGTAAx,10X_17_029,Immature Neuron,BCL11B,15,15,15,15,True,0.1165827512741088
10X_17_029:CTCTACGAGGGCTCTCx,10X_17_029,Immature Neuron,BCL11B,15,15,15,15,True,0.10626882314682
10X_17_029:CTCGAGGGTGACCAAGx,10X_17_029,Immature Neuron,BCL11B,15,15,15,15,True,0.1108230948448181
10X_17_029:CTGCCTAAGTTAAGTGx,10X_17_029,Immature Neuron,BCL11B,15,15,15,15,True,0.1267793774604797
10X_17_029:CTTAGGATCTTGTACTx,10X_17_029,Immature Neuron,BCL11B,15,15,15,15,True,0.1101588606834411
10X_17_029:GAAATGATCGTTTATCx,10X_17_029,Immature Neuron,BCL11B,15,15,15,15,True,0.1345764398574829
10X_17_029:CTGCGGATCATACGGTx,10X_17_029,Immature Neuron,BCL11B,15,15,15,15,True,0.1350475549697876
10X_17_029:GAACCTAAGCGGATCAx,10X_17_029,Immature Neuron,BCL11B,15,15,15,15,True,0.1160363554954528
10X_17_029:CTTTGCGCATCAGTCAx,10X_17_029,Immature Neuron,BCL11B,15,15,15,15,True,0.1237764954566955
10X_17_029:CTTAGGACAAAGAATCx,10X_17_029,Immature Neuron,BCL11B,15,15,15,15,True,0.1455013751983642
10X_17_029:GAACATCTCATTGCCCx,10X_17_029,Immature Neuron,BCL11B,15,15,15,15,True,0.1560901999473571
10X_17_029:GAAACTCTCGCAAACTx,10X_17_029,Immature Neuron,BCL11B,15,15,15,15,True,0.1276488304138183
10X_17_029:GAAACTCTCGGATGGAx,10X_17_029,Immature Neuron,BCL11B,15,15,15,15,True,0.1265327334403991
10X_17_029:CTGTGCTAGTCCCACGx,10X_17_029,Neuron,BCL11B,15,15,15,15,True,0.1409010887145996
10X_17_029:CTGCGGAGTACACCGCx,10X_17_029,Neuron,BCL11B,15,15,15,15,True,0.1586893796920776
10X_17_029:GAACATCTCAGAGCTTx,10X_17_029,Immature Neuron,BCL11B,15,15,15,15,True,0.1322136521339416
10X_17_029:CTTAACTAGGTGATATx,10X_17_029,Neuron,BCL11B,15,15,15,15,True,0.1524286866188049
10X_17_029:GAAATGAAGCCCAACCx,10X_17_029,Immature Neuron,BCL11B,15,15,15,15,True,0.1384873390197754
10X_17_029:GAACCTAGTTCAACCAx,10X_17_029,Immature Neuron,BCL11B,15,15,15,15,True,0.1241010427474975
10X_17_029:GAACCTAAGGAGCGAGx,10X_17_029,Neuron,BCL11B,15,15,15,15,True,0.1495400071144104
10X_17_029:GACCAATAGTACGCGAx,10X_17_029,Immature Neuron,BCL11B,15,15,15,15,True,0.1254942417144775
10X_17_029:GACCAATAGAACTGTAx,10X_17_029,Immature Neuron,BCL11B,15,15,15,15,True,0.1279011964797973
10X_17_029:GAACGGAGTGCACCACx,10X_17_029,Immature Neuron,BCL11B,15,15,15,15,True,0.119652509689331
10X_17_029:GACGTTATCTAACTCTx,10X_17_029,Immature Neuron,BCL11B,15,15,15,15,True,0.1556702852249145
10X_17_029:GACTAACCATCGATTGx,10X_17_029,Immature Neuron,BCL11B,15,15,15,15,True,0.1117390990257263
10X_17_029:GAATAAGCATAGACTCx,10X_17_029,Immature Neuron,BCL11B,15,15,15,15,True,0.1187434196472168
10X_17_029:GACCTGGCATCGATTGx,10X_17_029,Immature Neuron,BCL11B,15,15,15,15,True,0.1057527661323547
10X_17_029:GACCAATGTATTACCGx,10X_17_029,Neuron,BCL11B,15,15,15,15,True,0.1699546575546264
10X_17_029:GAGGTGAAGGCAGTCAx,10X_17_029,Immature Neuron,BCL11B,15,15,15,15,True,0.1331738233566284
10X_17_029:GACTACATCGTCTGAAx,10X_17_029,Neuron,BCL11B,15,15,15,15,True,0.1749391555786132
10X_17_029:GATCGCGCATCTATGGx,10X_17_029,Neuron,BCL11B,15,15,15,15,True,0.1762410402297973
10X_17_029:GATCGTAAGAGTGAGAx,10X_17_029,Immature Neuron,BCL11B,15,15,15,15,True,0.1101463437080383
10X_17_029:GCAATCAAGAGTAAGGx,10X_17_029,Immature Neuron,BCL11B,15,15,15,15,True,0.1556784510612487
10X_17_029:GATCAGTAGGGTTTCTx,10X_17_029,Immature Neuron,BCL11B,15,15,15,15,True,0.1209617853164672
10X_17_029:GAGGTGATCGCATGATx,10X_17_029,Immature Neuron,BCL11B,15,15,15,15,True,0.1159408688545227
10X_17_029:GATCAGTTCCGGGTGTx,10X_17_029,Immature Neuron,BCL11B,15,15,15,15,True,0.1268969774246215
10X_17_029:GCATGTATCGCCAGCAx,10X_17_029,Neuron,BCL11B,15,15,15,15,True,0.1601495146751403
10X_17_029:GCGAGAATCTCAAGTGx,10X_17_029,Immature Neuron,BCL11B,15,15,15,15,True,0.1176190376281738
10X_17_029:GCATGTAGTGCCTTGGx,10X_17_029,Neuron,BCL11B,15,15,15,15,True,0.1391123533248901
10X_17_029:GCTGCTTGTCCAAGTTx,10X_17_029,Immature Neuron,BCL11B,15,15,15,15,True,0.1302332282066345
10X_17_029:GGAAAGCTCCGTAGTAx,10X_17_029,Neuron,BCL11B,15,15,15,15,True,0.1765810251235962
10X_17_029:GCGCAGTTCCGCAAGCx,10X_17_029,Immature Neuron,BCL11B,15,15,15,15,True,0.1467416286468505
10X_17_029:GCGCCAAGTTCATGGTx,10X_17_029,Immature Neuron,BCL11B,15,15,15,15,True,0.1343713402748108
10X_17_029:GCTGGGTCACATTCGAx,10X_17_029,Immature Neuron,BCL11B,15,15,15,15,True,0.1140316128730773
10X_17_029:GGAAAGCTCTGGCGTGx,10X_17_029,Neuron,BCL11B,15,15,15,15,True,0.1672688722610473
10X_17_029:GGAACTTAGTGAAGAGx,10X_17_029,Immature Neuron,BCL11B,15,15,15,15,True,0.1335728168487548
10X_17_029:GCTGGGTGTCTAAACCx,10X_17_029,Immature Neuron,BCL11B,15,15,15,15,True,0.1485147476196289
10X_17_029:GGCTGGTCAAACCCATx,10X_17_029,Immature Neuron,BCL11B,15,15,15,15,True,0.1202062964439392
10X_17_029:GGAGCAACAGTACACTx,10X_17_029,Immature Neuron,BCL11B,15,15,15,15,True,0.1161489486694336
10X_17_029:GGATTACTCTGTCTCGx,10X_17_029,Neuron,BCL11B,15,15,15,15,True,0.1580925583839416
10X_17_029:GGCAATTCACGTGAGAx,10X_17_029,Immature Neuron,BCL11B,15,15,15,15,True,0.1187334060668945
10X_17_029:GGTATTGCATGATCCAx,10X_17_029,Immature Neuron,BCL11B,15,15,15,15,True,0.1399757862091064
10X_17_029:GTACGTACACAACTGTx,10X_17_029,Immature Neuron,BCL11B,15,15,15,15,True,0.1415380239486694
10X_17_029:GGGATGAAGTCTCCTCx,10X_17_029,Neuron,BCL11B,15,15,15,15,True,0.1504666805267334
10X_17_029:GGTATTGTCAGCGATTx,10X_17_029,Immature Neuron,BCL11B,15,15,15,15,True,0.1102967262268066
10X_17_029:GTAACGTTCCGAGCCAx,10X_17_029,Neuron,BCL11B,15,15,15,15,True,0.1611274480819702
10X_17_029:GGGAGATTCATCGATGx,10X_17_029,Immature Neuron,BCL11B,15,15,15,15,True,0.110078752040863
10X_17_029:GGGCACTCACATAACCx,10X_17_029,Immature Neuron,BCL11B,15,15,15,15,True,0.1185023784637451
10X_17_029:GGTGAAGGTTCCATGAx,10X_17_029,Immature Neuron,BCL11B,15,15,15,15,True,0.1031761169433593
10X_17_029:GTCCTCAGTGAGCGATx,10X_17_029,Immature Neuron,BCL11B,15,15,15,15,True,0.1186271905899047
10X_17_029:GTCACAACAGCCAATTx,10X_17_029,Immature Neuron,BCL11B,15,15,15,15,True,0.1175861358642578
10X_17_029:GTCGGGTCACGTTGGCx,10X_17_029,Immature Neuron,BCL11B,15,15,15,15,True,0.1165702939033508
10X_17_029:GTATCTTCAGACGTAGx,10X_17_029,Immature Neuron,BCL11B,15,15,15,15,True,0.1533362865447998
10X_17_029:GTCCTCATCAACGCTAx,10X_17_029,Immature Neuron,BCL11B,15,15,15,15,True,0.1078177690505981
10X_17_029:GTATCTTTCGAATGGGx,10X_17_029,Immature Neuron,BCL11B,15,15,15,15,True,0.1129932403564453
10X_17_029:GTACTTTCAGTCAGAGx,10X_17_029,Immature Neuron,BCL11B,15,15,15,15,True,0.1347085237503051
10X_17_029:GTATTCTCACTCGACGx,10X_17_029,Neuron,BCL11B,15,15,15,15,True,0.1269267797470092
10X_17_029:GTATCTTGTGTCGCTGx,10X_17_029,Immature Neuron,BCL11B,15,15,15,15,True,0.146000325679779
10X_17_029:GTATCTTGTCCGTCAGx,10X_17_029,Immature Neuron,BCL11B,15,15,15,15,True,0.1378208994865417
10X_17_029:GTAGTCAGTTCCATGAx,10X_17_029,Immature Neuron,BCL11B,15,15,15,15,True,0.1201919317245483
10X_17_029:GTATCTTTCAGGCAAGx,10X_17_029,Immature Neuron,BCL11B,15,15,15,15,True,0.1220731735229492
10X_17_029:GTATTCTCAAAGTGCGx,10X_17_029,Immature Neuron,BCL11B,15,15,15,15,True,0.1258952617645263
10X_17_029:GTTAAGCGTACGCACCx,10X_17_029,Neuron,BCL11B,15,15,15,15,True,0.1268907785415649
10X_17_029:GTGCATATCTTTACACx,10X_17_029,Immature Neuron,BCL11B,15,15,15,15,True,0.1341465711593628
10X_17_029:GTGGGTCCACTCTGTCx,10X_17_029,Immature Neuron,BCL11B,15,15,15,15,True,0.1080788969993591
10X_17_029:GTTAAGCGTACGACCCx,10X_17_029,Neuron,BCL11B,15,15,15,15,True,0.1232394576072692
10X_17_029:GTGGGTCGTGCTGTATx,10X_17_029,Neuron,BCL11B,15,15,15,15,True,0.1253088116645813
10X_17_029:GTCTCGTAGAGTACATx,10X_17_029,Immature Neuron,BCL11B,15,15,15,15,True,0.1283400058746338
10X_17_029:GTTCATTTCTACTCATx,10X_17_029,Immature Neuron,BCL11B,15,15,15,15,True,0.131745159626007
10X_17_029:TACCTATGTACGCTGCx,10X_17_029,Immature Neuron,BCL11B,15,15,15,15,True,0.1317663192749023
10X_17_029:TACACGAGTCTCTTATx,10X_17_029,Immature Neuron,BCL11B,15,15,15,15,True,0.1248902082443237
10X_17_029:GTTACAGGTCCAGTTAx,10X_17_029,Immature Neuron,BCL11B,15,15,15,15,True,0.1161645054817199
10X_17_029:TAAGCGTCAATTCCTTx,10X_17_029,Neuron,BCL11B,15,15,15,15,True,0.1177056431770324
10X_17_029:GTTCTCGCAAGTTAAGx,10X_17_029,Neuron,BCL11B,15,15,15,15,True,0.1510185003280639
10X_17_029:GTTCGGGGTACAGTGGx,10X_17_029,Immature Neuron,BCL11B,15,15,15,15,True,0.128332257270813
10X_17_029:TACAGTGCAGTATGCTx,10X_17_029,Immature Neuron,BCL11B,15,15,15,15,True,0.1320645809173584
10X_17_029:TATCTCATCGTATCAGx,10X_17_029,Immature Neuron,BCL11B,15,15,15,15,True,0.1249656677246093
10X_17_029:TAGACCAGTATTCTCTx,10X_17_029,Immature Neuron,BCL11B,15,15,15,15,True,0.1299167871475219
10X_17_029:TACTCATTCATGTGGTx,10X_17_029,Immature Neuron,BCL11B,15,15,15,15,True,0.116339087486267
10X_17_029:TATCAGGAGGCCGAATx,10X_17_029,Immature Neuron,BCL11B,15,15,15,15,True,0.1054041981697082
10X_17_029:TAGACCAGTCCGAAGAx,10X_17_029,Immature Neuron,BCL11B,15,15,15,15,True,0.1120790243148803
10X_17_029:TAGAGCTAGACAAGCCx,10X_17_029,Immature Neuron,BCL11B,15,15,15,15,True,0.1235347986221313
10X_17_029:TACGGATAGTTTAGGAx,10X_17_029,Immature Neuron,BCL11B,15,15,15,15,True,0.1176275610923767
10X_17_029:TACTCGCAGGAGCGTTx,10X_17_029,Immature Neuron,BCL11B,15,15,15,15,True,0.1418685317039489
10X_17_029:TACTTACCAGTAAGATx,10X_17_029,Neuron,BCL11B,15,15,15,15,True,0.1424781084060669
10X_17_029:TAGGCATTCGCTAGCGx,10X_17_029,Neuron,BCL11B,15,15,15,15,True,0.1669946908950805
10X_17_029:TACGGATTCCGAACGCx,10X_17_029,Immature Neuron,BCL11B,15,15,15,15,True,0.1252328157424926
10X_17_029:TAGACCAGTCGACTATx,10X_17_029,Neuron,BCL11B,15,15,15,15,True,0.1609665751457214
10X_17_029:TCATTACAGCAGCGTAx,10X_17_029,Neuron,BCL11B,15,15,15,15,True,0.1397080421447754
10X_17_029:TCCACACCACATTTCTx,10X_17_029,Neuron,BCL11B,15,15,15,15,True,0.1596244573593139
10X_17_029:TCATTTGTCCTCCTAGx,10X_17_029,Neuron,BCL11B,15,15,15,15,True,0.1895981431007385
10X_17_029:TCAACGAAGTGAAGTTx,10X_17_029,Immature Neuron,BCL11B,15,15,15,15,True,0.1239939928054809
10X_17_029:TCAGGTACATCTGGTAx,10X_17_029,Neuron,BCL11B,15,15,15,15,True,0.1274476051330566
10X_17_029:TCACAAGTCTTGCATTx,10X_17_029,Immature Neuron,BCL11B,15,15,15,15,True,0.1308616995811462
10X_17_029:TCAGGTACAGCTGCACx,10X_17_029,Neuron,BCL11B,15,15,15,15,True,0.1733106970787048
10X_17_029:TCACGAACATGTTCCCx,10X_17_029,Neuron,BCL11B,15,15,15,15,True,0.1594387292861938
10X_17_029:TCATTACGTCTAACGTx,10X_17_029,Immature Neuron,BCL11B,15,15,15,15,True,0.1592013835906982
10X_17_029:TCATTACCAATGAATGx,10X_17_029,Immature Neuron,BCL11B,15,15,15,15,True,0.1228594779968261
10X_17_029:TCATTACTCTACTTACx,10X_17_029,Immature Neuron,BCL11B,15,15,15,15,True,0.1313019394874572
10X_17_029:TCTTTCCAGACTCGGAx,10X_17_029,Immature Neuron,BCL11B,15,15,15,15,True,0.1326346397399902
10X_17_029:TCGCGTTTCTTAGAGCx,10X_17_029,Neuron,BCL11B,15,15,15,15,True,0.1971116065979004
10X_17_029:TCGTACCGTAAGAGAGx,10X_17_029,Immature Neuron,BCL11B,15,15,15,15,True,0.1439342498779297
10X_17_029:TCGTAGATCACGAAGGx,10X_17_029,Immature Neuron,BCL11B,15,15,15,15,True,0.1290050745010376
10X_17_029:TCTTTCCAGAAGGGTAx,10X_17_029,Immature Neuron,BCL11B,15,15,15,15,True,0.1157352328300476
10X_17_029:TCTTTCCAGGCAATTAx,10X_17_029,Immature Neuron,BCL11B,15,15,15,15,True,0.132953941822052
10X_17_029:TCTCATAGTGCCTGTGx,10X_17_029,Immature Neuron,BCL11B,15,15,15,15,True,0.1130247712135315
10X_17_029:TCTTTCCCATCATCCCx,10X_17_029,Immature Neuron,BCL11B,15,15,15,15,True,0.1246953010559082
10X_17_029:TGACTTTAGTCCTCCTx,10X_17_029,Neuron,BCL11B,15,15,15,15,True,0.1828091144561767
10X_17_029:TGCCAAAGTGTAATGAx,10X_17_029,Immature Neuron,BCL11B,15,15,15,15,True,0.1305219531059265
10X_17_029:TGACAACAGTTCGCATx,10X_17_029,Immature Neuron,BCL11B,15,15,15,15,True,0.1219320297241211
10X_17_029:TGAAAGACAATGAATGx,10X_17_029,Immature Neuron,BCL11B,15,15,15,15,True,0.1232436895370483
10X_17_029:TGCACCTAGCGCCTCAx,10X_17_029,Immature Neuron,BCL11B,15,15,15,15,True,0.1171469688415527
10X_17_029:TGACGGCCAACTGGCCx,10X_17_029,Immature Neuron,BCL11B,15,15,15,15,True,0.130037248134613
10X_17_029:TGAGGGAGTGTAACGGx,10X_17_029,Immature Neuron,BCL11B,15,15,15,15,True,0.1231438517570495
10X_17_029:TGCGTGGCAAAGCGGTx,10X_17_029,Immature Neuron,BCL11B,15,15,15,15,True,0.1089992523193359
10X_17_029:TGCTGCTTCTAGAGTCx,10X_17_029,Immature Neuron,BCL11B,15,15,15,15,True,0.1168426275253295
10X_17_029:TGGGCGTCATACTCTTx,10X_17_029,Neuron,BCL11B,15,15,15,15,True,0.2136012315750122
10X_17_029:TGGTTAGAGGAGTTTAx,10X_17_029,Immature Neuron,BCL11B,15,15,15,15,True,0.1190778613090515
10X_17_029:TGGGAAGAGTTACGGGx,10X_17_029,Neuron,BCL11B,15,15,15,15,True,0.1575880050659179
10X_17_029:TGGGCGTGTGGTACAGx,10X_17_029,Neuron,BCL11B,15,15,15,15,True,0.1544135808944702
10X_17_029:TGGACGCGTCCTGCTTx,10X_17_029,Immature Neuron,BCL11B,15,15,15,15,True,0.1253834962844848
10X_17_029:TGTTCCGAGCGCTTATx,10X_17_029,Neuron,BCL11B,15,15,15,15,True,0.1403446197509765
10X_17_029:TGTGGTAAGACCTAGGx,10X_17_029,Immature Neuron,BCL11B,15,15,15,15,True,0.1241257190704345
10X_17_029:TTCCCAGCAGGGTATGx,10X_17_029,Immature Neuron,BCL11B,15,15,15,15,True,0.1064270734786987
10X_17_029:TGTGGTACACCACGTGx,10X_17_029,Neuron,BCL11B,15,15,15,15,True,0.1532852053642273
10X_17_029:TGTCCCACATCCGTGGx,10X_17_029,Immature Neuron,BCL11B,15,15,15,15,True,0.1567645072937011
10X_17_029:TGTTCCGAGTCCATACx,10X_17_029,Immature Neuron,BCL11B,15,15,15,15,True,0.1071717739105224
10X_17_029:TTCCCAGGTACCGCTGx,10X_17_029,Immature Neuron,BCL11B,15,15,15,15,True,0.1288531422615051
10X_17_029:TGTGGTAGTTGCGTTAx,10X_17_029,Immature Neuron,BCL11B,15,15,15,15,True,0.1255959868431091
10X_17_029:TTATGCTAGCTAGTCTx,10X_17_029,Neuron,BCL11B,15,15,15,15,True,0.1590430736541748
10X_17_029:TGTTCCGGTACTTCTTx,10X_17_029,Neuron,BCL11B,15,15,15,15,True,0.1596760749816894
10X_17_029:TTCTACATCAGTGCATx,10X_17_029,Immature Neuron,BCL11B,15,15,15,15,True,0.1383780241012573
10X_17_029:TTCTACAAGTTAAGTGx,10X_17_029,Immature Neuron,BCL11B,15,15,15,15,True,0.126149296760559
10X_17_029:TTCTCCTTCAGGCAAGx,10X_17_029,Immature Neuron,BCL11B,15,15,15,15,True,0.1477452516555786
10X_17_029:TTGCGTCCAACTGGCCx,10X_17_029,Neuron,BCL11B,15,15,15,15,True,0.1736872196197509
10X_17_029:TTCTACAGTCCGCTGAx,10X_17_029,Immature Neuron,BCL11B,15,15,15,15,True,0.1188609600067138
10X_17_029:TTGCGTCAGGCACATGx,10X_17_029,Neuron,BCL11B,15,15,15,15,True,0.1740995645523071
10X_17_029:TTGACTTCAGTAGAGCx,10X_17_029,Neuron,BCL11B,15,15,15,15,True,0.1422963738441467
10X_17_029:TTGGAACTCTGCTGTCx,10X_17_029,Immature Neuron,BCL11B,15,15,15,15,True,0.1263396739959716
10X_17_029:TTCTTAGGTTCCACAAx,10X_17_029,Immature Neuron,BCL11B,15,15,15,15,True,0.1255393028259277
10X_17_029:TTCTTAGAGACGACGTx,10X_17_029,Immature Neuron,BCL11B,15,15,15,15,True,0.1306079030036926
10X_17_029:TTGTAGGTCCAGAGGAx,10X_17_029,Immature Neuron,BCL11B,15,15,15,15,True,0.1303942203521728
10X_17_029:TTGTAGGAGGATATACx,10X_17_029,Immature Neuron,BCL11B,15,15,15,15,True,0.1306509971618652
10X_17_029:TTTACTGTCTTTACACx,10X_17_029,Immature Neuron,BCL11B,15,15,15,15,True,0.1296024322509765
10X_17_029:TTTGGTTGTACCCAATx,10X_17_029,Neuron,BCL11B,15,15,15,15,True,0.1351279020309448
