cell_id,sample,cell_type,gene,u_bin,s_bin,type_a,type_b,u_hidden_mean,s_hidden_mean,us_cosine_distance
10X_17_028:AAAGTAGCAAAGTCAAx,10X_17_028,Radial Glia,FOXG1,6,15,Immature Neuron,Radial Glia,0.2054615169763565,0.056539714336395264,0.733482837677002
10X_17_028:AAATGCCGTAGCGCTCx,10X_17_028,Radial Glia,FOXG1,6,15,Immature Neuron,Radial Glia,0.17663678526878357,0.03443688154220581,0.7522379159927368
10X_17_028:ACACCCTGTCCAGTTAx,10X_17_028,Radial Glia,FOXG1,6,15,Immature Neuron,Radial Glia,0.16364696621894836,0.04461926221847534,0.72962886095047
10X_17_028:AAGGTTCGTCTGCAATx,10X_17_028,Immature Neuron,FOXG1,6,15,Immature Neuron,Radial Glia,0.24636872112751007,0.11084847897291183,0.6843024492263794
10X_17_028:ACATCAGCAAGAAAGGx,10X_17_028,Immature Neuron,FOXG1,6,15,Immature Neuron,Radial Glia,0.3105947971343994,0.10639160871505737,0.6796648502349854
10X_17_028:ACATACGGTACAGTTCx,10X_17_028,Immature Neuron,FOXG1,6,15,Immature Neuron,Radial Glia,0.2676936984062195,0.11030396074056625,0.6746357083320618
10X_17_028:ACGGGCTCATCGTCGGx,10X_17_028,Radial Glia,FOXG1,6,15,Immature Neuron,Radial Glia,0.2110830545425415,0.032561808824539185,0.744294285774231
10X_17_028:ACTGTCCGTCCATGATx,10X_17_028,Radial Glia,FOXG1,6,15,Immature Neuron,Radial Glia,0.1596004068851471,0.04570215940475464,0.7856959104537964
10X_17_028:ACTTACTAGCCTTGATx,10X_17_028,Immature Neuron,FOXG1,6,15,Immature Neuron,Radial Glia,0.27654871344566345,0.14921757578849792,0.6745772957801819
10X_17_028:AGAATAGAGGCTACGAx,10X_17_028,Radial Glia,FOXG1,6,15,Immature Neuron,Radial Glia,0.18574613332748413,0.010170400142669678,0.7543736696243286
10X_17_028:ACTGTCCGTCCAGTTAx,10X_17_028,Radial Glia,FOXG1,6,15,Immature Neuron,Radial Glia,0.1789725124835968,0.025735408067703247,0.7643344402313232
10X_17_028:ACTGAGTGTGATGCCCx,10X_17_028,Immature Neuron,FOXG1,6,15,Immature Neuron,Radial Glia,0.25453275442123413,0.08846583962440491,0.6831760406494141
10X_17_028:AGAGTGGAGGGATACCx,10X_17_028,Immature Neuron,FOXG1,6,15,Immature Neuron,Radial Glia,0.254345566034317,0.08194328844547272,0.6797215938568115
10X_17_028:AGAGCTTCACGTGAGAx,10X_17_028,Radial Glia,FOXG1,6,15,Immature Neuron,Radial Glia,0.18899323046207428,0.04941660165786743,0.7269942760467529
10X_17_028:AGGGATGTCTGCAGTAx,10X_17_028,Immature Neuron,FOXG1,6,15,Immature Neuron,Radial Glia,0.2712526321411133,0.09961685538291931,0.6765239238739014
10X_17_028:ATCATCTGTCTACCTCx,10X_17_028,Radial Glia,FOXG1,6,15,Immature Neuron,Radial Glia,0.17664238810539246,0.06672435998916626,0.7191298007965088
10X_17_028:ATTATCCTCAGCACATx,10X_17_028,Immature Neuron,FOXG1,6,15,Immature Neuron,Radial Glia,0.265799880027771,0.12816357612609863,0.6730071306228638
10X_17_028:ATGTGTGTCCCTAACCx,10X_17_028,Immature Neuron,FOXG1,6,15,Immature Neuron,Radial Glia,0.2171611189842224,0.11747442930936813,0.6868205070495605
10X_17_028:CAACCAATCAAGATCCx,10X_17_028,Immature Neuron,FOXG1,6,15,Immature Neuron,Radial Glia,0.2563462257385254,0.13941380381584167,0.658166766166687
10X_17_028:CAACTAGAGCTGCAAGx,10X_17_028,Immature Neuron,FOXG1,6,15,Immature Neuron,Radial Glia,0.2951529622077942,0.12189056724309921,0.6708692312240601
10X_17_028:ATTCTACGTTGCCTCTx,10X_17_028,Radial Glia,FOXG1,6,15,Immature Neuron,Radial Glia,0.13792684674263,0.05645069479942322,0.7282096147537231
10X_17_028:CACAGGCAGATCACGGx,10X_17_028,Immature Neuron,FOXG1,6,15,Immature Neuron,Radial Glia,0.22826893627643585,0.1595700979232788,0.6525862812995911
10X_17_028:CATTCGCAGAAGGTGAx,10X_17_028,Immature Neuron,FOXG1,6,15,Immature Neuron,Radial Glia,0.3151089549064636,0.12390193343162537,0.6710017323493958
10X_17_028:CCCAGTTTCAACACGTx,10X_17_028,Radial Glia,FOXG1,6,15,Immature Neuron,Radial Glia,0.1541411578655243,0.12322300672531128,0.6794167160987854
10X_17_028:CCGGGATTCGTAGGAGx,10X_17_028,Immature Neuron,FOXG1,6,15,Immature Neuron,Radial Glia,0.2719361484050751,0.06579440832138062,0.6978664398193359
10X_17_028:CCGTACTTCTGTGCAAx,10X_17_028,Immature Neuron,FOXG1,6,15,Immature Neuron,Radial Glia,0.26585692167282104,0.08068931102752686,0.7025349140167236
10X_17_028:CCGTGGATCTAACTCTx,10X_17_028,Immature Neuron,FOXG1,6,15,Immature Neuron,Radial Glia,0.23434951901435852,0.10853414982557297,0.6704410910606384
10X_17_028:CCGGTAGGTGAGGCTAx,10X_17_028,Radial Glia,FOXG1,6,15,Immature Neuron,Radial Glia,0.16489602625370026,0.059673383831977844,0.7229349613189697
10X_17_028:CCTTCCCGTGACTCATx,10X_17_028,Radial Glia,FOXG1,6,15,Immature Neuron,Radial Glia,0.17157256603240967,0.03843647241592407,0.7261332273483276
10X_17_028:CGAGCACAGAGGTACCx,10X_17_028,Radial Glia,FOXG1,6,15,Immature Neuron,Radial Glia,0.1728370487689972,0.06858938932418823,0.7298166155815125
10X_17_028:CGAGCCAAGCCAACAGx,10X_17_028,Immature Neuron,FOXG1,6,15,Immature Neuron,Radial Glia,0.31562894582748413,0.1326906383037567,0.6542232632637024
10X_17_028:CGCCAAGAGCCACTATx,10X_17_028,Radial Glia,FOXG1,6,15,Immature Neuron,Radial Glia,0.1728145182132721,0.06213720142841339,0.7127671241760254
10X_17_028:CGATTGAAGTGGGATCx,10X_17_028,Immature Neuron,FOXG1,6,15,Immature Neuron,Radial Glia,0.29526495933532715,0.1305079162120819,0.661614179611206
10X_17_028:CGCGGTACACAAGTAAx,10X_17_028,Radial Glia,FOXG1,6,15,Immature Neuron,Radial Glia,0.12999512255191803,0.08460408449172974,0.7246788740158081
10X_17_028:CGTAGCGCAAACGCGAx,10X_17_028,Radial Glia,FOXG1,6,15,Immature Neuron,Radial Glia,0.16697026789188385,0.06627660989761353,0.718463122844696
10X_17_028:CGTCAGGCACAACTGTx,10X_17_028,Radial Glia,FOXG1,6,15,Immature Neuron,Radial Glia,0.2074812799692154,0.11020015180110931,0.6888850927352905
10X_17_028:CGTGTAAGTCTAGCGCx,10X_17_028,Immature Neuron,FOXG1,6,15,Immature Neuron,Radial Glia,0.32590654492378235,0.105438232421875,0.673984169960022
10X_17_028:CGTGAGCAGCCACGCTx,10X_17_028,Radial Glia,FOXG1,6,15,Immature Neuron,Radial Glia,0.18317106366157532,0.08980940282344818,0.7142139673233032
10X_17_028:CTACCCAAGCCTCGTGx,10X_17_028,Radial Glia,FOXG1,6,15,Immature Neuron,Radial Glia,0.16239497065544128,0.04786202311515808,0.7598249912261963
10X_17_028:CTCTGGTAGTGAAGTTx,10X_17_028,Immature Neuron,FOXG1,6,15,Immature Neuron,Radial Glia,0.2927057147026062,0.12697714567184448,0.6700130701065063
10X_17_028:CTGCCTAAGCAGCCTCx,10X_17_028,Immature Neuron,FOXG1,6,15,Immature Neuron,Radial Glia,0.2791927456855774,0.1368350386619568,0.653956413269043
10X_17_028:CTGCGGAGTCGAATCTx,10X_17_028,Radial Glia,FOXG1,6,15,Immature Neuron,Radial Glia,0.15705153346061707,0.102780282497406,0.7068835496902466
10X_17_028:CTTACCGAGGTCGGATx,10X_17_028,Immature Neuron,FOXG1,6,15,Immature Neuron,Radial Glia,0.26793044805526733,0.09420168399810791,0.6964538097381592
10X_17_028:CTGTTTACAGCTATTGx,10X_17_028,Radial Glia,FOXG1,6,15,Immature Neuron,Radial Glia,0.10182859003543854,0.05760769546031952,0.7458962202072144
10X_17_028:CTGCGGAAGGATGGAAx,10X_17_028,Radial Glia,FOXG1,6,15,Immature Neuron,Radial Glia,0.17565800249576569,0.05416426062583923,0.7205508351325989
10X_17_028:CTTAGGACATCTATGGx,10X_17_028,Radial Glia,FOXG1,6,15,Immature Neuron,Radial Glia,0.19510558247566223,0.046293437480926514,0.7150242328643799
10X_17_028:GAACCTAAGACCTTTGx,10X_17_028,Immature Neuron,FOXG1,6,15,Immature Neuron,Radial Glia,0.2538348436355591,0.0984610915184021,0.7098568081855774
10X_17_028:CTTGGCTAGGTGACCAx,10X_17_028,Radial Glia,FOXG1,6,15,Immature Neuron,Radial Glia,0.16942957043647766,0.03265184164047241,0.7577784061431885
10X_17_028:GACACGCGTAGATTAGx,10X_17_028,Immature Neuron,FOXG1,6,15,Immature Neuron,Radial Glia,0.3327608108520508,0.07086238265037537,0.6768574714660645
10X_17_028:GAACGGAGTACAGTTCx,10X_17_028,Immature Neuron,FOXG1,6,15,Immature Neuron,Radial Glia,0.28983718156814575,0.1348939836025238,0.6547866463661194
10X_17_028:GATCAGTAGTCAAGCGx,10X_17_028,Radial Glia,FOXG1,6,15,Immature Neuron,Radial Glia,0.2585758566856384,0.15051676332950592,0.6747822761535645
10X_17_028:GCATGCGTCACAACGTx,10X_17_028,Immature Neuron,FOXG1,6,15,Immature Neuron,Radial Glia,0.30697792768478394,0.11498668789863586,0.6568195819854736
10X_17_028:GCCTCTACACATGGGAx,10X_17_028,Immature Neuron,FOXG1,6,15,Immature Neuron,Radial Glia,0.21681898832321167,0.1013781726360321,0.6652138233184814
10X_17_028:GCGAGAAAGTTACGGGx,10X_17_028,Immature Neuron,FOXG1,6,15,Immature Neuron,Radial Glia,0.2500562071800232,0.07597106695175171,0.68989098072052
10X_17_028:GCCAAATTCTCGTTTAx,10X_17_028,Immature Neuron,FOXG1,6,15,Immature Neuron,Radial Glia,0.27819424867630005,0.14049819111824036,0.6676326394081116
10X_17_028:GCGGGTTCACATGGGAx,10X_17_028,Radial Glia,FOXG1,6,15,Immature Neuron,Radial Glia,0.1384958028793335,0.004421651363372803,0.7423793077468872
10X_17_028:GGAGCAAGTGATAAGTx,10X_17_028,Immature Neuron,FOXG1,6,15,Immature Neuron,Radial Glia,0.28212398290634155,0.13345831632614136,0.671021580696106
10X_17_028:GGGCATCAGTTGTCGTx,10X_17_028,Radial Glia,FOXG1,6,15,Immature Neuron,Radial Glia,0.19518083333969116,0.04627734422683716,0.717475175857544
10X_17_028:GGCTGGTGTTAGGGTGx,10X_17_028,Immature Neuron,FOXG1,6,15,Immature Neuron,Radial Glia,0.2819649577140808,0.09872123599052429,0.6787859797477722
10X_17_028:GGGCACTAGTACGCGAx,10X_17_028,Immature Neuron,FOXG1,6,15,Immature Neuron,Radial Glia,0.3022574782371521,0.07546791434288025,0.6885242462158203
10X_17_028:GGGAGATCAGCCTTTCx,10X_17_028,Immature Neuron,FOXG1,6,15,Immature Neuron,Radial Glia,0.25038427114486694,0.11361709237098694,0.6870914697647095
10X_17_028:GTATCTTTCCCAAGTAx,10X_17_028,Radial Glia,FOXG1,6,15,Immature Neuron,Radial Glia,0.18475154042243958,0.03363102674484253,0.7198820114135742
10X_17_028:GTAGGCCGTTTGTTGGx,10X_17_028,Immature Neuron,FOXG1,6,15,Immature Neuron,Radial Glia,0.24442487955093384,0.07839009165763855,0.677847683429718
10X_17_028:GTCCTCAAGATATGCAx,10X_17_028,Immature Neuron,FOXG1,6,15,Immature Neuron,Radial Glia,0.28365737199783325,0.11719590425491333,0.6755009889602661
10X_17_028:GTGAAGGCATGACGGAx,10X_17_028,Immature Neuron,FOXG1,6,15,Immature Neuron,Radial Glia,0.2568341791629791,0.13022884726524353,0.6625877022743225
10X_17_028:GTGCAGCAGATCCCGCx,10X_17_028,Immature Neuron,FOXG1,6,15,Immature Neuron,Radial Glia,0.2449655681848526,0.139949232339859,0.6688891649246216
10X_17_028:GTTCTCGGTCAACTGTx,10X_17_028,Radial Glia,FOXG1,6,15,Immature Neuron,Radial Glia,0.15462900698184967,0.03296501934528351,0.7280232906341553
10X_17_028:GTGTGCGCAGCTATTGx,10X_17_028,Immature Neuron,FOXG1,6,15,Immature Neuron,Radial Glia,0.2758989930152893,0.06671568751335144,0.7106044292449951
10X_17_028:TACACGATCAGCTGGCx,10X_17_028,Radial Glia,FOXG1,6,15,Immature Neuron,Radial Glia,0.17069010436534882,0.08278484642505646,0.7073467373847961
10X_17_028:TAGACCAAGAGTAATCx,10X_17_028,Immature Neuron,FOXG1,6,15,Immature Neuron,Radial Glia,0.25613316893577576,0.13039790093898773,0.6717127561569214
10X_17_028:TACTCGCTCGTAGATCx,10X_17_028,Immature Neuron,FOXG1,6,15,Immature Neuron,Radial Glia,0.3175560534000397,0.11977913975715637,0.6856171488761902
10X_17_028:TAGACCAGTAAAGGAGx,10X_17_028,Immature Neuron,FOXG1,6,15,Immature Neuron,Radial Glia,0.27669355273246765,0.11719008535146713,0.6880679726600647
10X_17_028:TACTCATTCTCGTATTx,10X_17_028,Immature Neuron,FOXG1,6,15,Immature Neuron,Radial Glia,0.25918906927108765,0.1398288458585739,0.6499662399291992
10X_17_028:TAGCCGGAGATCCGAGx,10X_17_028,Radial Glia,FOXG1,6,15,Immature Neuron,Radial Glia,0.16022689640522003,0.08118404448032379,0.7130205631256104
10X_17_028:TCAGGATCAGGACCCTx,10X_17_028,Immature Neuron,FOXG1,6,15,Immature Neuron,Radial Glia,0.24163249135017395,0.13003379106521606,0.6637110710144043
10X_17_028:TCAGGTACAGGGCATAx,10X_17_028,Radial Glia,FOXG1,6,15,Immature Neuron,Radial Glia,0.14684465527534485,0.04035547375679016,0.7463330626487732
10X_17_028:TCAGGATGTGAACCTTx,10X_17_028,Radial Glia,FOXG1,6,15,Immature Neuron,Radial Glia,0.11838741600513458,0.07206994295120239,0.7327131032943726
10X_17_028:TCACGAACACGTTGGCx,10X_17_028,Radial Glia,FOXG1,6,15,Immature Neuron,Radial Glia,0.1633339524269104,0.05873389542102814,0.7209506034851074
10X_17_028:TCAGATGCAGTAACGGx,10X_17_028,Immature Neuron,FOXG1,6,15,Immature Neuron,Radial Glia,0.25144100189208984,0.08228608965873718,0.6832363605499268
10X_17_028:TCGGGACAGCCACGTCx,10X_17_028,Immature Neuron,FOXG1,6,15,Immature Neuron,Radial Glia,0.3030034899711609,0.11570531129837036,0.6891060471534729
10X_17_028:TCCCGATCATCGATGTx,10X_17_028,Immature Neuron,FOXG1,6,15,Immature Neuron,Radial Glia,0.27081742882728577,0.1336705982685089,0.6705521941184998
10X_17_028:TCAGGTATCGTATCAGx,10X_17_028,Radial Glia,FOXG1,6,15,Immature Neuron,Radial Glia,0.13742005825042725,0.0325777530670166,0.742712140083313
10X_17_028:TCTCTAAAGGGTTTCTx,10X_17_028,Immature Neuron,FOXG1,6,15,Immature Neuron,Radial Glia,0.2860632538795471,0.12490794062614441,0.6554928421974182
10X_17_028:TCGTACCTCTCCAGGGx,10X_17_028,Radial Glia,FOXG1,6,15,Immature Neuron,Radial Glia,0.17379656434059143,0.04134015738964081,0.7062636613845825
10X_17_028:TGACGGCCAATGTTGCx,10X_17_028,Immature Neuron,FOXG1,6,15,Immature Neuron,Radial Glia,0.3119320571422577,0.11291709542274475,0.6785775423049927
10X_17_028:TGACTTTCACCAACCGx,10X_17_028,Radial Glia,FOXG1,6,15,Immature Neuron,Radial Glia,0.1608319729566574,0.08009523153305054,0.7591981887817383
10X_17_028:TGACAACTCTCAAACGx,10X_17_028,Immature Neuron,FOXG1,6,15,Immature Neuron,Radial Glia,0.22587469220161438,0.13825219869613647,0.6858599185943604
10X_17_028:TGAGAGGAGCGGCTTCx,10X_17_028,Immature Neuron,FOXG1,6,15,Immature Neuron,Radial Glia,0.2734066843986511,0.1105784997344017,0.6771397590637207
10X_17_028:TCTTTCCTCGTCTGCTx,10X_17_028,Radial Glia,FOXG1,6,15,Immature Neuron,Radial Glia,0.15390832722187042,0.050661295652389526,0.7432913780212402
10X_17_028:TGCCCATCATAGGATAx,10X_17_028,Immature Neuron,FOXG1,6,15,Immature Neuron,Radial Glia,0.27790209650993347,0.10937871783971786,0.6977463960647583
10X_17_028:TGAGGGATCTGTCTCGx,10X_17_028,Immature Neuron,FOXG1,6,15,Immature Neuron,Radial Glia,0.23364180326461792,0.15697906911373138,0.655666708946228
10X_17_028:TGCTACCGTCATCCCTx,10X_17_028,Radial Glia,FOXG1,6,15,Immature Neuron,Radial Glia,0.1168869137763977,0.040234267711639404,0.7389739155769348
10X_17_028:TGGACGCAGTTAGGTAx,10X_17_028,Radial Glia,FOXG1,6,15,Immature Neuron,Radial Glia,0.14652279019355774,0.02374105155467987,0.7534211874008179
10X_17_028:TGTATTCTCACATAGCx,10X_17_028,Radial Glia,FOXG1,6,15,Immature Neuron,Radial Glia,0.1236659586429596,0.12618541717529297,0.7122709155082703
10X_17_028:TGTTCCGGTTTAAGCCx,10X_17_028,Immature Neuron,FOXG1,6,15,Immature Neuron,Radial Glia,0.2761910557746887,0.12618619203567505,0.6628569960594177
10X_17_028:TGTGTTTGTCTCACCTx,10X_17_028,Radial Glia,FOXG1,6,15,Immature Neuron,Radial Glia,0.172041118144989,0.019988954067230225,0.7467212677001953
10X_17_028:TGTGGTATCGCCATAAx,10X_17_028,Immature Neuron,FOXG1,6,15,Immature Neuron,Radial Glia,0.2934848964214325,0.12862175703048706,0.6631577014923096
10X_17_028:TTAGGCATCAGTACGTx,10X_17_028,Immature Neuron,FOXG1,6,15,Immature Neuron,Radial Glia,0.3000061511993408,0.06565234065055847,0.700785756111145
10X_17_028:TTGCGTCGTTTGTTGGx,10X_17_028,Radial Glia,FOXG1,6,15,Immature Neuron,Radial Glia,0.08640076220035553,0.08437080681324005,0.7963732481002808
10X_17_028:TTTATGCAGTGGTAGCx,10X_17_028,Radial Glia,FOXG1,6,15,Immature Neuron,Radial Glia,0.16428783535957336,0.08412308990955353,0.718178391456604
10X_17_028:TTTGTCACAAGGACTGx,10X_17_028,Radial Glia,FOXG1,6,15,Immature Neuron,Radial Glia,0.17345008254051208,0.03808267414569855,0.7200521230697632
10X_17_028:TTTATGCGTTAAGGGCx,10X_17_028,Radial Glia,FOXG1,6,15,Immature Neuron,Radial Glia,0.15522298216819763,0.0691903829574585,0.7309446334838867
10X_17_029:AACACGTCATTACGACx,10X_17_029,Immature Neuron,FOXG1,6,15,Immature Neuron,Radial Glia,0.2198421061038971,0.11283581703901291,0.676132321357727
10X_17_029:AAGCCGCGTCCGACGTx,10X_17_029,Immature Neuron,FOXG1,6,15,Immature Neuron,Radial Glia,0.2953938841819763,0.1348508596420288,0.6663716435432434
10X_17_029:AGCGTATGTATAGGGCx,10X_17_029,Immature Neuron,FOXG1,6,15,Immature Neuron,Radial Glia,0.29855483770370483,0.10154077410697937,0.690147876739502
10X_17_029:AGCGTCGTCCTCAACCx,10X_17_029,Radial Glia,FOXG1,6,15,Immature Neuron,Radial Glia,0.1595139503479004,0.09139488637447357,0.7079605460166931
10X_17_029:AGCTCCTCATGGGACAx,10X_17_029,Immature Neuron,FOXG1,6,15,Immature Neuron,Radial Glia,0.25645890831947327,0.11265072226524353,0.6579962372779846
10X_17_029:AGGTCATGTTGGTTTGx,10X_17_029,Immature Neuron,FOXG1,6,15,Immature Neuron,Radial Glia,0.26175862550735474,0.0984812080860138,0.6668088436126709
10X_17_029:ATCTGCCAGTCTCCTCx,10X_17_029,Immature Neuron,FOXG1,6,15,Immature Neuron,Radial Glia,0.250731885433197,0.11589384078979492,0.6516368985176086
10X_17_029:ATGAGGGCAACTGGCCx,10X_17_029,Radial Glia,FOXG1,6,15,Immature Neuron,Radial Glia,0.17476963996887207,0.0743953287601471,0.6917159557342529
10X_17_029:ATTCTACTCTCTAGGAx,10X_17_029,Immature Neuron,FOXG1,6,15,Immature Neuron,Radial Glia,0.2809205949306488,0.1338624656200409,0.6527729034423828
10X_17_029:ATTTCTGCACCATGTAx,10X_17_029,Radial Glia,FOXG1,6,15,Immature Neuron,Radial Glia,0.2075076401233673,0.05234891176223755,0.7249297499656677
10X_17_029:ATGTGTGGTCATCCCTx,10X_17_029,Radial Glia,FOXG1,6,15,Immature Neuron,Radial Glia,0.1671653836965561,0.0601460337638855,0.7310877442359924
10X_17_029:CAGATCACAGGGATTGx,10X_17_029,Radial Glia,FOXG1,6,15,Immature Neuron,Radial Glia,0.15377125144004822,0.05756223201751709,0.7454934120178223
10X_17_029:CAGCAGCCACCGAAAGx,10X_17_029,Immature Neuron,FOXG1,6,15,Immature Neuron,Radial Glia,0.29586899280548096,0.09523579478263855,0.6759711503982544
10X_17_029:CACAGGCCATTAGCCAx,10X_17_029,Radial Glia,FOXG1,6,15,Immature Neuron,Radial Glia,0.18184471130371094,0.04415673017501831,0.7242853045463562
10X_17_029:CACTCCATCGGTGTCGx,10X_17_029,Radial Glia,FOXG1,6,15,Immature Neuron,Radial Glia,0.19620943069458008,0.023371577262878418,0.7355526685714722
10X_17_029:CAGCTGGAGGTCGGATx,10X_17_029,Radial Glia,FOXG1,6,15,Immature Neuron,Radial Glia,0.23085917532444,0.10924509167671204,0.7677096128463745
10X_17_029:CATATTCCATGACATCx,10X_17_029,Immature Neuron,FOXG1,6,15,Immature Neuron,Radial Glia,0.2694292664527893,0.1181340217590332,0.6669100522994995
10X_17_029:CAGTAACTCACCAGGCx,10X_17_029,Immature Neuron,FOXG1,6,15,Immature Neuron,Radial Glia,0.24875324964523315,0.10145124793052673,0.6802377700805664
10X_17_029:CATGCCTGTTTAAGCCx,10X_17_029,Immature Neuron,FOXG1,6,15,Immature Neuron,Radial Glia,0.20973390340805054,0.09404297173023224,0.6779958605766296
10X_17_029:CCACGGATCTGATACGx,10X_17_029,Radial Glia,FOXG1,6,15,Immature Neuron,Radial Glia,0.1495206505060196,0.04386872053146362,0.7337793111801147
10X_17_029:CCACCTACATGGATGGx,10X_17_029,Radial Glia,FOXG1,6,15,Immature Neuron,Radial Glia,0.1868559718132019,0.11366982758045197,0.6809198260307312
10X_17_029:CGACTTCCATAAAGGTx,10X_17_029,Immature Neuron,FOXG1,6,15,Immature Neuron,Radial Glia,0.28860774636268616,0.16472701728343964,0.6475479602813721
10X_17_029:CGATCGGTCGTCACGGx,10X_17_029,Immature Neuron,FOXG1,6,15,Immature Neuron,Radial Glia,0.27851206064224243,0.12416677922010422,0.6737472414970398
10X_17_029:CGGGTCATCGTACCGGx,10X_17_029,Radial Glia,FOXG1,6,15,Immature Neuron,Radial Glia,0.2068793773651123,0.02736923098564148,0.7497744560241699
10X_17_029:CGTGTCTCAGCTCGACx,10X_17_029,Immature Neuron,FOXG1,6,15,Immature Neuron,Radial Glia,0.2738601565361023,0.11106719821691513,0.6752787232398987
10X_17_029:CGTTAGATCGTTACAGx,10X_17_029,Immature Neuron,FOXG1,6,15,Immature Neuron,Radial Glia,0.30212175846099854,0.1293083131313324,0.671584963798523
10X_17_029:CGTCACTTCCTACAGAx,10X_17_029,Immature Neuron,FOXG1,6,15,Immature Neuron,Radial Glia,0.2931971549987793,0.176899254322052,0.6331765055656433
10X_17_029:CTAAGACGTACCGTATx,10X_17_029,Immature Neuron,FOXG1,6,15,Immature Neuron,Radial Glia,0.2906176447868347,0.15063965320587158,0.6625350117683411
10X_17_029:CTAATGGGTCTGATCAx,10X_17_029,Radial Glia,FOXG1,6,15,Immature Neuron,Radial Glia,0.17889007925987244,0.03698442876338959,0.7220897078514099
10X_17_029:CTCGAGGTCCGAGCCAx,10X_17_029,Radial Glia,FOXG1,6,15,Immature Neuron,Radial Glia,0.13165760040283203,0.07144340872764587,0.7775099277496338
10X_17_029:CTCGAAAGTGAGGCTAx,10X_17_029,Radial Glia,FOXG1,6,15,Immature Neuron,Radial Glia,0.16633394360542297,0.07154673337936401,0.7200105786323547
10X_17_029:CTGAAGTTCAGGCAAGx,10X_17_029,Immature Neuron,FOXG1,6,15,Immature Neuron,Radial Glia,0.3042299747467041,0.1282709240913391,0.6564045548439026
10X_17_029:CTCGAGGGTACTCTCCx,10X_17_029,Radial Glia,FOXG1,6,15,Immature Neuron,Radial Glia,0.1705951988697052,0.008682668209075928,0.7381972074508667
10X_17_029:CTCTGGTGTGTCAATCx,10X_17_029,Radial Glia,FOXG1,6,15,Immature Neuron,Radial Glia,0.18712976574897766,0.06565111875534058,0.7020310163497925
10X_17_029:CTCTACGAGGGCTCTCx,10X_17_029,Immature Neuron,FOXG1,6,15,Immature Neuron,Radial Glia,0.27122920751571655,0.13637322187423706,0.6565302014350891
10X_17_029:CTCGAGGGTGACCAAGx,10X_17_029,Immature Neuron,FOXG1,6,15,Immature Neuron,Radial Glia,0.23342622816562653,0.13401073217391968,0.6732035279273987
10X_17_029:CTGCCTAAGTTAAGTGx,10X_17_029,Immature Neuron,FOXG1,6,15,Immature Neuron,Radial Glia,0.2287885546684265,0.1369256228208542,0.6684204339981079
10X_17_029:GAACCTAAGCGGATCAx,10X_17_029,Immature Neuron,FOXG1,6,15,Immature Neuron,Radial Glia,0.2597329020500183,0.10674020648002625,0.670728325843811
10X_17_029:CTTTGCGCATCAGTCAx,10X_17_029,Immature Neuron,FOXG1,6,15,Immature Neuron,Radial Glia,0.26352769136428833,0.13330480456352234,0.6589186787605286
10X_17_029:GAAACTCTCGCAAACTx,10X_17_029,Immature Neuron,FOXG1,6,15,Immature Neuron,Radial Glia,0.26557886600494385,0.14231082797050476,0.6533938646316528
10X_17_029:GAACCTAGTTCAACCAx,10X_17_029,Immature Neuron,FOXG1,6,15,Immature Neuron,Radial Glia,0.21735817193984985,0.13252592086791992,0.6664825081825256
10X_17_029:GACTAACGTCCCTACTx,10X_17_029,Radial Glia,FOXG1,6,15,Immature Neuron,Radial Glia,0.14955425262451172,0.055425822734832764,0.7059550285339355
10X_17_029:GACCTGGCATCGATTGx,10X_17_029,Immature Neuron,FOXG1,6,15,Immature Neuron,Radial Glia,0.24902981519699097,0.13919800519943237,0.6556721329689026
10X_17_029:GCAATCAAGAGTAAGGx,10X_17_029,Immature Neuron,FOXG1,6,15,Immature Neuron,Radial Glia,0.3264079689979553,0.11789864301681519,0.6524863243103027
10X_17_029:GCTGCTTGTCCAAGTTx,10X_17_029,Immature Neuron,FOXG1,6,15,Immature Neuron,Radial Glia,0.29138991236686707,0.08275553584098816,0.698930561542511
10X_17_029:GGCCGATAGCCAGAACx,10X_17_029,Radial Glia,FOXG1,6,15,Immature Neuron,Radial Glia,0.151826411485672,0.07956850528717041,0.721442699432373
10X_17_029:GTCGGGTGTTAAGATGx,10X_17_029,Radial Glia,FOXG1,6,15,Immature Neuron,Radial Glia,0.16643156111240387,0.03837558627128601,0.7376433610916138
10X_17_029:GTCACAAGTGCGCTTGx,10X_17_029,Radial Glia,FOXG1,6,15,Immature Neuron,Radial Glia,0.14577284455299377,0.10295975208282471,0.7049493789672852
10X_17_029:GTCCTCATCAACGCTAx,10X_17_029,Immature Neuron,FOXG1,6,15,Immature Neuron,Radial Glia,0.24674201011657715,0.12521332502365112,0.6706584692001343
10X_17_029:GTATCTTGTGTCGCTGx,10X_17_029,Immature Neuron,FOXG1,6,15,Immature Neuron,Radial Glia,0.3259691596031189,0.10185325145721436,0.6633970737457275
10X_17_029:GTATCTTGTCCGTCAGx,10X_17_029,Immature Neuron,FOXG1,6,15,Immature Neuron,Radial Glia,0.23262569308280945,0.11420860886573792,0.6677826642990112
10X_17_029:GTATCTTTCAGGCAAGx,10X_17_029,Immature Neuron,FOXG1,6,15,Immature Neuron,Radial Glia,0.24695256352424622,0.10913726687431335,0.6758959293365479
10X_17_029:GTGCATATCTTTACACx,10X_17_029,Immature Neuron,FOXG1,6,15,Immature Neuron,Radial Glia,0.2211233675479889,0.15673226118087769,0.6535397171974182
10X_17_029:TACACGACACGACGAAx,10X_17_029,Radial Glia,FOXG1,6,15,Immature Neuron,Radial Glia,0.16654446721076965,0.047213613986968994,0.7523868680000305
10X_17_029:TACAGTGCAGTATGCTx,10X_17_029,Immature Neuron,FOXG1,6,15,Immature Neuron,Radial Glia,0.2824629843235016,0.08174845576286316,0.6789612770080566
10X_17_029:TAGACCAGTCCGAAGAx,10X_17_029,Immature Neuron,FOXG1,6,15,Immature Neuron,Radial Glia,0.23727691173553467,0.1364128589630127,0.672351062297821
10X_17_029:TCACGAACAAGCGATGx,10X_17_029,Radial Glia,FOXG1,6,15,Immature Neuron,Radial Glia,0.20567655563354492,0.08776302635669708,0.6783530116081238
10X_17_029:TCAACGAAGTGAAGTTx,10X_17_029,Immature Neuron,FOXG1,6,15,Immature Neuron,Radial Glia,0.264234721660614,0.10682842135429382,0.6770612001419067
10X_17_029:TGCCAAAGTGTAATGAx,10X_17_029,Immature Neuron,FOXG1,6,15,Immature Neuron,Radial Glia,0.3678625226020813,0.14021751284599304,0.6502580642700195
10X_17_029:TGACAACAGTTCGCATx,10X_17_029,Immature Neuron,FOXG1,6,15,Immature Neuron,Radial Glia,0.258544921875,0.10404583066701889,0.6883189678192139
10X_17_029:TGAGCCGAGTGGGTTGx,10X_17_029,Radial Glia,FOXG1,6,15,Immature Neuron,Radial Glia,0.15629437565803528,0.05167168378829956,0.7467284798622131
10X_17_029:TGAGGGAGTGTAACGGx,10X_17_029,Immature Neuron,FOXG1,6,15,Immature Neuron,Radial Glia,0.2843948304653168,0.09593832492828369,0.6697477102279663
10X_17_029:TGCGTGGTCTACTATCx,10X_17_029,Radial Glia,FOXG1,6,15,Immature Neuron,Radial Glia,0.1564180999994278,0.07763952016830444,0.7199970483779907
10X_17_029:TGGACGCGTCCTGCTTx,10X_17_029,Immature Neuron,FOXG1,6,15,Immature Neuron,Radial Glia,0.2606223225593567,0.15239964425563812,0.6750593781471252
10X_17_029:TGTGGTAAGACCTAGGx,10X_17_029,Immature Neuron,FOXG1,6,15,Immature Neuron,Radial Glia,0.3075064718723297,0.10737669467926025,0.6504775285720825
10X_17_029:TGTCCCATCAGCGATTx,10X_17_029,Radial Glia,FOXG1,6,15,Immature Neuron,Radial Glia,0.1815468668937683,0.08909624814987183,0.6840377449989319
10X_17_028:AAACCTGTCCTAGTGAx,10X_17_028,Radial Glia,PAX6,11,15,Neuroblast,Radial Glia,0.5640943050384521,0.04240146279335022,0.9260827302932739
10X_17_028:AAACCTGGTCTCATCCx,10X_17_028,Radial Glia,PAX6,11,15,Neuroblast,Radial Glia,0.4870152473449707,0.11867071688175201,0.8538081645965576
10X_17_028:AAATGCCGTAGCGCTCx,10X_17_028,Radial Glia,PAX6,11,15,Neuroblast,Radial Glia,0.4801691770553589,0.09457066655158997,0.8991479873657227
10X_17_028:AACACGTGTCGAATCTx,10X_17_028,Neuroblast,PAX6,11,15,Neuroblast,Radial Glia,0.4654780626296997,0.1617712527513504,0.7969547510147095
10X_17_028:AAACGGGGTGTAATGAx,10X_17_028,Neuroblast,PAX6,11,15,Neuroblast,Radial Glia,0.3282053768634796,0.23681877553462982,0.7336608171463013
10X_17_028:AAGTCTGCATCCTAGAx,10X_17_028,Neuroblast,PAX6,11,15,Neuroblast,Radial Glia,0.4115283191204071,0.2333356887102127,0.7491538524627686
10X_17_028:AAGGCAGGTAACGCGAx,10X_17_028,Radial Glia,PAX6,11,15,Neuroblast,Radial Glia,0.49527812004089355,0.05562588572502136,0.9191359877586365
10X_17_028:ACAGCCGCACTAGTACx,10X_17_028,Radial Glia,PAX6,11,15,Neuroblast,Radial Glia,0.48313426971435547,0.06311216950416565,0.8874495625495911
10X_17_028:ACACCGGTCTTGCCGTx,10X_17_028,Neuroblast,PAX6,11,15,Neuroblast,Radial Glia,0.28692013025283813,0.26249903440475464,0.7118245363235474
10X_17_028:ACGATGTAGGCTAGACx,10X_17_028,Neuroblast,PAX6,11,15,Neuroblast,Radial Glia,0.4596303403377533,0.1645238846540451,0.8060691356658936
10X_17_028:ACGGCCAAGTCGTACTx,10X_17_028,Neuroblast,PAX6,11,15,Neuroblast,Radial Glia,0.447661817073822,0.16424570977687836,0.8053526878356934
10X_17_028:AGAATAGTCTTAGCCCx,10X_17_028,Radial Glia,PAX6,11,15,Neuroblast,Radial Glia,0.4632277488708496,0.1449604034423828,0.8144596815109253
10X_17_028:AGCCTAAGTTGCCTCTx,10X_17_028,Neuroblast,PAX6,11,15,Neuroblast,Radial Glia,0.35528862476348877,0.20198412239551544,0.7530432939529419
10X_17_028:AGACGTTAGGCAGGTTx,10X_17_028,Radial Glia,PAX6,11,15,Neuroblast,Radial Glia,0.5288529992103577,0.08410085737705231,0.9257764220237732
10X_17_028:AGCGTCGAGCAATCTCx,10X_17_028,Radial Glia,PAX6,11,15,Neuroblast,Radial Glia,0.546680212020874,0.12154671549797058,0.8278770446777344
10X_17_028:AGCTCCTGTCACACGCx,10X_17_028,Radial Glia,PAX6,11,15,Neuroblast,Radial Glia,0.47112971544265747,0.11038340628147125,0.8684409260749817
10X_17_028:AGGTCCGTCATTGCCCx,10X_17_028,Neuroblast,PAX6,11,15,Neuroblast,Radial Glia,0.43179452419281006,0.2285860925912857,0.7313675284385681
10X_17_028:ATCCGAACAAGTTCTGx,10X_17_028,Radial Glia,PAX6,11,15,Neuroblast,Radial Glia,0.49747025966644287,0.08867406845092773,0.8727818727493286
10X_17_028:ATTGGACCATCCGCGAx,10X_17_028,Neuroblast,PAX6,11,15,Neuroblast,Radial Glia,0.44077181816101074,0.25380879640579224,0.7271459698677063
10X_17_028:ATTCTACGTTGCCTCTx,10X_17_028,Radial Glia,PAX6,11,15,Neuroblast,Radial Glia,0.48289090394973755,0.10389956831932068,0.8718609809875488
10X_17_028:CAAGGCCCACCCTATCx,10X_17_028,Radial Glia,PAX6,11,15,Neuroblast,Radial Glia,0.5195041298866272,0.11838275194168091,0.8302463889122009
10X_17_028:CACCTTGTCATAACCGx,10X_17_028,Radial Glia,PAX6,11,15,Neuroblast,Radial Glia,0.5592435002326965,0.0700092613697052,0.8997097611427307
10X_17_028:CACAGGCTCCGAAGAGx,10X_17_028,Neuroblast,PAX6,11,15,Neuroblast,Radial Glia,0.38232922554016113,0.24040237069129944,0.7284404635429382
10X_17_028:CACAGGCCAGGATCGAx,10X_17_028,Radial Glia,PAX6,11,15,Neuroblast,Radial Glia,0.4991414546966553,0.0831846296787262,0.9001779556274414
10X_17_028:CAGAGAGTCGTCCAGGx,10X_17_028,Radial Glia,PAX6,11,15,Neuroblast,Radial Glia,0.5122933387756348,0.03206983208656311,0.9516375064849854
10X_17_028:CAGCTAACAATCTGCAx,10X_17_028,Radial Glia,PAX6,11,15,Neuroblast,Radial Glia,0.45347827672958374,0.10145868360996246,0.8641321063041687
10X_17_028:CATCAGATCGCATGATx,10X_17_028,Neuroblast,PAX6,11,15,Neuroblast,Radial Glia,0.44449689984321594,0.2484564334154129,0.7136255502700806
10X_17_028:CAGGTGCTCTGAGGGAx,10X_17_028,Radial Glia,PAX6,11,15,Neuroblast,Radial Glia,0.4895031452178955,0.11920276284217834,0.8726310133934021
10X_17_028:CAGGTGCTCCCTAATTx,10X_17_028,Radial Glia,PAX6,11,15,Neuroblast,Radial Glia,0.5387582778930664,0.08816787600517273,0.8967331051826477
10X_17_028:CATCCACCAAGGTTCTx,10X_17_028,Neuroblast,PAX6,11,15,Neuroblast,Radial Glia,0.4407910108566284,0.2571529150009155,0.738669216632843
10X_17_028:CCACTACGTACTCTCCx,10X_17_028,Radial Glia,PAX6,11,15,Neuroblast,Radial Glia,0.5263155698776245,0.08041928708553314,0.9038047194480896
10X_17_028:CCCAGTTGTAAGTTCCx,10X_17_028,Neuroblast,PAX6,11,15,Neuroblast,Radial Glia,0.4781089425086975,0.1537621170282364,0.803415060043335
10X_17_028:CCTTCCCGTGATGTCTx,10X_17_028,Neuroblast,PAX6,11,15,Neuroblast,Radial Glia,0.4129021167755127,0.24956093728542328,0.7153865098953247
10X_17_028:CGAATGTAGGTGCTTTx,10X_17_028,Neuroblast,PAX6,11,15,Neuroblast,Radial Glia,0.4906914234161377,0.17023344337940216,0.775164783000946
10X_17_028:CGTCCATGTTGATTGCx,10X_17_028,Neuroblast,PAX6,11,15,Neuroblast,Radial Glia,0.48376697301864624,0.12937696278095245,0.8720067143440247
10X_17_028:CTAACTTAGACAAGCCx,10X_17_028,Neuroblast,PAX6,11,15,Neuroblast,Radial Glia,0.3988901972770691,0.2641727924346924,0.7127985954284668
10X_17_028:CTACACCGTGCGCTTGx,10X_17_028,Neuroblast,PAX6,11,15,Neuroblast,Radial Glia,0.3430333733558655,0.242908775806427,0.7415685057640076
10X_17_028:CTCGTACAGGATGTATx,10X_17_028,Radial Glia,PAX6,11,15,Neuroblast,Radial Glia,0.49055683612823486,0.05858045816421509,0.8690074682235718
10X_17_028:CTGATCCAGAATCTCCx,10X_17_028,Neuroblast,PAX6,11,15,Neuroblast,Radial Glia,0.36137983202934265,0.26091521978378296,0.723578691482544
10X_17_028:CTGGTCTTCGGAGGTAx,10X_17_028,Neuroblast,PAX6,11,15,Neuroblast,Radial Glia,0.4507354497909546,0.24708707630634308,0.7248410582542419
10X_17_028:CTGCTGTTCACAATGCx,10X_17_028,Neuroblast,PAX6,11,15,Neuroblast,Radial Glia,0.5253843069076538,0.1451902985572815,0.7926756143569946
10X_17_028:CTGCGGAGTGCCTTGGx,10X_17_028,Neuroblast,PAX6,11,15,Neuroblast,Radial Glia,0.37100815773010254,0.26234591007232666,0.7215913534164429
10X_17_028:GAAACTCCAAACTGCTx,10X_17_028,Neuroblast,PAX6,11,15,Neuroblast,Radial Glia,0.3095552325248718,0.238522008061409,0.7206577062606812
10X_17_028:GCAATCACACGTGAGAx,10X_17_028,Radial Glia,PAX6,11,15,Neuroblast,Radial Glia,0.4570126533508301,0.09001830220222473,0.9038199782371521
10X_17_028:GCGCCAACAAAGGCGTx,10X_17_028,Radial Glia,PAX6,11,15,Neuroblast,Radial Glia,0.4992179572582245,0.06315189599990845,0.8760671615600586
10X_17_028:GCTGCGACAATGGACGx,10X_17_028,Radial Glia,PAX6,11,15,Neuroblast,Radial Glia,0.4676039218902588,0.09726579487323761,0.8790197372436523
10X_17_028:GCTGCGATCATTGCCCx,10X_17_028,Neuroblast,PAX6,11,15,Neuroblast,Radial Glia,0.355394572019577,0.24184094369411469,0.7203565835952759
10X_17_028:GGACAGAGTAAGGATTx,10X_17_028,Neuroblast,PAX6,11,15,Neuroblast,Radial Glia,0.37339603900909424,0.2227335125207901,0.7059204578399658
10X_17_028:GGGTCTGCATTGGGCCx,10X_17_028,Radial Glia,PAX6,11,15,Neuroblast,Radial Glia,0.4856984615325928,0.06290484964847565,0.8699564933776855
10X_17_028:GTGCGGTGTGCAACTTx,10X_17_028,Radial Glia,PAX6,11,15,Neuroblast,Radial Glia,0.4826783537864685,0.08293868601322174,0.8958619236946106
10X_17_028:TAAGTGCGTATTCGTGx,10X_17_028,Radial Glia,PAX6,11,15,Neuroblast,Radial Glia,0.48999103903770447,0.15319760143756866,0.8337281942367554
10X_17_028:TACACGAAGTTGAGATx,10X_17_028,Neuroblast,PAX6,11,15,Neuroblast,Radial Glia,0.4648456573486328,0.16892360150814056,0.7978833913803101
10X_17_028:TAGACCAGTATATGGAx,10X_17_028,Neuroblast,PAX6,11,15,Neuroblast,Radial Glia,0.45135337114334106,0.2565479874610901,0.724666178226471
10X_17_028:TCAGCTCCACCAGCACx,10X_17_028,Radial Glia,PAX6,11,15,Neuroblast,Radial Glia,0.4377075433731079,0.13455769419670105,0.8269051909446716
10X_17_028:TCACGAAGTCATGCATx,10X_17_028,Radial Glia,PAX6,11,15,Neuroblast,Radial Glia,0.5211192965507507,0.07013395428657532,0.8834362626075745
10X_17_028:TCGGTAAAGGTGATATx,10X_17_028,Neuroblast,PAX6,11,15,Neuroblast,Radial Glia,0.4811822175979614,0.16587574779987335,0.7716454267501831
10X_17_028:TCAGGTATCAACACCAx,10X_17_028,Radial Glia,PAX6,11,15,Neuroblast,Radial Glia,0.5046253800392151,0.09209422767162323,0.8794844150543213
10X_17_028:TCTCTAAGTGGACGATx,10X_17_028,Radial Glia,PAX6,11,15,Neuroblast,Radial Glia,0.5059822201728821,0.11320693790912628,0.8692015409469604
10X_17_028:TGACTTTAGCGGCTTCx,10X_17_028,Radial Glia,PAX6,11,15,Neuroblast,Radial Glia,0.539034903049469,0.07799914479255676,0.8933772444725037
10X_17_028:TGAGAGGCAGGATTGGx,10X_17_028,Neuroblast,PAX6,11,15,Neuroblast,Radial Glia,0.3924216032028198,0.2477482706308365,0.7286791801452637
10X_17_028:TGGGCGTGTCGACTGCx,10X_17_028,Neuroblast,PAX6,11,15,Neuroblast,Radial Glia,0.2957407236099243,0.22204621136188507,0.6973387002944946
10X_17_028:TGGCGCATCGGCGCATx,10X_17_028,Radial Glia,PAX6,11,15,Neuroblast,Radial Glia,0.496366024017334,0.08622854948043823,0.8706510663032532
10X_17_028:TTAGTTCTCGCCTGAGx,10X_17_028,Radial Glia,PAX6,11,15,Neuroblast,Radial Glia,0.518578827381134,0.08171992003917694,0.8898616433143616
10X_17_029:ACGAGGACAGCTGGCTx,10X_17_029,Radial Glia,PAX6,11,15,Neuroblast,Radial Glia,0.49727752804756165,0.08028462529182434,0.9021746516227722
10X_17_029:ACGATGTCAAGGTTTCx,10X_17_029,Neuroblast,PAX6,11,15,Neuroblast,Radial Glia,0.28058671951293945,0.264573335647583,0.7148346304893494
10X_17_029:ACGGGTCGTGCAACTTx,10X_17_029,Radial Glia,PAX6,11,15,Neuroblast,Radial Glia,0.5035934448242188,0.16328071057796478,0.7949924468994141
10X_17_029:AGCATACCAGTAAGCGx,10X_17_029,Radial Glia,PAX6,11,15,Neuroblast,Radial Glia,0.4446248412132263,0.08007872104644775,0.887031614780426
10X_17_029:AGGGAGTTCGTCCGTTx,10X_17_029,Radial Glia,PAX6,11,15,Neuroblast,Radial Glia,0.5003890991210938,0.12885026633739471,0.8501812815666199
10X_17_029:CAACCTCCATTGGCGCx,10X_17_029,Radial Glia,PAX6,11,15,Neuroblast,Radial Glia,0.4483972191810608,0.11213114857673645,0.8370528221130371
10X_17_029:CAGCTGGAGTCCGGTCx,10X_17_029,Radial Glia,PAX6,11,15,Neuroblast,Radial Glia,0.5255428552627563,0.0879744440317154,0.9032453894615173
10X_17_029:CATCAAGCAAGCCGCTx,10X_17_029,Radial Glia,PAX6,11,15,Neuroblast,Radial Glia,0.4722411632537842,0.1215670257806778,0.8489855527877808
10X_17_029:CCACGGAGTGGTCTCGx,10X_17_029,Radial Glia,PAX6,11,15,Neuroblast,Radial Glia,0.4447420835494995,0.08760574460029602,0.8826934099197388
10X_17_029:CATCAGATCTACTCATx,10X_17_029,Radial Glia,PAX6,11,15,Neuroblast,Radial Glia,0.5331901907920837,0.09131786227226257,0.8839341998100281
10X_17_029:CCACCTATCCGCATCTx,10X_17_029,Neuroblast,PAX6,11,15,Neuroblast,Radial Glia,0.34276872873306274,0.24039475619792938,0.7123473882675171
10X_17_029:CCGGGATCAATCACACx,10X_17_029,Neuroblast,PAX6,11,15,Neuroblast,Radial Glia,0.48508405685424805,0.23531648516654968,0.733538031578064
10X_17_029:CCTATTACAGGTCGTCx,10X_17_029,Neuroblast,PAX6,11,15,Neuroblast,Radial Glia,0.34649381041526794,0.24854429066181183,0.7204234600067139
10X_17_029:CGGGTCATCGTACCGGx,10X_17_029,Radial Glia,PAX6,11,15,Neuroblast,Radial Glia,0.495506227016449,0.07679536938667297,0.8807817697525024
10X_17_029:CGTCTACAGGCGCTCTx,10X_17_029,Neuroblast,PAX6,11,15,Neuroblast,Radial Glia,0.4972214698791504,0.17039336264133453,0.7884448170661926
10X_17_029:CTCACACTCATGCTCCx,10X_17_029,Radial Glia,PAX6,11,15,Neuroblast,Radial Glia,0.42154788970947266,0.1213313639163971,0.8500903844833374
10X_17_029:CTCGAGGTCCGAGCCAx,10X_17_029,Radial Glia,PAX6,11,15,Neuroblast,Radial Glia,0.5290199518203735,0.08938033878803253,0.9371874928474426
10X_17_029:CTCGAGGGTACTCTCCx,10X_17_029,Radial Glia,PAX6,11,15,Neuroblast,Radial Glia,0.4938485026359558,0.0765397846698761,0.8894644975662231
10X_17_029:CTGCCTAGTGGCGAATx,10X_17_029,Neuroblast,PAX6,11,15,Neuroblast,Radial Glia,0.4512287378311157,0.16719646751880646,0.789658784866333
10X_17_029:GAACATCGTTCGCTAAx,10X_17_029,Neuroblast,PAX6,11,15,Neuroblast,Radial Glia,0.31850117444992065,0.2547346353530884,0.7355507612228394
10X_17_029:GACGGCTGTCGACTGCx,10X_17_029,Radial Glia,PAX6,11,15,Neuroblast,Radial Glia,0.4493868947029114,0.14346423745155334,0.8530982136726379
10X_17_029:GACGTGCGTGACTCATx,10X_17_029,Neuroblast,PAX6,11,15,Neuroblast,Radial Glia,0.3827056884765625,0.2621425986289978,0.711767315864563
10X_17_029:GAAGCAGCAGCTGTTAx,10X_17_029,Neuroblast,PAX6,11,15,Neuroblast,Radial Glia,0.39372339844703674,0.2590670585632324,0.7189537286758423
10X_17_029:GATCGTATCAATACCGx,10X_17_029,Radial Glia,PAX6,11,15,Neuroblast,Radial Glia,0.5172135829925537,0.13484588265419006,0.819587230682373
10X_17_029:GCATACAGTGCACGAAx,10X_17_029,Radial Glia,PAX6,11,15,Neuroblast,Radial Glia,0.42014753818511963,0.1314350664615631,0.8354204893112183
10X_17_029:GCACATAGTTACGGAGx,10X_17_029,Neuroblast,PAX6,11,15,Neuroblast,Radial Glia,0.42803290486335754,0.2346220761537552,0.7266772389411926
10X_17_029:GCGCCAATCCCTAATTx,10X_17_029,Radial Glia,PAX6,11,15,Neuroblast,Radial Glia,0.5496591329574585,0.08370402455329895,0.9041519165039062
10X_17_029:GTACTTTCATCACAACx,10X_17_029,Neuroblast,PAX6,11,15,Neuroblast,Radial Glia,0.3096408545970917,0.21295873820781708,0.7243860960006714
10X_17_029:GTCACGGCATTGCGGCx,10X_17_029,Radial Glia,PAX6,11,15,Neuroblast,Radial Glia,0.4658242464065552,0.10270477831363678,0.939562201499939
10X_17_029:GTTTCTATCCGCGGTAx,10X_17_029,Neuroblast,PAX6,11,15,Neuroblast,Radial Glia,0.423733115196228,0.23237307369709015,0.7215521335601807
10X_17_029:TCCCGATGTTCCACAAx,10X_17_029,Neuroblast,PAX6,11,15,Neuroblast,Radial Glia,0.3457622230052948,0.23104500770568848,0.7423389554023743
10X_17_029:TCAGGTACAGCCACCAx,10X_17_029,Neuroblast,PAX6,11,15,Neuroblast,Radial Glia,0.34372007846832275,0.2266739159822464,0.7194279432296753
10X_17_029:TATTACCGTCAATACCx,10X_17_029,Neuroblast,PAX6,11,15,Neuroblast,Radial Glia,0.3531220555305481,0.26148492097854614,0.7441992163658142
10X_17_029:TCCCGATCACGTGAGAx,10X_17_029,Radial Glia,PAX6,11,15,Neuroblast,Radial Glia,0.5174187421798706,0.06487497687339783,0.9066447615623474
10X_17_029:TCCACACTCCACGAATx,10X_17_029,Radial Glia,PAX6,11,15,Neuroblast,Radial Glia,0.4701646566390991,0.07796300947666168,0.8685289621353149
10X_17_029:TCGTACCTCTCGAGTAx,10X_17_029,Radial Glia,PAX6,11,15,Neuroblast,Radial Glia,0.5489092469215393,0.07241609692573547,0.8872479200363159
10X_17_029:TCTGGAAAGGAATCGCx,10X_17_029,Neuroblast,PAX6,11,15,Neuroblast,Radial Glia,0.39985036849975586,0.2301340401172638,0.7365178465843201
10X_17_029:TCTCATACAAGGGTCAx,10X_17_029,Radial Glia,PAX6,11,15,Neuroblast,Radial Glia,0.5143139362335205,0.09885860979557037,0.8765925168991089
10X_17_029:TGACTAGTCCGAATGTx,10X_17_029,Neuroblast,PAX6,11,15,Neuroblast,Radial Glia,0.3587071895599365,0.2783927321434021,0.7067561745643616
10X_17_029:TGAAAGACAGCTCGACx,10X_17_029,Neuroblast,PAX6,11,15,Neuroblast,Radial Glia,0.3469606339931488,0.2628633379936218,0.7202867269515991
10X_17_029:TGACTTTCACGGTAGAx,10X_17_029,Radial Glia,PAX6,11,15,Neuroblast,Radial Glia,0.5011757612228394,0.07847276329994202,0.8776075839996338
10X_17_029:TCTTTCCGTCCAAGTTx,10X_17_029,Neuroblast,PAX6,11,15,Neuroblast,Radial Glia,0.4203542470932007,0.22538617253303528,0.7351468801498413
10X_17_029:TGAAAGAGTACTCTCCx,10X_17_029,Neuroblast,PAX6,11,15,Neuroblast,Radial Glia,0.3308389186859131,0.24336446821689606,0.7267202734947205
10X_17_029:TGCCCTAGTCAAACTCx,10X_17_029,Radial Glia,PAX6,11,15,Neuroblast,Radial Glia,0.4932847321033478,0.11685028672218323,0.8273570537567139
10X_17_029:TGGCTGGGTCGGCATCx,10X_17_029,Neuroblast,PAX6,11,15,Neuroblast,Radial Glia,0.3654240369796753,0.25582584738731384,0.7094478011131287
10X_17_029:TTAGTTCCAAACCTACx,10X_17_029,Radial Glia,PAX6,11,15,Neuroblast,Radial Glia,0.4344741106033325,0.1525612771511078,0.8210856914520264
10X_17_029:TTCGGTCGTCTCGTTCx,10X_17_029,Neuroblast,PAX6,11,15,Neuroblast,Radial Glia,0.4304083585739136,0.22295375168323517,0.7514042258262634
10X_17_029:TTCTCCTGTTACAGAAx,10X_17_029,Radial Glia,PAX6,11,15,Neuroblast,Radial Glia,0.4814189672470093,0.0904465913772583,0.8452414274215698
10X_17_029:TTGGAACCATATGGTCx,10X_17_029,Radial Glia,PAX6,11,15,Neuroblast,Radial Glia,0.4461110830307007,0.10661706328392029,0.8619852662086487
10X_17_029:TTTCCTCCAGTCCTTCx,10X_17_029,Radial Glia,PAX6,11,15,Neuroblast,Radial Glia,0.5234323143959045,0.08991624414920807,0.9003069400787354
10X_17_029:TTTGCGCCACAGATTCx,10X_17_029,Radial Glia,PAX6,11,15,Neuroblast,Radial Glia,0.5094320774078369,0.08721593022346497,0.8825986981391907
10X_17_028:AAAGTAGCAAAGTCAAx,10X_17_028,Radial Glia,EMX1,10,14,Neuron,Radial Glia,0.20927676558494568,-0.3866296410560608,0.7932121753692627
10X_17_028:AAACGGGTCTGCGTAAx,10X_17_028,Radial Glia,EMX1,10,14,Neuron,Radial Glia,0.15797054767608643,-0.3729841709136963,0.8068023920059204
10X_17_028:AACTTTCGTTACCGATx,10X_17_028,Radial Glia,EMX1,10,14,Neuron,Radial Glia,0.22629567980766296,-0.3886914849281311,0.8108465671539307
10X_17_028:AACGTTGGTGACGGTAx,10X_17_028,Radial Glia,EMX1,10,14,Neuron,Radial Glia,0.2329612672328949,-0.3938741385936737,0.796602189540863
10X_17_028:AACTCTTGTGCTCTTCx,10X_17_028,Neuron,EMX1,10,14,Neuron,Radial Glia,0.351082980632782,-0.15292364358901978,0.8453543186187744
10X_17_028:AACTTTCTCCTCTAGCx,10X_17_028,Radial Glia,EMX1,10,14,Neuron,Radial Glia,0.2629406750202179,-0.3058333396911621,0.8548754453659058
10X_17_028:ACAGCCGTCAACGGCCx,10X_17_028,Neuron,EMX1,10,14,Neuron,Radial Glia,0.29664817452430725,-0.23865631222724915,0.8826083540916443
10X_17_028:ACGATACCAACGATCTx,10X_17_028,Radial Glia,EMX1,10,14,Neuron,Radial Glia,0.23245283961296082,-0.28438514471054077,0.8434202671051025
10X_17_028:ACGCCGATCTTTCCTCx,10X_17_028,Radial Glia,EMX1,10,14,Neuron,Radial Glia,0.2595154345035553,-0.24518471956253052,0.8826501369476318
10X_17_028:ACGGGCTGTACAGACGx,10X_17_028,Radial Glia,EMX1,10,14,Neuron,Radial Glia,0.2110665738582611,-0.41347259283065796,0.7862540483474731
10X_17_028:ACTTTCACATTATCTCx,10X_17_028,Neuron,EMX1,10,14,Neuron,Radial Glia,0.3960656225681305,-0.13023585081100464,0.86564040184021
10X_17_028:AGCTCTCGTTAGAACAx,10X_17_028,Radial Glia,EMX1,10,14,Neuron,Radial Glia,0.21833494305610657,-0.3814300000667572,0.8198844790458679
10X_17_028:AGCTCTCAGAGACTATx,10X_17_028,Neuron,EMX1,10,14,Neuron,Radial Glia,0.40167665481567383,-0.18658068776130676,0.8884633183479309
10X_17_028:ATCATGGGTATCACCAx,10X_17_028,Neuron,EMX1,10,14,Neuron,Radial Glia,0.3201870918273926,-0.2164267599582672,0.842460572719574
10X_17_028:ATCATCTTCTGTCAAGx,10X_17_028,Radial Glia,EMX1,10,14,Neuron,Radial Glia,0.2615739405155182,-0.38087254762649536,0.7551197409629822
10X_17_028:ATCATCTCATCCTTGCx,10X_17_028,Radial Glia,EMX1,10,14,Neuron,Radial Glia,0.24703571200370789,-0.35756009817123413,0.8414797782897949
10X_17_028:ATCTACTAGAAACCTAx,10X_17_028,Radial Glia,EMX1,10,14,Neuron,Radial Glia,0.23612743616104126,-0.2670851945877075,0.8493098616600037
10X_17_028:ATGCGATGTGCGGTAAx,10X_17_028,Radial Glia,EMX1,10,14,Neuron,Radial Glia,0.15624362230300903,-0.3842792510986328,0.8226293325424194
10X_17_028:CAACCTCAGTCGCCGTx,10X_17_028,Radial Glia,EMX1,10,14,Neuron,Radial Glia,0.21819445490837097,-0.26311808824539185,0.844835102558136
10X_17_028:CAACCTCCATCACAACx,10X_17_028,Radial Glia,EMX1,10,14,Neuron,Radial Glia,0.26732704043388367,-0.3553645610809326,0.8244659900665283
10X_17_028:CACACAAAGAAGGTGAx,10X_17_028,Radial Glia,EMX1,10,14,Neuron,Radial Glia,0.1934398114681244,-0.31921371817588806,0.8246198296546936
10X_17_028:CAGCCGAGTTCATGGTx,10X_17_028,Neuron,EMX1,10,14,Neuron,Radial Glia,0.3980395495891571,-0.14970245957374573,0.8803962469100952
10X_17_028:CAGAGAGGTTCGAATCx,10X_17_028,Neuron,EMX1,10,14,Neuron,Radial Glia,0.34757035970687866,-0.20489159226417542,0.8587013483047485
10X_17_028:CCTTCCCGTGACTCATx,10X_17_028,Radial Glia,EMX1,10,14,Neuron,Radial Glia,0.21483775973320007,-0.40323302149772644,0.7943097949028015
10X_17_028:CCTCAGTCACCACGTGx,10X_17_028,Neuron,EMX1,10,14,Neuron,Radial Glia,0.31859344244003296,-0.21345685422420502,0.8842146396636963
10X_17_028:CGAACATTCAGGCGAAx,10X_17_028,Radial Glia,EMX1,10,14,Neuron,Radial Glia,0.250861793756485,-0.33203160762786865,0.8525605797767639
10X_17_028:CGGAGCTCATTAGGCTx,10X_17_028,Neuron,EMX1,10,14,Neuron,Radial Glia,0.33244165778160095,-0.21991100907325745,0.8643591403961182
10X_17_028:CGGAGTCTCATCTGCCx,10X_17_028,Neuron,EMX1,10,14,Neuron,Radial Glia,0.3303118348121643,-0.2296786606311798,0.8492424488067627
10X_17_028:CGTAGCGCAAACGCGAx,10X_17_028,Radial Glia,EMX1,10,14,Neuron,Radial Glia,0.19347678124904633,-0.3843495845794678,0.8057927489280701
10X_17_028:CGTCTACAGACATAACx,10X_17_028,Radial Glia,EMX1,10,14,Neuron,Radial Glia,0.1863662153482437,-0.4391847252845764,0.776592493057251
10X_17_028:CTACCCAAGCCTCGTGx,10X_17_028,Radial Glia,EMX1,10,14,Neuron,Radial Glia,0.14798371493816376,-0.3837661147117615,0.7701643705368042
10X_17_028:CTGAAGTCAGATGGGTx,10X_17_028,Radial Glia,EMX1,10,14,Neuron,Radial Glia,0.16788512468338013,-0.38588255643844604,0.8083267211914062
10X_17_028:GAACATCCATTTGCCCx,10X_17_028,Radial Glia,EMX1,10,14,Neuron,Radial Glia,0.17086121439933777,-0.43097811937332153,0.7650843262672424
10X_17_028:GAATAAGTCACATGCAx,10X_17_028,Neuron,EMX1,10,14,Neuron,Radial Glia,0.405476450920105,-0.17402181029319763,0.9168567061424255
10X_17_028:GACTACAGTTGGACCCx,10X_17_028,Radial Glia,EMX1,10,14,Neuron,Radial Glia,0.22625663876533508,-0.38667845726013184,0.8358585834503174
10X_17_028:GATCGCGAGGGCTTGAx,10X_17_028,Neuron,EMX1,10,14,Neuron,Radial Glia,0.3275303244590759,-0.21576616168022156,0.8527961373329163
10X_17_028:GATCAGTAGGCCCGTTx,10X_17_028,Radial Glia,EMX1,10,14,Neuron,Radial Glia,0.23900291323661804,-0.29465344548225403,0.8525415658950806
10X_17_028:GAGTCCGTCACTATTCx,10X_17_028,Neuron,EMX1,10,14,Neuron,Radial Glia,0.35029035806655884,-0.1690729558467865,0.8666214942932129
10X_17_028:GCAGCCAGTCGCGTGTx,10X_17_028,Radial Glia,EMX1,10,14,Neuron,Radial Glia,0.21343594789505005,-0.38400566577911377,0.8001861572265625
10X_17_028:GCATACAGTACCGCTGx,10X_17_028,Radial Glia,EMX1,10,14,Neuron,Radial Glia,0.17202889919281006,-0.42638272047042847,0.7877705693244934
10X_17_028:GCATACATCCAGATCAx,10X_17_028,Radial Glia,EMX1,10,14,Neuron,Radial Glia,0.23597607016563416,-0.3613021969795227,0.8068729639053345
10X_17_028:GGGCATCAGTTGTCGTx,10X_17_028,Radial Glia,EMX1,10,14,Neuron,Radial Glia,0.22406518459320068,-0.38074150681495667,0.7818204164505005
10X_17_028:GGGTCTGAGTTAAGTGx,10X_17_028,Radial Glia,EMX1,10,14,Neuron,Radial Glia,0.23962590098381042,-0.25433608889579773,0.838894248008728
10X_17_028:GTAACGTTCAGGCCCAx,10X_17_028,Radial Glia,EMX1,10,14,Neuron,Radial Glia,0.25486528873443604,-0.24689239263534546,0.8573935031890869
10X_17_028:GTCAAGTGTGGGTCAAx,10X_17_028,Radial Glia,EMX1,10,14,Neuron,Radial Glia,0.20160114765167236,-0.33643800020217896,0.8091733455657959
10X_17_028:GTCGGGTTCGACCAGCx,10X_17_028,Radial Glia,EMX1,10,14,Neuron,Radial Glia,0.20822614431381226,-0.34467482566833496,0.8417229652404785
10X_17_028:TACAGTGAGACCCACCx,10X_17_028,Neuron,EMX1,10,14,Neuron,Radial Glia,0.34157711267471313,-0.23525258898735046,0.8707732558250427
10X_17_028:TAGCCGGAGATCCGAGx,10X_17_028,Radial Glia,EMX1,10,14,Neuron,Radial Glia,0.16262829303741455,-0.4498595595359802,0.775700569152832
10X_17_028:TCTCTAAGTCCAACTAx,10X_17_028,Neuron,EMX1,10,14,Neuron,Radial Glia,0.36959123611450195,-0.1852492392063141,0.8982270956039429
10X_17_028:TCTGGAACATCATCCCx,10X_17_028,Neuron,EMX1,10,14,Neuron,Radial Glia,0.3263172507286072,-0.21049562096595764,0.8871873617172241
10X_17_028:TGACTTTCACCAACCGx,10X_17_028,Radial Glia,EMX1,10,14,Neuron,Radial Glia,0.2286306619644165,-0.2916654944419861,0.8326941728591919
10X_17_028:TGCCCATCAAAGCAATx,10X_17_028,Radial Glia,EMX1,10,14,Neuron,Radial Glia,0.20799620449543,-0.38669711351394653,0.8096104860305786
10X_17_028:TGGACGCCACGAAATAx,10X_17_028,Radial Glia,EMX1,10,14,Neuron,Radial Glia,0.17842671275138855,-0.3511338531970978,0.8250364065170288
10X_17_028:TTAGGCAGTAAATGACx,10X_17_028,Radial Glia,EMX1,10,14,Neuron,Radial Glia,0.23666927218437195,-0.2704949378967285,0.842429518699646
10X_17_028:TTTGCGCTCACTTCATx,10X_17_028,Radial Glia,EMX1,10,14,Neuron,Radial Glia,0.21222801506519318,-0.32865744829177856,0.820746660232544
10X_17_029:ACGGAGACATGCGCACx,10X_17_029,Radial Glia,EMX1,10,14,Neuron,Radial Glia,0.22263440489768982,-0.3128533959388733,0.8675870895385742
10X_17_029:ATCATCTTCCCAGGTGx,10X_17_029,Neuron,EMX1,10,14,Neuron,Radial Glia,0.39331310987472534,-0.14796680212020874,0.8867026567459106
10X_17_029:ATCCGAACAAACTGTCx,10X_17_029,Radial Glia,EMX1,10,14,Neuron,Radial Glia,0.1672656238079071,-0.39754292368888855,0.828994870185852
10X_17_029:ATGAGGGCAACTGGCCx,10X_17_029,Radial Glia,EMX1,10,14,Neuron,Radial Glia,0.22205957770347595,-0.40794432163238525,0.7768575549125671
10X_17_029:ATGTGTGGTTCGCGACx,10X_17_029,Radial Glia,EMX1,10,14,Neuron,Radial Glia,0.24206280708312988,-0.23366016149520874,0.8366258144378662
10X_17_029:CACACAAGTGTCTGATx,10X_17_029,Neuron,EMX1,10,14,Neuron,Radial Glia,0.3435642123222351,-0.1605977714061737,0.9033508896827698
10X_17_029:CAGGTGCGTACTCGCGx,10X_17_029,Neuron,EMX1,10,14,Neuron,Radial Glia,0.3901371955871582,-0.16252651810646057,0.8598666787147522
10X_17_029:CATTATCCATCCCACTx,10X_17_029,Radial Glia,EMX1,10,14,Neuron,Radial Glia,0.2380218803882599,-0.30034101009368896,0.8520542979240417
10X_17_029:CCATTCGGTCTAGGTTx,10X_17_029,Radial Glia,EMX1,10,14,Neuron,Radial Glia,0.2249200940132141,-0.3025088608264923,0.8447903990745544
10X_17_029:CCCTCCTGTCTCATCCx,10X_17_029,Neuron,EMX1,10,14,Neuron,Radial Glia,0.37592095136642456,-0.1999157965183258,0.8745272755622864
10X_17_029:CGACCTTAGCCTATGTx,10X_17_029,Radial Glia,EMX1,10,14,Neuron,Radial Glia,0.23630544543266296,-0.3333941698074341,0.8340511322021484
10X_17_029:CTCACACCAGCATACTx,10X_17_029,Radial Glia,EMX1,10,14,Neuron,Radial Glia,0.22064945101737976,-0.3183596730232239,0.8410211205482483
10X_17_029:CTCGAAAGTGAGGCTAx,10X_17_029,Radial Glia,EMX1,10,14,Neuron,Radial Glia,0.21492119133472443,-0.33732280135154724,0.8335537314414978
10X_17_029:CTCGAGGTCAGCTCTCx,10X_17_029,Radial Glia,EMX1,10,14,Neuron,Radial Glia,0.23113924264907837,-0.33046361804008484,0.8415303826332092
10X_17_029:GACTAACGTCCCTACTx,10X_17_029,Radial Glia,EMX1,10,14,Neuron,Radial Glia,0.2954401969909668,-0.2792857587337494,0.8988562822341919
10X_17_029:GACCAATGTGAGGCTAx,10X_17_029,Radial Glia,EMX1,10,14,Neuron,Radial Glia,0.22144362330436707,-0.43596404790878296,0.7748733162879944
10X_17_029:GATCGTAAGAATGTTGx,10X_17_029,Radial Glia,EMX1,10,14,Neuron,Radial Glia,0.19175788760185242,-0.43290361762046814,0.7872048020362854
10X_17_029:GACTACATCGTCTGAAx,10X_17_029,Neuron,EMX1,10,14,Neuron,Radial Glia,0.3793792724609375,-0.1576838493347168,0.859765350818634
10X_17_029:GATCGCGGTTTGTTTCx,10X_17_029,Radial Glia,EMX1,10,14,Neuron,Radial Glia,0.2400062084197998,-0.339388370513916,0.8171249628067017
10X_17_029:GCGAGAACACGACGAAx,10X_17_029,Radial Glia,EMX1,10,14,Neuron,Radial Glia,0.21077695488929749,-0.3306332230567932,0.8234817981719971
10X_17_029:GCATGTAGTGCCTTGGx,10X_17_029,Neuron,EMX1,10,14,Neuron,Radial Glia,0.4127582907676697,-0.15443122386932373,0.9028900265693665
10X_17_029:GGAAAGCTCTGGCGTGx,10X_17_029,Neuron,EMX1,10,14,Neuron,Radial Glia,0.32336029410362244,-0.1840933859348297,0.8714194297790527
10X_17_029:GGGCATCAGAAGGCCTx,10X_17_029,Radial Glia,EMX1,10,14,Neuron,Radial Glia,0.22492405772209167,-0.3882904648780823,0.8244051933288574
10X_17_029:GGGCACTCAGTATAAGx,10X_17_029,Radial Glia,EMX1,10,14,Neuron,Radial Glia,0.20364275574684143,-0.42587244510650635,0.7443677186965942
10X_17_029:GTGTTAGAGTAGGCCAx,10X_17_029,Radial Glia,EMX1,10,14,Neuron,Radial Glia,0.1936778724193573,-0.43796777725219727,0.7563946843147278
10X_17_029:GTTCATTCATCGATTGx,10X_17_029,Radial Glia,EMX1,10,14,Neuron,Radial Glia,0.26715609431266785,-0.3221641182899475,0.8177430033683777
10X_17_029:GTTCGGGCACTGAAGGx,10X_17_029,Radial Glia,EMX1,10,14,Neuron,Radial Glia,0.19280663132667542,-0.43107277154922485,0.7831746339797974
10X_17_029:TATTACCGTGCCTTGGx,10X_17_029,Radial Glia,EMX1,10,14,Neuron,Radial Glia,0.2325412929058075,-0.3689146637916565,0.8355304002761841
10X_17_029:TCACGAACATGTTCCCx,10X_17_029,Neuron,EMX1,10,14,Neuron,Radial Glia,0.38187575340270996,-0.1724483072757721,0.8911803960800171
10X_17_029:TCGCGTTTCTTAGAGCx,10X_17_029,Neuron,EMX1,10,14,Neuron,Radial Glia,0.374606192111969,-0.09783598780632019,0.9223102331161499
10X_17_029:TCGTACCTCTCGAGTAx,10X_17_029,Radial Glia,EMX1,10,14,Neuron,Radial Glia,0.2236739993095398,-0.34168726205825806,0.8489850163459778
10X_17_029:TTAGGACAGGTGGGTTx,10X_17_029,Radial Glia,EMX1,10,14,Neuron,Radial Glia,0.23404636979103088,-0.35891294479370117,0.8005994558334351
10X_17_029:TTGCGTCAGGCACATGx,10X_17_029,Neuron,EMX1,10,14,Neuron,Radial Glia,0.3242834210395813,-0.24261446297168732,0.8469008207321167
10X_17_028:AACCATGGTAATCACCx,10X_17_028,Neuroblast,LHX2,13,15,Neuroblast,Radial Glia,0.4649895429611206,0.05214527249336243,0.5365133285522461
10X_17_028:AACCATGCATACTACGx,10X_17_028,Neuroblast,LHX2,13,15,Neuroblast,Radial Glia,0.48836225271224976,0.025349274277687073,0.5322995781898499
10X_17_028:AAACCTGTCCTAGTGAx,10X_17_028,Radial Glia,LHX2,13,15,Neuroblast,Radial Glia,0.3387905955314636,-0.06230102479457855,0.652692973613739
10X_17_028:AAACCTGGTCTCATCCx,10X_17_028,Radial Glia,LHX2,13,15,Neuroblast,Radial Glia,0.4384217858314514,-0.046699151396751404,0.6432250142097473
10X_17_028:AAAGATGGTTACCGATx,10X_17_028,Neuroblast,LHX2,13,15,Neuroblast,Radial Glia,0.47714465856552124,0.02228054404258728,0.5591540336608887
10X_17_028:AACTTTCGTTACCGATx,10X_17_028,Radial Glia,LHX2,13,15,Neuroblast,Radial Glia,0.3819800019264221,-0.053451210260391235,0.6638429164886475
10X_17_028:AAGTCTGGTCCAACTAx,10X_17_028,Neuroblast,LHX2,13,15,Neuroblast,Radial Glia,0.4222501516342163,0.08187350630760193,0.520635724067688
10X_17_028:AAGGCAGGTAACGCGAx,10X_17_028,Radial Glia,LHX2,13,15,Neuroblast,Radial Glia,0.23855388164520264,-0.0458400696516037,0.6632307767868042
10X_17_028:ACATACGTCTCTTGATx,10X_17_028,Radial Glia,LHX2,13,15,Neuroblast,Radial Glia,0.370036244392395,-0.06925712525844574,0.6711371541023254
10X_17_028:ACGATACTCCATGAACx,10X_17_028,Radial Glia,LHX2,13,15,Neuroblast,Radial Glia,0.257415235042572,-0.020934805274009705,0.6544296741485596
10X_17_028:ACGATACGTAAGCACGx,10X_17_028,Radial Glia,LHX2,13,15,Neuroblast,Radial Glia,0.4346133768558502,-0.09210935980081558,0.6312333941459656
10X_17_028:ACGGCCAGTTCGCTAAx,10X_17_028,Radial Glia,LHX2,13,15,Neuroblast,Radial Glia,0.4580022394657135,-0.08404751867055893,0.6249712705612183
10X_17_028:ACGGGTCCATTGTGCAx,10X_17_028,Radial Glia,LHX2,13,15,Neuroblast,Radial Glia,0.40098169445991516,-0.030360952019691467,0.6258435249328613
10X_17_028:ACGGCCAAGTCGTACTx,10X_17_028,Neuroblast,LHX2,13,15,Neuroblast,Radial Glia,0.4917922616004944,0.0027313828468322754,0.5907023549079895
10X_17_028:ACGGGCTGTACAGACGx,10X_17_028,Radial Glia,LHX2,13,15,Neuroblast,Radial Glia,0.40286868810653687,-0.08359810709953308,0.6490511298179626
10X_17_028:ACGTCAAGTACAGTTCx,10X_17_028,Neuroblast,LHX2,13,15,Neuroblast,Radial Glia,0.4796106815338135,0.06044095754623413,0.5417666435241699
10X_17_028:AGAATAGGTTACGCGCx,10X_17_028,Radial Glia,LHX2,13,15,Neuroblast,Radial Glia,0.2865346670150757,-0.010177373886108398,0.6639667749404907
10X_17_028:AGAATAGTCTTAGCCCx,10X_17_028,Radial Glia,LHX2,13,15,Neuroblast,Radial Glia,0.49745142459869385,-0.054466262459754944,0.6179082989692688
10X_17_028:ACTGTCCAGAGCCTAGx,10X_17_028,Neuroblast,LHX2,13,15,Neuroblast,Radial Glia,0.4519284963607788,-0.015925422310829163,0.5857043862342834
10X_17_028:AGATTGCAGAACTCGGx,10X_17_028,Neuroblast,LHX2,13,15,Neuroblast,Radial Glia,0.4148077964782715,0.08475255966186523,0.5289696455001831
10X_17_028:AGACGTTAGTCCCACGx,10X_17_028,Radial Glia,LHX2,13,15,Neuroblast,Radial Glia,0.3523627519607544,-0.06423699855804443,0.6636070013046265
10X_17_028:AGCAGCCCAGTATGCTx,10X_17_028,Radial Glia,LHX2,13,15,Neuroblast,Radial Glia,0.38898003101348877,-0.05345974862575531,0.6534469723701477
10X_17_028:AGCGTCGAGCAATCTCx,10X_17_028,Radial Glia,LHX2,13,15,Neuroblast,Radial Glia,0.46148449182510376,-0.06841958314180374,0.6467458009719849
10X_17_028:AGCGTATAGGGCTTCCx,10X_17_028,Radial Glia,LHX2,13,15,Neuroblast,Radial Glia,0.3739110231399536,-0.037982478737831116,0.6595439910888672
10X_17_028:AGGTCATCAGCGAACAx,10X_17_028,Radial Glia,LHX2,13,15,Neuroblast,Radial Glia,0.29390156269073486,-0.0498586967587471,0.6520242691040039
10X_17_028:AGTCTTTCAGTCGTGCx,10X_17_028,Radial Glia,LHX2,13,15,Neuroblast,Radial Glia,0.3653612732887268,-0.06150873005390167,0.6348605155944824
10X_17_028:ATAGACCAGGAGTACCx,10X_17_028,Radial Glia,LHX2,13,15,Neuroblast,Radial Glia,0.3676075339317322,-0.04659271240234375,0.626937210559845
10X_17_028:ATCATCTCAATGCCATx,10X_17_028,Neuroblast,LHX2,13,15,Neuroblast,Radial Glia,0.42486560344696045,0.04451224207878113,0.5702300071716309
10X_17_028:ATCATCTGTCTACCTCx,10X_17_028,Radial Glia,LHX2,13,15,Neuroblast,Radial Glia,0.492458313703537,-0.06158784031867981,0.6373679637908936
10X_17_028:ATAACGCAGCTGAAATx,10X_17_028,Radial Glia,LHX2,13,15,Neuroblast,Radial Glia,0.4035921096801758,-0.08969318866729736,0.6468487977981567
10X_17_028:ATCTACTAGAAACCTAx,10X_17_028,Radial Glia,LHX2,13,15,Neuroblast,Radial Glia,0.3674112558364868,-0.043880119919776917,0.6570613384246826
10X_17_028:ATCTACTGTTCGCTAAx,10X_17_028,Neuroblast,LHX2,13,15,Neuroblast,Radial Glia,0.5142168998718262,0.02016347646713257,0.5733399391174316
10X_17_028:ATGCGATGTGCGGTAAx,10X_17_028,Radial Glia,LHX2,13,15,Neuroblast,Radial Glia,0.277774453163147,-0.05012725293636322,0.6402294635772705
10X_17_028:ATTGGTGCATATGGTCx,10X_17_028,Neuroblast,LHX2,13,15,Neuroblast,Radial Glia,0.43817925453186035,0.07677164673805237,0.5517780780792236
10X_17_028:CAACCTCAGTCGCCGTx,10X_17_028,Radial Glia,LHX2,13,15,Neuroblast,Radial Glia,0.39707306027412415,-0.008416533470153809,0.6502330303192139
10X_17_028:ATTCTACGTTGCCTCTx,10X_17_028,Radial Glia,LHX2,13,15,Neuroblast,Radial Glia,0.36558762192726135,-0.06757904589176178,0.6438820362091064
10X_17_028:CAACTAGCAGGAATCGx,10X_17_028,Radial Glia,LHX2,13,15,Neuroblast,Radial Glia,0.3636226952075958,-0.05112673342227936,0.6374629735946655
10X_17_028:CACACTCCAAAGGCGTx,10X_17_028,Neuroblast,LHX2,13,15,Neuroblast,Radial Glia,0.468362033367157,0.06670024991035461,0.537895917892456
10X_17_028:CACACAAAGAAGGTGAx,10X_17_028,Radial Glia,LHX2,13,15,Neuroblast,Radial Glia,0.33572331070899963,-0.01942761242389679,0.6558208465576172
10X_17_028:CAAGGCCTCCAAACTGx,10X_17_028,Radial Glia,LHX2,13,15,Neuroblast,Radial Glia,0.2940269708633423,-0.04575192928314209,0.6559200882911682
10X_17_028:CACATTTAGACAGAGAx,10X_17_028,Radial Glia,LHX2,13,15,Neuroblast,Radial Glia,0.38260573148727417,-0.08121143281459808,0.6209530830383301
10X_17_028:CAGCATATCTTCTGGCx,10X_17_028,Radial Glia,LHX2,13,15,Neuroblast,Radial Glia,0.4390859603881836,-0.07778571546077728,0.6483567357063293
10X_17_028:CAGCTAACAATCTGCAx,10X_17_028,Radial Glia,LHX2,13,15,Neuroblast,Radial Glia,0.4065333604812622,-0.056542739272117615,0.6339433193206787
10X_17_028:CAGAATCTCTACTATCx,10X_17_028,Neuroblast,LHX2,13,15,Neuroblast,Radial Glia,0.41684240102767944,0.0882386714220047,0.5619971752166748
10X_17_028:CATCAGATCGCATGATx,10X_17_028,Neuroblast,LHX2,13,15,Neuroblast,Radial Glia,0.5065226554870605,0.05894671380519867,0.5426315069198608
10X_17_028:CAGGTGCTCCCTAATTx,10X_17_028,Radial Glia,LHX2,13,15,Neuroblast,Radial Glia,0.41552498936653137,-0.05291428416967392,0.6270604133605957
10X_17_028:CATGCCTAGACAAGCCx,10X_17_028,Radial Glia,LHX2,13,15,Neuroblast,Radial Glia,0.4521307945251465,0.026757702231407166,0.5806879997253418
10X_17_028:CCATGTCTCCGAAGAGx,10X_17_028,Radial Glia,LHX2,13,15,Neuroblast,Radial Glia,0.2841717004776001,-0.03976176679134369,0.6739537715911865
10X_17_028:CCGGTAGAGCAATCTCx,10X_17_028,Radial Glia,LHX2,13,15,Neuroblast,Radial Glia,0.27683746814727783,-0.03699289262294769,0.6559613943099976
10X_17_028:CCCTCCTCATATGAGAx,10X_17_028,Neuroblast,LHX2,13,15,Neuroblast,Radial Glia,0.4987567663192749,0.0011662021279335022,0.5484632849693298
10X_17_028:CCTTCCCGTGATGTCTx,10X_17_028,Neuroblast,LHX2,13,15,Neuroblast,Radial Glia,0.49063873291015625,0.08407001197338104,0.5315777659416199
10X_17_028:CCTAAAGAGTTGCAGGx,10X_17_028,Radial Glia,LHX2,13,15,Neuroblast,Radial Glia,0.4287494421005249,-0.07445252686738968,0.6238731145858765
10X_17_028:CCTTCCCGTGACTCATx,10X_17_028,Radial Glia,LHX2,13,15,Neuroblast,Radial Glia,0.34297871589660645,-0.07487213611602783,0.6651976704597473
10X_17_028:CCTAGCTAGTCCATACx,10X_17_028,Radial Glia,LHX2,13,15,Neuroblast,Radial Glia,0.44067516922950745,-0.061634913086891174,0.6376517415046692
10X_17_028:CGAGAAGCAAGTCATCx,10X_17_028,Radial Glia,LHX2,13,15,Neuroblast,Radial Glia,0.3649451732635498,-0.0410241037607193,0.657590925693512
10X_17_028:CGGACGTGTACCGAGAx,10X_17_028,Radial Glia,LHX2,13,15,Neuroblast,Radial Glia,0.3583272695541382,-0.08302603662014008,0.641501247882843
10X_17_028:CGTAGGCAGCCCAATTx,10X_17_028,Radial Glia,LHX2,13,15,Neuroblast,Radial Glia,0.30477941036224365,-0.025457024574279785,0.6625891923904419
10X_17_028:CGTAGGCGTCCCGACAx,10X_17_028,Neuroblast,LHX2,13,15,Neuroblast,Radial Glia,0.44259750843048096,0.06918814778327942,0.5351721048355103
10X_17_028:CGTTAGATCGTGGGAAx,10X_17_028,Radial Glia,LHX2,13,15,Neuroblast,Radial Glia,0.2044299840927124,-0.03469766676425934,0.6737775802612305
10X_17_028:CTAACTTAGACAAGCCx,10X_17_028,Neuroblast,LHX2,13,15,Neuroblast,Radial Glia,0.48607659339904785,0.07614864408969879,0.527385950088501
10X_17_028:CTACCCACATTCTCATx,10X_17_028,Radial Glia,LHX2,13,15,Neuroblast,Radial Glia,0.43758144974708557,-0.058821097016334534,0.6379648447036743
10X_17_028:CTAGAGTCATACAGCTx,10X_17_028,Radial Glia,LHX2,13,15,Neuroblast,Radial Glia,0.3624001741409302,-0.042423248291015625,0.6537198424339294
10X_17_028:CTCGGAGTCTCCAACCx,10X_17_028,Neuroblast,LHX2,13,15,Neuroblast,Radial Glia,0.5280841588973999,0.05692590773105621,0.5319818258285522
10X_17_028:CTCGTACTCTCCGGTTx,10X_17_028,Neuroblast,LHX2,13,15,Neuroblast,Radial Glia,0.444803386926651,0.05802229046821594,0.5693995952606201
10X_17_028:CTCCTAGGTGGACGATx,10X_17_028,Neuroblast,LHX2,13,15,Neuroblast,Radial Glia,0.3719629645347595,0.06737664341926575,0.5684038400650024
10X_17_028:CTCGTACAGGATGTATx,10X_17_028,Radial Glia,LHX2,13,15,Neuroblast,Radial Glia,0.3727085590362549,-0.0702311247587204,0.6616417169570923
10X_17_028:CTCGGGATCCCGGATGx,10X_17_028,Radial Glia,LHX2,13,15,Neuroblast,Radial Glia,0.28910911083221436,-0.044935598969459534,0.6603343486785889
10X_17_028:CTCGGAGGTGTGAAATx,10X_17_028,Neuroblast,LHX2,13,15,Neuroblast,Radial Glia,0.516875147819519,0.02694154530763626,0.5313108563423157
10X_17_028:CTCTGGTCAAATCCGTx,10X_17_028,Radial Glia,LHX2,13,15,Neuroblast,Radial Glia,0.3705882132053375,-0.05610266327857971,0.6283248662948608
10X_17_028:CTGAAACAGTCGTACTx,10X_17_028,Neuroblast,LHX2,13,15,Neuroblast,Radial Glia,0.48403358459472656,0.052409082651138306,0.5375709533691406
10X_17_028:CTGAAGTCAGATGGGTx,10X_17_028,Radial Glia,LHX2,13,15,Neuroblast,Radial Glia,0.31752514839172363,-0.05441439151763916,0.670968770980835
10X_17_028:CTCGTCAAGACGACGTx,10X_17_028,Neuroblast,LHX2,13,15,Neuroblast,Radial Glia,0.4674341082572937,0.007457718253135681,0.5671438574790955
10X_17_028:CTGCTGTTCACAATGCx,10X_17_028,Neuroblast,LHX2,13,15,Neuroblast,Radial Glia,0.4969272017478943,0.00478922575712204,0.569830060005188
10X_17_028:CTGTTTACAGCTATTGx,10X_17_028,Radial Glia,LHX2,13,15,Neuroblast,Radial Glia,0.42238152027130127,-0.04890207201242447,0.6219384670257568
10X_17_028:CTGCGGAAGGATGGAAx,10X_17_028,Radial Glia,LHX2,13,15,Neuroblast,Radial Glia,0.3348086476325989,-0.09338055551052094,0.64677894115448
10X_17_028:CTGTTTAGTCCAAGTTx,10X_17_028,Radial Glia,LHX2,13,15,Neuroblast,Radial Glia,0.40282145142555237,-0.008685246109962463,0.6101332902908325
10X_17_028:GAAACTCCAAGCCGTCx,10X_17_028,Radial Glia,LHX2,13,15,Neuroblast,Radial Glia,0.4470248520374298,-0.0755210667848587,0.6351950168609619
10X_17_028:CTTAGGATCTGCCCTAx,10X_17_028,Neuroblast,LHX2,13,15,Neuroblast,Radial Glia,0.5135715007781982,0.03786887228488922,0.554424524307251
10X_17_028:GAATAAGTCATAGCACx,10X_17_028,Radial Glia,LHX2,13,15,Neuroblast,Radial Glia,0.4096820652484894,-0.05439768731594086,0.6343504786491394
10X_17_028:GACGGCTGTCTGCCAGx,10X_17_028,Radial Glia,LHX2,13,15,Neuroblast,Radial Glia,0.3283553719520569,-0.08380924165248871,0.6526142358779907
10X_17_028:GACTACAGTTGGACCCx,10X_17_028,Radial Glia,LHX2,13,15,Neuroblast,Radial Glia,0.3686157464981079,-0.05125671625137329,0.6682332158088684
10X_17_028:GATCGATCATCTCCCAx,10X_17_028,Radial Glia,LHX2,13,15,Neuroblast,Radial Glia,0.38650715351104736,-0.07052622735500336,0.6429821252822876
10X_17_028:GCAGTTAAGATGTTAGx,10X_17_028,Neuroblast,LHX2,13,15,Neuroblast,Radial Glia,0.38125526905059814,0.08655092120170593,0.5769151449203491
10X_17_028:GCATACAGTACCGCTGx,10X_17_028,Radial Glia,LHX2,13,15,Neuroblast,Radial Glia,0.3550552725791931,-0.06590627133846283,0.6606796383857727
10X_17_028:GCGCGATAGCTAACAAx,10X_17_028,Radial Glia,LHX2,13,15,Neuroblast,Radial Glia,0.2674662470817566,-0.058923110365867615,0.6489701867103577
10X_17_028:GCTGCGACAATGGACGx,10X_17_028,Radial Glia,LHX2,13,15,Neuroblast,Radial Glia,0.3951817452907562,-0.047918811440467834,0.6650514602661133
10X_17_028:GCTGCGATCATTGCCCx,10X_17_028,Neuroblast,LHX2,13,15,Neuroblast,Radial Glia,0.45063507556915283,0.04322662949562073,0.5214359760284424
10X_17_028:GGAATAAGTAAGTAGTx,10X_17_028,Radial Glia,LHX2,13,15,Neuroblast,Radial Glia,0.3536117672920227,-0.05393536388874054,0.6512943506240845
10X_17_028:GCTTCCAGTCGCATCGx,10X_17_028,Neuroblast,LHX2,13,15,Neuroblast,Radial Glia,0.444099098443985,0.02239459753036499,0.5511695146560669
10X_17_028:GGCGACTAGCGCTCCAx,10X_17_028,Neuroblast,LHX2,13,15,Neuroblast,Radial Glia,0.36261799931526184,0.04159343242645264,0.5899426937103271
10X_17_028:GGGCATCAGTTGTCGTx,10X_17_028,Radial Glia,LHX2,13,15,Neuroblast,Radial Glia,0.4171706438064575,-0.1006014347076416,0.6593116521835327
10X_17_028:GGCTCGAGTGATGCCCx,10X_17_028,Radial Glia,LHX2,13,15,Neuroblast,Radial Glia,0.2860334515571594,-0.03446491062641144,0.6688151359558105
10X_17_028:GGGAGATGTATAGGGCx,10X_17_028,Neuroblast,LHX2,13,15,Neuroblast,Radial Glia,0.4639429748058319,0.06737266480922699,0.5636370778083801
10X_17_028:GGGTCTGCATTGGGCCx,10X_17_028,Radial Glia,LHX2,13,15,Neuroblast,Radial Glia,0.37137269973754883,-0.09103070199489594,0.6595281362533569
10X_17_028:GGTGAAGCAGCCTATAx,10X_17_028,Radial Glia,LHX2,13,15,Neuroblast,Radial Glia,0.5033242702484131,-0.07742617279291153,0.614959716796875
10X_17_028:GGGTCTGAGTTAAGTGx,10X_17_028,Radial Glia,LHX2,13,15,Neuroblast,Radial Glia,0.3882559537887573,-0.03511066734790802,0.6057008504867554
10X_17_028:GTAACGTTCAGGCCCAx,10X_17_028,Radial Glia,LHX2,13,15,Neuroblast,Radial Glia,0.45346835255622864,-0.04287374019622803,0.6373222470283508
10X_17_028:GTACGTAAGAGTACATx,10X_17_028,Radial Glia,LHX2,13,15,Neuroblast,Radial Glia,0.466464102268219,-0.06591643393039703,0.6354563236236572
10X_17_028:GTCAAGTGTGGGTCAAx,10X_17_028,Radial Glia,LHX2,13,15,Neuroblast,Radial Glia,0.32664716243743896,-0.03670202195644379,0.6886670589447021
10X_17_028:GTATTCTAGCTGCAAGx,10X_17_028,Neuroblast,LHX2,13,15,Neuroblast,Radial Glia,0.5297529697418213,0.0314272940158844,0.5354171395301819
10X_17_028:GTCATTTAGGCTACGAx,10X_17_028,Radial Glia,LHX2,13,15,Neuroblast,Radial Glia,0.390905499458313,-0.04646335542201996,0.6487051844596863
10X_17_028:GTCGTAAGTCAGAGGTx,10X_17_028,Radial Glia,LHX2,13,15,Neuroblast,Radial Glia,0.33296501636505127,-0.02838921546936035,0.6466600298881531
10X_17_028:GTGCGGTGTGCAACTTx,10X_17_028,Radial Glia,LHX2,13,15,Neuroblast,Radial Glia,0.26325976848602295,-0.042036592960357666,0.6378917694091797
10X_17_028:GTGCGGTAGTAGCCGAx,10X_17_028,Radial Glia,LHX2,13,15,Neuroblast,Radial Glia,0.38091346621513367,-0.033594705164432526,0.6049791574478149
10X_17_028:GTTACAGTCTCCCTGAx,10X_17_028,Radial Glia,LHX2,13,15,Neuroblast,Radial Glia,0.379464328289032,-0.030931726098060608,0.6570286750793457
10X_17_028:GTGTGCGTCGAATGCTx,10X_17_028,Radial Glia,LHX2,13,15,Neuroblast,Radial Glia,0.33746761083602905,-0.04863251745700836,0.6857163906097412
10X_17_028:GTTCGGGCATGGATGGx,10X_17_028,Radial Glia,LHX2,13,15,Neuroblast,Radial Glia,0.34724104404449463,-0.0469016432762146,0.6802805662155151
10X_17_028:TAAGTGCGTATTCGTGx,10X_17_028,Radial Glia,LHX2,13,15,Neuroblast,Radial Glia,0.4346160888671875,0.009268388152122498,0.596748948097229
10X_17_028:TACACGATCAGCTGGCx,10X_17_028,Radial Glia,LHX2,13,15,Neuroblast,Radial Glia,0.35577571392059326,-0.044319093227386475,0.658473014831543
10X_17_028:TACACGAAGTTGAGATx,10X_17_028,Neuroblast,LHX2,13,15,Neuroblast,Radial Glia,0.47683799266815186,0.00541745126247406,0.569482684135437
10X_17_028:TAGAGCTCAATGGACGx,10X_17_028,Radial Glia,LHX2,13,15,Neuroblast,Radial Glia,0.3676936626434326,-0.04099148511886597,0.637945294380188
10X_17_028:TAGAGCTCATCAGTACx,10X_17_028,Radial Glia,LHX2,13,15,Neuroblast,Radial Glia,0.4209812879562378,-0.024840250611305237,0.6609939932823181
10X_17_028:TACTTACAGACTGTAAx,10X_17_028,Radial Glia,LHX2,13,15,Neuroblast,Radial Glia,0.3948584794998169,-0.09686768054962158,0.661064863204956
10X_17_028:TAGACCAGTATATGGAx,10X_17_028,Neuroblast,LHX2,13,15,Neuroblast,Radial Glia,0.5025259256362915,0.05420546233654022,0.5312589406967163
10X_17_028:TATCAGGGTGCAGACAx,10X_17_028,Radial Glia,LHX2,13,15,Neuroblast,Radial Glia,0.42324209213256836,-0.02363431453704834,0.6268163919448853
10X_17_028:TATGCCCGTTTGTTTCx,10X_17_028,Neuroblast,LHX2,13,15,Neuroblast,Radial Glia,0.5018388032913208,0.019084110856056213,0.5240026712417603
10X_17_028:TAGGCATTCGGATGTTx,10X_17_028,Radial Glia,LHX2,13,15,Neuroblast,Radial Glia,0.4632171392440796,-0.06994350999593735,0.6155569553375244
10X_17_028:TATTACCCATATGAGAx,10X_17_028,Radial Glia,LHX2,13,15,Neuroblast,Radial Glia,0.4561324417591095,-0.0451279953122139,0.6180027723312378
10X_17_028:TCAGGATGTGAACCTTx,10X_17_028,Radial Glia,LHX2,13,15,Neuroblast,Radial Glia,0.40345337986946106,-0.03556361049413681,0.6208371520042419
10X_17_028:TCAGATGCAAAGAATCx,10X_17_028,Neuroblast,LHX2,13,15,Neuroblast,Radial Glia,0.46528732776641846,0.04273000359535217,0.5670940279960632
10X_17_028:TCACGAACACGTTGGCx,10X_17_028,Radial Glia,LHX2,13,15,Neuroblast,Radial Glia,0.3597034811973572,-0.08234007656574249,0.6693146824836731
10X_17_028:TCAGGATAGGGCACTAx,10X_17_028,Neuroblast,LHX2,13,15,Neuroblast,Radial Glia,0.5241976976394653,0.025114193558692932,0.5446984767913818
10X_17_028:TCAACGATCATGTAGCx,10X_17_028,Radial Glia,LHX2,13,15,Neuroblast,Radial Glia,0.2915138006210327,-0.03039361536502838,0.6573493480682373
10X_17_028:TCGGTAAAGGTGATATx,10X_17_028,Neuroblast,LHX2,13,15,Neuroblast,Radial Glia,0.5356780290603638,-0.010389231145381927,0.5595223903656006
10X_17_028:TCTCATACAGTATAAGx,10X_17_028,Radial Glia,LHX2,13,15,Neuroblast,Radial Glia,0.4629022479057312,-0.06374705582857132,0.6102102994918823
10X_17_028:TCGGTAAGTTCGTTGAx,10X_17_028,Neuroblast,LHX2,13,15,Neuroblast,Radial Glia,0.456587553024292,0.0064289867877960205,0.5779308080673218
10X_17_028:TCGTACCGTAGCGCTCx,10X_17_028,Radial Glia,LHX2,13,15,Neuroblast,Radial Glia,0.4062916040420532,-0.06939877569675446,0.6379322409629822
10X_17_028:TGACTTTCAACACGCCx,10X_17_028,Neuroblast,LHX2,13,15,Neuroblast,Radial Glia,0.3224707841873169,-0.0299500972032547,0.6000751852989197
10X_17_028:TGACAACTCTGCTGCTx,10X_17_028,Radial Glia,LHX2,13,15,Neuroblast,Radial Glia,0.3836585581302643,-0.05771051347255707,0.6450580358505249
10X_17_028:TGACTTTCAAAGGTGCx,10X_17_028,Radial Glia,LHX2,13,15,Neuroblast,Radial Glia,0.31885820627212524,-0.07020412385463715,0.6624065637588501
10X_17_028:TGCCAAACACCACCAGx,10X_17_028,Radial Glia,LHX2,13,15,Neuroblast,Radial Glia,0.3600584864616394,-0.09214690327644348,0.6324368715286255
10X_17_028:TGCCAAATCAGTACGTx,10X_17_028,Radial Glia,LHX2,13,15,Neuroblast,Radial Glia,0.4172990918159485,-0.03712141513824463,0.6430937647819519
10X_17_028:TGCACCTAGATGGGTCx,10X_17_028,Radial Glia,LHX2,13,15,Neuroblast,Radial Glia,0.385257363319397,-0.04672282934188843,0.6522302627563477
10X_17_028:TGGACGCCACGAAATAx,10X_17_028,Radial Glia,LHX2,13,15,Neuroblast,Radial Glia,0.2938276529312134,-0.024791494011878967,0.6580802798271179
10X_17_028:TGCTACCGTCATCCCTx,10X_17_028,Radial Glia,LHX2,13,15,Neuroblast,Radial Glia,0.46005192399024963,-0.07439110428094864,0.6270824670791626
10X_17_028:TGTATTCTCACATAGCx,10X_17_028,Radial Glia,LHX2,13,15,Neuroblast,Radial Glia,0.38418734073638916,-0.01377810537815094,0.622128963470459
10X_17_028:TGGTTAGCATGGAATAx,10X_17_028,Radial Glia,LHX2,13,15,Neuroblast,Radial Glia,0.39678776264190674,-0.09383833408355713,0.6588332653045654
10X_17_028:TTAGGCAGTAAATGACx,10X_17_028,Radial Glia,LHX2,13,15,Neuroblast,Radial Glia,0.3646220266819,-0.018274426460266113,0.6416460871696472
10X_17_028:TTAGTTCAGACTAGATx,10X_17_028,Radial Glia,LHX2,13,15,Neuroblast,Radial Glia,0.39843785762786865,-0.07617102563381195,0.618267834186554
10X_17_028:TGTTCCGGTCAGTGGAx,10X_17_028,Radial Glia,LHX2,13,15,Neuroblast,Radial Glia,0.26368826627731323,-0.05040380358695984,0.6664837598800659
10X_17_028:TGTGTTTTCAGTTCGAx,10X_17_028,Neuroblast,LHX2,13,15,Neuroblast,Radial Glia,0.498521625995636,0.060047879815101624,0.5160824060440063
10X_17_028:TTCTCCTAGATCGGGTx,10X_17_028,Neuroblast,LHX2,13,15,Neuroblast,Radial Glia,0.41031837463378906,0.07590833306312561,0.5672807693481445
10X_17_028:TTATGCTCACTTAAGCx,10X_17_028,Neuroblast,LHX2,13,15,Neuroblast,Radial Glia,0.4852943420410156,0.006455086171627045,0.5656836032867432
10X_17_028:TTGGAACAGAATGTGTx,10X_17_028,Neuroblast,LHX2,13,15,Neuroblast,Radial Glia,0.48542726039886475,0.0461408793926239,0.5590522289276123
10X_17_028:TTGCCGTAGTGGGCTAx,10X_17_028,Neuroblast,LHX2,13,15,Neuroblast,Radial Glia,0.48900461196899414,0.006248638033866882,0.5583409070968628
10X_17_028:TTGACTTCAGATGGGTx,10X_17_028,Neuroblast,LHX2,13,15,Neuroblast,Radial Glia,0.4387894868850708,0.03407159447669983,0.5675543546676636
10X_17_028:TTTGCGCTCACTTCATx,10X_17_028,Radial Glia,LHX2,13,15,Neuroblast,Radial Glia,0.3629964590072632,-0.021418914198875427,0.6078144907951355
10X_17_028:TTTATGCGTTAAGGGCx,10X_17_028,Radial Glia,LHX2,13,15,Neuroblast,Radial Glia,0.374350905418396,-0.08299791812896729,0.691202700138092
10X_17_029:ACACTGAGTTGTCGCGx,10X_17_029,Radial Glia,LHX2,13,15,Neuroblast,Radial Glia,0.3203190565109253,-0.07095898687839508,0.6892895698547363
10X_17_029:ACCCACTTCTGGTGTAx,10X_17_029,Radial Glia,LHX2,13,15,Neuroblast,Radial Glia,0.3461810350418091,-0.09077179431915283,0.6578810214996338
10X_17_029:ACGATGTAGCGTAATAx,10X_17_029,Neuroblast,LHX2,13,15,Neuroblast,Radial Glia,0.4671436548233032,0.006182745099067688,0.5770145058631897
10X_17_029:ACCAGTAAGATGTTAGx,10X_17_029,Radial Glia,LHX2,13,15,Neuroblast,Radial Glia,0.4140275716781616,-0.08114312589168549,0.640992283821106
10X_17_029:ACGATGTTCGCGTAGCx,10X_17_029,Neuroblast,LHX2,13,15,Neuroblast,Radial Glia,0.5023325085639954,0.029868870973587036,0.5627782940864563
10X_17_029:ACGGGTCCATCTATGGx,10X_17_029,Neuroblast,LHX2,13,15,Neuroblast,Radial Glia,0.5002433061599731,0.00874289870262146,0.5656251907348633
10X_17_029:ACGGGTCGTGCAACTTx,10X_17_029,Radial Glia,LHX2,13,15,Neuroblast,Radial Glia,0.4788287281990051,0.0014391988515853882,0.5662755370140076
10X_17_029:AGCGTCGTCCTCAACCx,10X_17_029,Radial Glia,LHX2,13,15,Neuroblast,Radial Glia,0.3860137462615967,-0.04750238358974457,0.679760217666626
10X_17_029:AGCAGCCTCCGCGTTTx,10X_17_029,Neuroblast,LHX2,13,15,Neuroblast,Radial Glia,0.4852789640426636,0.06220713257789612,0.5295705795288086
10X_17_029:AGCATACTCGACAGCCx,10X_17_029,Radial Glia,LHX2,13,15,Neuroblast,Radial Glia,0.37220895290374756,-0.024151727557182312,0.6361127495765686
10X_17_029:AGAATAGTCTGTTTGTx,10X_17_029,Neuroblast,LHX2,13,15,Neuroblast,Radial Glia,0.30324071645736694,-0.009739354252815247,0.6175747513771057
10X_17_029:AGCCTAACACAACGCCx,10X_17_029,Radial Glia,LHX2,13,15,Neuroblast,Radial Glia,0.37505340576171875,-0.10279810428619385,0.6388818025588989
10X_17_029:AGCCTAATCTCTGCTGx,10X_17_029,Neuroblast,LHX2,13,15,Neuroblast,Radial Glia,0.45332014560699463,0.06543149054050446,0.5657357573509216
10X_17_029:AGCTTGACACCAGGTCx,10X_17_029,Neuroblast,LHX2,13,15,Neuroblast,Radial Glia,0.49240514636039734,-0.0006824731826782227,0.5637487173080444
10X_17_029:AGTGTCAAGTAGCGGTx,10X_17_029,Radial Glia,LHX2,13,15,Neuroblast,Radial Glia,0.32932597398757935,-0.021463468670845032,0.6066381931304932
10X_17_029:AGGCCGTGTCCTGCTTx,10X_17_029,Radial Glia,LHX2,13,15,Neuroblast,Radial Glia,0.40747061371803284,-0.038750529289245605,0.6143295168876648
10X_17_029:AGGGAGTAGAGCTGGTx,10X_17_029,Neuroblast,LHX2,13,15,Neuroblast,Radial Glia,0.458353191614151,-0.03155517578125,0.5948187112808228
10X_17_029:AGTGTCATCATCTGTTx,10X_17_029,Neuroblast,LHX2,13,15,Neuroblast,Radial Glia,0.46218621730804443,0.03859403729438782,0.5632208585739136
10X_17_029:CAAGGCCTCCGCGCAAx,10X_17_029,Radial Glia,LHX2,13,15,Neuroblast,Radial Glia,0.4438202381134033,-0.046047791838645935,0.6202460527420044
10X_17_029:CAAGTTGAGTCGATAAx,10X_17_029,Radial Glia,LHX2,13,15,Neuroblast,Radial Glia,0.37930506467819214,-0.08368957042694092,0.6827453374862671
10X_17_029:CAACTAGAGATCCGAGx,10X_17_029,Radial Glia,LHX2,13,15,Neuroblast,Radial Glia,0.3766961693763733,-0.06590482592582703,0.647433876991272
10X_17_029:CAACCTCAGGGCACTAx,10X_17_029,Radial Glia,LHX2,13,15,Neuroblast,Radial Glia,0.38124072551727295,-0.06117868423461914,0.6651656627655029
10X_17_029:CAACCTCCATTGGCGCx,10X_17_029,Radial Glia,LHX2,13,15,Neuroblast,Radial Glia,0.42587804794311523,-0.05703602731227875,0.6345227956771851
10X_17_029:CACACTCGTAGCGCAAx,10X_17_029,Neuroblast,LHX2,13,15,Neuroblast,Radial Glia,0.5126141905784607,0.04966332018375397,0.5293694138526917
10X_17_029:CAGAGAGTCAGGTTCAx,10X_17_029,Radial Glia,LHX2,13,15,Neuroblast,Radial Glia,0.3358125686645508,-0.06807905435562134,0.6544923782348633
10X_17_029:CACTCCATCGGTGTCGx,10X_17_029,Radial Glia,LHX2,13,15,Neuroblast,Radial Glia,0.3743782043457031,-0.0879439115524292,0.6747881174087524
10X_17_029:CATCAAGGTATAGTAGx,10X_17_029,Radial Glia,LHX2,13,15,Neuroblast,Radial Glia,0.4141659736633301,-0.08640633523464203,0.6246746182441711
10X_17_029:CAGCTGGAGGTCGGATx,10X_17_029,Radial Glia,LHX2,13,15,Neuroblast,Radial Glia,0.27314555644989014,0.026257872581481934,0.6462397575378418
10X_17_029:CAGCCGACACTAGTACx,10X_17_029,Radial Glia,LHX2,13,15,Neuroblast,Radial Glia,0.42381250858306885,-0.060989007353782654,0.6558179259300232
10X_17_029:CATCAAGCAAGCCGCTx,10X_17_029,Radial Glia,LHX2,13,15,Neuroblast,Radial Glia,0.44444864988327026,-0.05042114853858948,0.6370972394943237
10X_17_029:CATTATCCATCCCACTx,10X_17_029,Radial Glia,LHX2,13,15,Neuroblast,Radial Glia,0.44622623920440674,-0.0432291179895401,0.6279745101928711
10X_17_029:CCACGGATCTGATACGx,10X_17_029,Radial Glia,LHX2,13,15,Neuroblast,Radial Glia,0.38658297061920166,-0.04583035409450531,0.656434178352356
10X_17_029:CATCGAATCTGATACGx,10X_17_029,Radial Glia,LHX2,13,15,Neuroblast,Radial Glia,0.4303898811340332,-0.06862802803516388,0.6582831144332886
10X_17_029:CCACCTACATGGATGGx,10X_17_029,Radial Glia,LHX2,13,15,Neuroblast,Radial Glia,0.35199087858200073,-0.04331202805042267,0.6156346797943115
10X_17_029:CATCCACAGGCTAGGTx,10X_17_029,Radial Glia,LHX2,13,15,Neuroblast,Radial Glia,0.3416064977645874,-0.09265933930873871,0.6495747566223145
10X_17_029:CCATGTCCATGACGGAx,10X_17_029,Neuroblast,LHX2,13,15,Neuroblast,Radial Glia,0.4735596179962158,0.07816721498966217,0.5250285267829895
10X_17_029:CCACTACTCGAATGGGx,10X_17_029,Radial Glia,LHX2,13,15,Neuroblast,Radial Glia,0.37531086802482605,-0.10400664806365967,0.647421658039093
10X_17_029:CCATTCGGTCTAGGTTx,10X_17_029,Radial Glia,LHX2,13,15,Neuroblast,Radial Glia,0.4003359079360962,-0.06896377354860306,0.6337281465530396
10X_17_029:CCGGGATCAATCACACx,10X_17_029,Neuroblast,LHX2,13,15,Neuroblast,Radial Glia,0.49074041843414307,0.06288440525531769,0.552828311920166
10X_17_029:CCAGCGACATTACGACx,10X_17_029,Radial Glia,LHX2,13,15,Neuroblast,Radial Glia,0.3634055256843567,-0.09413135051727295,0.646286129951477
10X_17_029:CCGGTAGGTGCAACTTx,10X_17_029,Neuroblast,LHX2,13,15,Neuroblast,Radial Glia,0.4906182885169983,0.020727843046188354,0.5625120401382446
10X_17_029:CCTAGCTGTACTTCTTx,10X_17_029,Neuroblast,LHX2,13,15,Neuroblast,Radial Glia,0.48830294609069824,-0.002132803201675415,0.5654304623603821
10X_17_029:CCTCTGACACTTAACGx,10X_17_029,Radial Glia,LHX2,13,15,Neuroblast,Radial Glia,0.4468533992767334,-0.0504496693611145,0.6351988315582275
10X_17_029:CGGACTGAGGCAATTAx,10X_17_029,Radial Glia,LHX2,13,15,Neuroblast,Radial Glia,0.2538837790489197,-0.045120611786842346,0.6470867991447449
10X_17_029:CGCTGGAAGTTTCCTTx,10X_17_029,Radial Glia,LHX2,13,15,Neuroblast,Radial Glia,0.46314001083374023,-0.01670314371585846,0.5933008790016174
10X_17_029:CGCGGTAGTATATGAGx,10X_17_029,Neuroblast,LHX2,13,15,Neuroblast,Radial Glia,0.4571864604949951,0.035953402519226074,0.5461581945419312
10X_17_029:CGTAGGCAGTGTACTCx,10X_17_029,Neuroblast,LHX2,13,15,Neuroblast,Radial Glia,0.48271048069000244,0.013396352529525757,0.5637950301170349
10X_17_029:CTCACACGTGCAGTAGx,10X_17_029,Radial Glia,LHX2,13,15,Neuroblast,Radial Glia,0.31686100363731384,-0.09437595307826996,0.6770368814468384
10X_17_029:CTAAGACTCATCTGCCx,10X_17_029,Neuroblast,LHX2,13,15,Neuroblast,Radial Glia,0.49575185775756836,0.015028342604637146,0.5693081617355347
10X_17_029:CTCACACCAGCATACTx,10X_17_029,Radial Glia,LHX2,13,15,Neuroblast,Radial Glia,0.38572871685028076,-0.03988124430179596,0.6321457624435425
10X_17_029:CTACATTTCTATCGCCx,10X_17_029,Radial Glia,LHX2,13,15,Neuroblast,Radial Glia,0.3951750099658966,-0.05295838415622711,0.6125378608703613
10X_17_029:CTACCCACACCAGATTx,10X_17_029,Radial Glia,LHX2,13,15,Neuroblast,Radial Glia,0.3983384370803833,-0.10832399129867554,0.6533952355384827
10X_17_029:CTCGAGGTCCGAGCCAx,10X_17_029,Radial Glia,LHX2,13,15,Neuroblast,Radial Glia,0.2708169221878052,-0.00255526602268219,0.6642024517059326
10X_17_029:CTCTACGAGCCAGAACx,10X_17_029,Neuroblast,LHX2,13,15,Neuroblast,Radial Glia,0.46215152740478516,0.021543338894844055,0.572448194026947
10X_17_029:CTCGGAGCAAGGTTTCx,10X_17_029,Radial Glia,LHX2,13,15,Neuroblast,Radial Glia,0.39320677518844604,-0.06289885938167572,0.648415207862854
10X_17_029:CTCTGGTGTGTCAATCx,10X_17_029,Radial Glia,LHX2,13,15,Neuroblast,Radial Glia,0.3488718271255493,-0.08388413488864899,0.6476752758026123
10X_17_029:CTCTAATAGATATACGx,10X_17_029,Radial Glia,LHX2,13,15,Neuroblast,Radial Glia,0.43649446964263916,-0.042201533913612366,0.6321796178817749
10X_17_029:CTCGAGGTCAGCTCTCx,10X_17_029,Radial Glia,LHX2,13,15,Neuroblast,Radial Glia,0.4156256318092346,-0.027064204216003418,0.6226175427436829
10X_17_029:CTGATCCCATACTACGx,10X_17_029,Radial Glia,LHX2,13,15,Neuroblast,Radial Glia,0.35482072830200195,-0.043797701597213745,0.631744384765625
10X_17_029:CTGATAGAGTTAACGAx,10X_17_029,Radial Glia,LHX2,13,15,Neuroblast,Radial Glia,0.45742687582969666,-0.05953254550695419,0.6177177429199219
10X_17_029:CTTAACTTCAGGATCTx,10X_17_029,Radial Glia,LHX2,13,15,Neuroblast,Radial Glia,0.4327203035354614,-0.08100168406963348,0.6444424986839294
10X_17_029:GACTAACGTCCCTACTx,10X_17_029,Radial Glia,LHX2,13,15,Neuroblast,Radial Glia,0.4598080813884735,-0.04174131155014038,0.6259752511978149
10X_17_029:GACCAATGTGAGGCTAx,10X_17_029,Radial Glia,LHX2,13,15,Neuroblast,Radial Glia,0.36534780263900757,-0.0710202306509018,0.6264767050743103
10X_17_029:GAAGCAGCAGCTGTTAx,10X_17_029,Neuroblast,LHX2,13,15,Neuroblast,Radial Glia,0.47929632663726807,0.0774308294057846,0.5223451852798462
10X_17_029:GAAGCAGAGGCTCATTx,10X_17_029,Radial Glia,LHX2,13,15,Neuroblast,Radial Glia,0.4031165838241577,-0.1081463098526001,0.6654205918312073
10X_17_029:GAAGCAGTCTGTTGAGx,10X_17_029,Neuroblast,LHX2,13,15,Neuroblast,Radial Glia,0.4661729335784912,0.04382623732089996,0.5248603224754333
10X_17_029:GACTAACGTTAAGACAx,10X_17_029,Neuroblast,LHX2,13,15,Neuroblast,Radial Glia,0.4745650291442871,0.07431365549564362,0.5132607817649841
10X_17_029:GAGCAGAGTAGAGCTGx,10X_17_029,Radial Glia,LHX2,13,15,Neuroblast,Radial Glia,0.37426385283470154,-0.014927282929420471,0.6254966259002686
10X_17_029:GATCGCGGTTTGTTTCx,10X_17_029,Radial Glia,LHX2,13,15,Neuroblast,Radial Glia,0.3815164566040039,-0.020111605525016785,0.6364940404891968
10X_17_029:GCATACAGTGCACGAAx,10X_17_029,Radial Glia,LHX2,13,15,Neuroblast,Radial Glia,0.419986367225647,-0.047168850898742676,0.6320973634719849
10X_17_029:GCAATCATCCGCATCTx,10X_17_029,Radial Glia,LHX2,13,15,Neuroblast,Radial Glia,0.5114127397537231,-0.04636063426733017,0.5949915051460266
10X_17_029:GCAGCCAGTATTCTCTx,10X_17_029,Radial Glia,LHX2,13,15,Neuroblast,Radial Glia,0.4473501443862915,-0.04321183264255524,0.662921667098999
10X_17_029:GGACAGATCTGTGCAAx,10X_17_029,Neuroblast,LHX2,13,15,Neuroblast,Radial Glia,0.4801640510559082,0.10345824062824249,0.5065146088600159
10X_17_029:GGAAAGCGTGCCTTGGx,10X_17_029,Neuroblast,LHX2,13,15,Neuroblast,Radial Glia,0.4541950225830078,0.06441844999790192,0.5586010217666626
10X_17_029:GCTGCTTAGTTAAGTGx,10X_17_029,Neuroblast,LHX2,13,15,Neuroblast,Radial Glia,0.4737054705619812,0.013151317834854126,0.5533162951469421
10X_17_029:GGAATAATCCGCATCTx,10X_17_029,Neuroblast,LHX2,13,15,Neuroblast,Radial Glia,0.42497479915618896,0.07506774365901947,0.5670075416564941
10X_17_029:GCGGGTTTCAGTACGTx,10X_17_029,Radial Glia,LHX2,13,15,Neuroblast,Radial Glia,0.4310065805912018,-0.007305920124053955,0.6082356572151184
10X_17_029:GGATGTTGTTCACGGCx,10X_17_029,Neuroblast,LHX2,13,15,Neuroblast,Radial Glia,0.4476521611213684,-0.0009364187717437744,0.5800657272338867
10X_17_029:GGGCATCAGAAGGCCTx,10X_17_029,Radial Glia,LHX2,13,15,Neuroblast,Radial Glia,0.38093942403793335,-0.041723355650901794,0.626164436340332
10X_17_029:GTAACGTGTATCAGTCx,10X_17_029,Neuroblast,LHX2,13,15,Neuroblast,Radial Glia,0.4592254161834717,0.05669787526130676,0.5632835030555725
10X_17_029:GGGCACTCAGTATAAGx,10X_17_029,Radial Glia,LHX2,13,15,Neuroblast,Radial Glia,0.3945479989051819,-0.05496619641780853,0.6161724328994751
10X_17_029:GTAGGCCAGGCCCTCAx,10X_17_029,Radial Glia,LHX2,13,15,Neuroblast,Radial Glia,0.3902894854545593,-0.09788426756858826,0.6367156505584717
10X_17_029:GTGTTAGTCCATGAACx,10X_17_029,Radial Glia,LHX2,13,15,Neuroblast,Radial Glia,0.3449944257736206,-0.05354975163936615,0.6592892408370972
10X_17_029:GTCGTAAGTCTCGTTCx,10X_17_029,Neuroblast,LHX2,13,15,Neuroblast,Radial Glia,0.48366403579711914,0.02138105034828186,0.5599915385246277
10X_17_029:GTGTTAGAGTAGGCCAx,10X_17_029,Radial Glia,LHX2,13,15,Neuroblast,Radial Glia,0.369388222694397,-0.10017693042755127,0.6620444655418396
10X_17_029:GTCTTCGGTCTTCGTCx,10X_17_029,Radial Glia,LHX2,13,15,Neuroblast,Radial Glia,0.4367952346801758,-0.043945133686065674,0.6413079500198364
10X_17_029:GTCGTAACACTTAACGx,10X_17_029,Radial Glia,LHX2,13,15,Neuroblast,Radial Glia,0.4021117687225342,-0.10207423567771912,0.6345465183258057
10X_17_029:TAAGTGCCACATCTTTx,10X_17_029,Neuroblast,LHX2,13,15,Neuroblast,Radial Glia,0.48407304286956787,0.005472645163536072,0.5827980041503906
10X_17_029:TAAACCGTCACTGGGCx,10X_17_029,Radial Glia,LHX2,13,15,Neuroblast,Radial Glia,0.42805397510528564,-0.05139350891113281,0.6245907545089722
10X_17_029:TACCTTACACCGATATx,10X_17_029,Radial Glia,LHX2,13,15,Neuroblast,Radial Glia,0.4221610426902771,-0.09205096960067749,0.6399033665657043
10X_17_029:TATCAGGAGTAATCCCx,10X_17_029,Radial Glia,LHX2,13,15,Neuroblast,Radial Glia,0.39821743965148926,-0.09097562730312347,0.6597352623939514
10X_17_029:TACTTGTCACTGCCAGx,10X_17_029,Neuroblast,LHX2,13,15,Neuroblast,Radial Glia,0.47899407148361206,0.06542171537876129,0.5176193118095398
10X_17_029:TCACAAGGTGACGCCTx,10X_17_029,Neuroblast,LHX2,13,15,Neuroblast,Radial Glia,0.4267789125442505,0.057498589158058167,0.5573296546936035
10X_17_029:TATTACCGTGCCTTGGx,10X_17_029,Radial Glia,LHX2,13,15,Neuroblast,Radial Glia,0.3643854856491089,-0.06654380261898041,0.6611785888671875
10X_17_029:TATTACCCAGGGATTGx,10X_17_029,Neuroblast,LHX2,13,15,Neuroblast,Radial Glia,0.40887099504470825,0.05238500237464905,0.564367413520813
10X_17_029:TCCACACTCCACGAATx,10X_17_029,Radial Glia,LHX2,13,15,Neuroblast,Radial Glia,0.44294190406799316,-0.09762375056743622,0.6670042872428894
10X_17_029:TCAGATGAGCGTAATAx,10X_17_029,Radial Glia,LHX2,13,15,Neuroblast,Radial Glia,0.4594838321208954,-0.0641390010714531,0.6287142038345337
10X_17_029:TCTGGAATCTGCTGCTx,10X_17_029,Neuroblast,LHX2,13,15,Neuroblast,Radial Glia,0.47373783588409424,0.06318357586860657,0.5683020353317261
10X_17_029:TCTATTGGTAAGTAGTx,10X_17_029,Neuroblast,LHX2,13,15,Neuroblast,Radial Glia,0.44294607639312744,0.03694020211696625,0.5756572484970093
10X_17_029:TGAGAGGAGATAGCATx,10X_17_029,Neuroblast,LHX2,13,15,Neuroblast,Radial Glia,0.427990198135376,0.07818177342414856,0.5720039010047913
10X_17_029:TGACTAGTCCGAATGTx,10X_17_029,Neuroblast,LHX2,13,15,Neuroblast,Radial Glia,0.4729914665222168,0.09734028577804565,0.5108550786972046
10X_17_029:TGACGGCCACGGCCATx,10X_17_029,Neuroblast,LHX2,13,15,Neuroblast,Radial Glia,0.47330838441848755,-0.001760140061378479,0.5746385455131531
10X_17_029:TGACGGCTCGTATCAGx,10X_17_029,Neuroblast,LHX2,13,15,Neuroblast,Radial Glia,0.4559410810470581,-0.02032136172056198,0.5727834105491638
10X_17_029:TGAGCCGAGTGGGTTGx,10X_17_029,Radial Glia,LHX2,13,15,Neuroblast,Radial Glia,0.35505807399749756,-0.09374843537807465,0.6675815582275391
10X_17_029:TGGCCAGAGTGCGATGx,10X_17_029,Neuroblast,LHX2,13,15,Neuroblast,Radial Glia,0.44438445568084717,0.061099737882614136,0.5430916547775269
10X_17_029:TGCTGCTTCGTTTGCCx,10X_17_029,Radial Glia,LHX2,13,15,Neuroblast,Radial Glia,0.3767070472240448,-0.08374886214733124,0.6494037508964539
10X_17_029:TGGGAAGGTCCATGATx,10X_17_029,Neuroblast,LHX2,13,15,Neuroblast,Radial Glia,0.46054404973983765,0.03192964196205139,0.5672616958618164
10X_17_029:TGCGTGGTCTACTATCx,10X_17_029,Radial Glia,LHX2,13,15,Neuroblast,Radial Glia,0.4360180199146271,-0.04260053485631943,0.6160873770713806
10X_17_029:TTAGGACAGGTGGGTTx,10X_17_029,Radial Glia,LHX2,13,15,Neuroblast,Radial Glia,0.39484280347824097,-0.03941856324672699,0.6303482055664062
10X_17_029:TTATGCTCAAGGTTCTx,10X_17_029,Neuroblast,LHX2,13,15,Neuroblast,Radial Glia,0.4850497245788574,0.06586769223213196,0.521405041217804
10X_17_029:TTAGGCAAGCAGCGTAx,10X_17_029,Radial Glia,LHX2,13,15,Neuroblast,Radial Glia,0.33856475353240967,-0.024550527334213257,0.6488851308822632
10X_17_029:TTGGAACAGCGACGTAx,10X_17_029,Radial Glia,LHX2,13,15,Neuroblast,Radial Glia,0.37524133920669556,-0.03940095007419586,0.604143500328064
10X_17_029:TTCTCCTGTTACAGAAx,10X_17_029,Radial Glia,LHX2,13,15,Neuroblast,Radial Glia,0.4388207197189331,-0.06797300279140472,0.6307523250579834
10X_17_029:TTTATGCGTTGCGCACx,10X_17_029,Radial Glia,LHX2,13,15,Neuroblast,Radial Glia,0.36484405398368835,-0.06441815197467804,0.6496069431304932
10X_17_029:TTTGCGCCACAGATTCx,10X_17_029,Radial Glia,LHX2,13,15,Neuroblast,Radial Glia,0.39679861068725586,-0.0494314581155777,0.641539454460144
10X_17_028:AAACCTGTCGGTGTCGx,10X_17_028,Immature Neuron,DCX,11,15,Immature Neuron,Neuron,0.714116096496582,0.39777588844299316,0.5877016186714172
10X_17_028:AACTCTTCAAGTTCTGx,10X_17_028,Neuron,DCX,11,15,Immature Neuron,Neuron,0.6838265657424927,0.34359681606292725,0.630597710609436
10X_17_028:AACGTTGGTCTGCAATx,10X_17_028,Immature Neuron,DCX,11,15,Immature Neuron,Neuron,0.7622302770614624,0.41351649165153503,0.51410973072052
10X_17_028:AACTCTTGTGCTCTTCx,10X_17_028,Neuron,DCX,11,15,Immature Neuron,Neuron,0.6915016770362854,0.38296741247177124,0.6024477481842041
10X_17_028:AATCGGTCAATAGCAAx,10X_17_028,Immature Neuron,DCX,11,15,Immature Neuron,Neuron,0.7334272265434265,0.42758774757385254,0.5478987693786621
10X_17_028:ACATACGAGCGCCTTGx,10X_17_028,Immature Neuron,DCX,11,15,Immature Neuron,Neuron,0.7880585193634033,0.49232375621795654,0.4403761029243469
10X_17_028:ACTATCTGTATGAATGx,10X_17_028,Neuron,DCX,11,15,Immature Neuron,Neuron,0.7117980718612671,0.35586899518966675,0.5566452145576477
10X_17_028:ACGCCAGTCGAGAACGx,10X_17_028,Neuron,DCX,11,15,Immature Neuron,Neuron,0.7672213912010193,0.46488523483276367,0.5241286158561707
10X_17_028:AGCAGCCAGTTAACGAx,10X_17_028,Immature Neuron,DCX,11,15,Immature Neuron,Neuron,0.7942792177200317,0.5031938552856445,0.4154258370399475
10X_17_028:AGGCCACGTGTGTGCCx,10X_17_028,Neuron,DCX,11,15,Immature Neuron,Neuron,0.7332080602645874,0.3596966862678528,0.6060643792152405
10X_17_028:AGGCCGTAGGTGACCAx,10X_17_028,Immature Neuron,DCX,11,15,Immature Neuron,Neuron,0.7076268196105957,0.40688657760620117,0.5414561629295349
10X_17_028:AGCTCTCTCGCGGATCx,10X_17_028,Immature Neuron,DCX,11,15,Immature Neuron,Neuron,0.7670149803161621,0.5059574246406555,0.4331684112548828
10X_17_028:AGTGAGGGTTGATTCGx,10X_17_028,Neuron,DCX,11,15,Immature Neuron,Neuron,0.6532082557678223,0.32590150833129883,0.5847922563552856
10X_17_028:AGTAGTCTCACCCTCAx,10X_17_028,Immature Neuron,DCX,11,15,Immature Neuron,Neuron,0.7270447015762329,0.3922795057296753,0.5777535438537598
10X_17_028:AGTAGTCTCGCAAGCCx,10X_17_028,Immature Neuron,DCX,11,15,Immature Neuron,Neuron,0.7266458868980408,0.42384782433509827,0.5919762849807739
10X_17_028:ATCATGGAGCAGATCGx,10X_17_028,Immature Neuron,DCX,11,15,Immature Neuron,Neuron,0.7453712224960327,0.40256810188293457,0.59260094165802
10X_17_028:ATTACTCTCATTTGGGx,10X_17_028,Immature Neuron,DCX,11,15,Immature Neuron,Neuron,0.7964352965354919,0.5006520748138428,0.4257446527481079
10X_17_028:ATGGGAGTCCTCCTAGx,10X_17_028,Neuron,DCX,11,15,Immature Neuron,Neuron,0.7062973976135254,0.38803887367248535,0.6168630719184875
10X_17_028:ATTATCCTCAGCACATx,10X_17_028,Immature Neuron,DCX,11,15,Immature Neuron,Neuron,0.7317690253257751,0.4635557532310486,0.48490428924560547
10X_17_028:CAACTAGAGGGCACTAx,10X_17_028,Neuron,DCX,11,15,Immature Neuron,Neuron,0.694614052772522,0.3690797984600067,0.6164702773094177
10X_17_028:ATTGGACAGCGCCTTGx,10X_17_028,Neuron,DCX,11,15,Immature Neuron,Neuron,0.68549644947052,0.36657512187957764,0.5859887599945068
10X_17_028:CACTCCATCACAATGCx,10X_17_028,Immature Neuron,DCX,11,15,Immature Neuron,Neuron,0.7777820229530334,0.46356308460235596,0.438682496547699
10X_17_028:CAGCTAATCGTACGGCx,10X_17_028,Immature Neuron,DCX,11,15,Immature Neuron,Neuron,0.8285801410675049,0.48048487305641174,0.47689568996429443
10X_17_028:CAGCTGGTCTGTACGAx,10X_17_028,Neuron,DCX,11,15,Immature Neuron,Neuron,0.722099781036377,0.38768479228019714,0.6040264368057251
10X_17_028:CATATTCGTACGCACCx,10X_17_028,Neuron,DCX,11,15,Immature Neuron,Neuron,0.6990598440170288,0.3582090139389038,0.6036652326583862
10X_17_028:CATATGGGTAAATGTGx,10X_17_028,Neuron,DCX,11,15,Immature Neuron,Neuron,0.6597511768341064,0.3861188590526581,0.5757359266281128
10X_17_028:CATCGAAGTACAGACGx,10X_17_028,Neuron,DCX,11,15,Immature Neuron,Neuron,0.6768865585327148,0.3249499797821045,0.5971777439117432
10X_17_028:CATGACATCACTTATCx,10X_17_028,Immature Neuron,DCX,11,15,Immature Neuron,Neuron,0.7789983153343201,0.4935159683227539,0.41876155138015747
10X_17_028:CCACCTACAGTTAACCx,10X_17_028,Immature Neuron,DCX,11,15,Immature Neuron,Neuron,0.7167811393737793,0.4261744022369385,0.5622216463088989
10X_17_028:CCGGGATGTAGCCTATx,10X_17_028,Immature Neuron,DCX,11,15,Immature Neuron,Neuron,0.7132952213287354,0.4222378730773926,0.5361403226852417
10X_17_028:CCGGGATAGGGCTTGAx,10X_17_028,Neuron,DCX,11,15,Immature Neuron,Neuron,0.7246816158294678,0.4021141529083252,0.6075340509414673
10X_17_028:CCGTTCATCTGTCAAGx,10X_17_028,Immature Neuron,DCX,11,15,Immature Neuron,Neuron,0.712027370929718,0.43221741914749146,0.5106778740882874
10X_17_028:CCTCTGAGTCTAGGTTx,10X_17_028,Neuron,DCX,11,15,Immature Neuron,Neuron,0.7657341957092285,0.45271679759025574,0.5260826945304871
10X_17_028:CCTACACGTCGAGTTTx,10X_17_028,Neuron,DCX,11,15,Immature Neuron,Neuron,0.6510875225067139,0.2968780994415283,0.6181997656822205
10X_17_028:CCTACCATCATTGCCCx,10X_17_028,Immature Neuron,DCX,11,15,Immature Neuron,Neuron,0.7722412347793579,0.49118947982788086,0.41430288553237915
10X_17_028:CGACTTCTCACCCGAGx,10X_17_028,Immature Neuron,DCX,11,15,Immature Neuron,Neuron,0.8222008347511292,0.46625804901123047,0.41072291135787964
10X_17_028:CGAACATTCGTTTATCx,10X_17_028,Neuron,DCX,11,15,Immature Neuron,Neuron,0.7226892709732056,0.3586084842681885,0.5995101928710938
10X_17_028:CGACTTCTCGGATGTTx,10X_17_028,Neuron,DCX,11,15,Immature Neuron,Neuron,0.7097300291061401,0.397622674703598,0.5650920867919922
10X_17_028:CGGAGCTCATTAGGCTx,10X_17_028,Neuron,DCX,11,15,Immature Neuron,Neuron,0.7093145847320557,0.3333708941936493,0.6314899921417236
10X_17_028:CGTAGGCGTCCAGTGCx,10X_17_028,Immature Neuron,DCX,11,15,Immature Neuron,Neuron,0.745532751083374,0.4675169587135315,0.5018681287765503
10X_17_028:CGTAGGCCAGCGATCCx,10X_17_028,Immature Neuron,DCX,11,15,Immature Neuron,Neuron,0.726987361907959,0.43773162364959717,0.49289071559906006
10X_17_028:CTAACTTAGTGGCACAx,10X_17_028,Neuron,DCX,11,15,Immature Neuron,Neuron,0.7098736763000488,0.37026044726371765,0.6392186880111694
10X_17_028:CTGATCCGTAGCGTCCx,10X_17_028,Immature Neuron,DCX,11,15,Immature Neuron,Neuron,0.7493091821670532,0.4317486882209778,0.4949672222137451
10X_17_028:CTGCCTAAGCAGCCTCx,10X_17_028,Immature Neuron,DCX,11,15,Immature Neuron,Neuron,0.7793814539909363,0.4566137194633484,0.4705803394317627
10X_17_028:CTTACCGAGGTCGGATx,10X_17_028,Immature Neuron,DCX,11,15,Immature Neuron,Neuron,0.7831936478614807,0.49894386529922485,0.4801778793334961
10X_17_028:CTGTTTACATTTCAGGx,10X_17_028,Neuron,DCX,11,15,Immature Neuron,Neuron,0.7159991264343262,0.39417049288749695,0.5884253978729248
10X_17_028:CTGGTCTCATGCCACGx,10X_17_028,Neuron,DCX,11,15,Immature Neuron,Neuron,0.7064743638038635,0.410422146320343,0.594500720500946
10X_17_028:CTTCTCTAGCCACCTGx,10X_17_028,Immature Neuron,DCX,11,15,Immature Neuron,Neuron,0.874070942401886,0.47711676359176636,0.42164933681488037
10X_17_028:GACACGCGTAGATTAGx,10X_17_028,Immature Neuron,DCX,11,15,Immature Neuron,Neuron,0.7256605625152588,0.4537169337272644,0.46086621284484863
10X_17_028:GACGCGTTCTTGCATTx,10X_17_028,Immature Neuron,DCX,11,15,Immature Neuron,Neuron,0.8238123059272766,0.5285196304321289,0.3890254497528076
10X_17_028:GATCAGTGTACCGTATx,10X_17_028,Immature Neuron,DCX,11,15,Immature Neuron,Neuron,0.7596117854118347,0.4578782320022583,0.5000526905059814
10X_17_028:GCGAGAAAGTTACGGGx,10X_17_028,Immature Neuron,DCX,11,15,Immature Neuron,Neuron,0.699134349822998,0.42393577098846436,0.5473804473876953
10X_17_028:GCGCAGTTCCAAGCCGx,10X_17_028,Immature Neuron,DCX,11,15,Immature Neuron,Neuron,0.7289414405822754,0.4469592571258545,0.5220550894737244
10X_17_028:GCTCCTATCACAGTACx,10X_17_028,Immature Neuron,DCX,11,15,Immature Neuron,Neuron,0.7900077104568481,0.49038124084472656,0.4902498722076416
10X_17_028:GCGGGTTTCCAGAGGAx,10X_17_028,Immature Neuron,DCX,11,15,Immature Neuron,Neuron,0.8086673021316528,0.4777643084526062,0.42822813987731934
10X_17_028:GGACAAGGTTTGACTGx,10X_17_028,Neuron,DCX,11,15,Immature Neuron,Neuron,0.6423430442810059,0.34746986627578735,0.6201168298721313
10X_17_028:GGACAGAGTTTGTTTCx,10X_17_028,Neuron,DCX,11,15,Immature Neuron,Neuron,0.6560673713684082,0.3126845359802246,0.6375230550765991
10X_17_028:GGGTCTGTCTAACTCTx,10X_17_028,Immature Neuron,DCX,11,15,Immature Neuron,Neuron,0.8372662663459778,0.4989504814147949,0.41434693336486816
10X_17_028:GTATCTTCACATAACCx,10X_17_028,Immature Neuron,DCX,11,15,Immature Neuron,Neuron,0.7389398217201233,0.48140841722488403,0.4453303813934326
10X_17_028:GTGAAGGCACGAGAGTx,10X_17_028,Immature Neuron,DCX,11,15,Immature Neuron,Neuron,0.7462758421897888,0.45234882831573486,0.504759669303894
10X_17_028:GTGCTTCGTGGACGATx,10X_17_028,Neuron,DCX,11,15,Immature Neuron,Neuron,0.707099437713623,0.37081289291381836,0.614896297454834
10X_17_028:GTGAAGGAGGCATTGGx,10X_17_028,Neuron,DCX,11,15,Immature Neuron,Neuron,0.6285936832427979,0.30536091327667236,0.6256358027458191
10X_17_028:GTGGGTCGTGTAACGGx,10X_17_028,Immature Neuron,DCX,11,15,Immature Neuron,Neuron,0.7607870697975159,0.481456458568573,0.4620014429092407
10X_17_028:GTGTGCGGTCCGACGTx,10X_17_028,Neuron,DCX,11,15,Immature Neuron,Neuron,0.6363587379455566,0.28955531120300293,0.6389337778091431
10X_17_028:GTGTGCGGTTAAGTAGx,10X_17_028,Immature Neuron,DCX,11,15,Immature Neuron,Neuron,0.718797504901886,0.42787909507751465,0.531688928604126
10X_17_028:TACAGTGGTGAGTATAx,10X_17_028,Neuron,DCX,11,15,Immature Neuron,Neuron,0.7284634709358215,0.3810997009277344,0.5872849225997925
10X_17_028:TACTCATGTAATCACCx,10X_17_028,Immature Neuron,DCX,11,15,Immature Neuron,Neuron,0.699137270450592,0.4511955976486206,0.4828892946243286
10X_17_028:TACTCATTCTCGTATTx,10X_17_028,Immature Neuron,DCX,11,15,Immature Neuron,Neuron,0.7572791576385498,0.4948500394821167,0.44941914081573486
10X_17_028:TAGCCGGGTTCCAACAx,10X_17_028,Neuron,DCX,11,15,Immature Neuron,Neuron,0.6955122947692871,0.3541906774044037,0.5911558270454407
10X_17_028:TCAGGATCAGGACCCTx,10X_17_028,Immature Neuron,DCX,11,15,Immature Neuron,Neuron,0.8121101260185242,0.519113302230835,0.42064368724823
10X_17_028:TCGGGACAGCCACGTCx,10X_17_028,Immature Neuron,DCX,11,15,Immature Neuron,Neuron,0.7521647214889526,0.45929962396621704,0.4943618178367615
10X_17_028:TCATTACTCTTTAGTCx,10X_17_028,Immature Neuron,DCX,11,15,Immature Neuron,Neuron,0.7499121427536011,0.4580184817314148,0.5153675079345703
10X_17_028:TCCACACTCGTCGTTCx,10X_17_028,Immature Neuron,DCX,11,15,Immature Neuron,Neuron,0.7951110601425171,0.5174698829650879,0.3987082242965698
10X_17_028:TCTCATAAGCCAGTTTx,10X_17_028,Immature Neuron,DCX,11,15,Immature Neuron,Neuron,0.7228654026985168,0.48033055663108826,0.4673278331756592
10X_17_028:TCTCTAAAGCCAGTTTx,10X_17_028,Immature Neuron,DCX,11,15,Immature Neuron,Neuron,0.8100996613502502,0.5212999582290649,0.4472537636756897
10X_17_028:TGAGGGAGTGCTTCTCx,10X_17_028,Neuron,DCX,11,15,Immature Neuron,Neuron,0.7358339428901672,0.4042202830314636,0.591318666934967
10X_17_028:TGCTACCTCGATGAGGx,10X_17_028,Neuron,DCX,11,15,Immature Neuron,Neuron,0.7231361865997314,0.3813569247722626,0.6253942251205444
10X_17_028:TGGCGCACATGTTGACx,10X_17_028,Neuron,DCX,11,15,Immature Neuron,Neuron,0.7695948481559753,0.4500133991241455,0.5071704983711243
10X_17_028:TGTGGTATCCTTTCGGx,10X_17_028,Immature Neuron,DCX,11,15,Immature Neuron,Neuron,0.7818073034286499,0.4416334629058838,0.5187010169029236
10X_17_028:TTAGTTCAGTACGCCCx,10X_17_028,Immature Neuron,DCX,11,15,Immature Neuron,Neuron,0.7917702794075012,0.5299772620201111,0.47967082262039185
10X_17_028:TTTCCTCTCGACAGCCx,10X_17_028,Immature Neuron,DCX,11,15,Immature Neuron,Neuron,0.7955239415168762,0.5101757645606995,0.42858612537384033
10X_17_029:AACTCTTCAGACAGGTx,10X_17_029,Immature Neuron,DCX,11,15,Immature Neuron,Neuron,0.8004619479179382,0.48363274335861206,0.4578632116317749
10X_17_029:AAGGAGCCAGATTGCTx,10X_17_029,Neuron,DCX,11,15,Immature Neuron,Neuron,0.6823070049285889,0.3758526146411896,0.5910120606422424
10X_17_029:AAGTCTGAGCAAATCAx,10X_17_029,Immature Neuron,DCX,11,15,Immature Neuron,Neuron,0.6731041073799133,0.4696415066719055,0.4693368673324585
10X_17_029:ACCTTTAAGTATTGGAx,10X_17_029,Immature Neuron,DCX,11,15,Immature Neuron,Neuron,0.7424575090408325,0.48882102966308594,0.43534088134765625
10X_17_029:ACGGGTCTCGACGGAAx,10X_17_029,Neuron,DCX,11,15,Immature Neuron,Neuron,0.7210348844528198,0.3940654993057251,0.550599992275238
10X_17_029:AGCCTAAAGCGTGAACx,10X_17_029,Neuron,DCX,11,15,Immature Neuron,Neuron,0.6511659622192383,0.3566080927848816,0.6151268482208252
10X_17_029:AGCTCCTCATGGGACAx,10X_17_029,Immature Neuron,DCX,11,15,Immature Neuron,Neuron,0.7264792323112488,0.48877406120300293,0.43175697326660156
10X_17_029:AGGGTGAAGCGCTTATx,10X_17_029,Neuron,DCX,11,15,Immature Neuron,Neuron,0.6838243007659912,0.3452415466308594,0.5973163843154907
10X_17_029:AGGGTGACAATGGACGx,10X_17_029,Immature Neuron,DCX,11,15,Immature Neuron,Neuron,0.7371527552604675,0.4681987166404724,0.4698411822319031
10X_17_029:AGTGTCAGTTCGCTAAx,10X_17_029,Immature Neuron,DCX,11,15,Immature Neuron,Neuron,0.7404062747955322,0.45362818241119385,0.4934258460998535
10X_17_029:ATCATGGCACCTGGTGx,10X_17_029,Neuron,DCX,11,15,Immature Neuron,Neuron,0.7039340734481812,0.3787503242492676,0.5920023918151855
10X_17_029:ATCATCTTCCCAGGTGx,10X_17_029,Neuron,DCX,11,15,Immature Neuron,Neuron,0.64528489112854,0.37657445669174194,0.6211128234863281
10X_17_029:CACACAAGTGTCTGATx,10X_17_029,Neuron,DCX,11,15,Immature Neuron,Neuron,0.6709088683128357,0.37106141448020935,0.5924816727638245
10X_17_029:CACACCTTCTCGCATCx,10X_17_029,Neuron,DCX,11,15,Immature Neuron,Neuron,0.7287781238555908,0.3707367181777954,0.561542272567749
10X_17_029:CACATAGAGCCTTGATx,10X_17_029,Neuron,DCX,11,15,Immature Neuron,Neuron,0.6632475852966309,0.38246187567710876,0.6049220561981201
10X_17_029:CATCAGATCGGAGGTAx,10X_17_029,Neuron,DCX,11,15,Immature Neuron,Neuron,0.6587462425231934,0.3467448651790619,0.5924221277236938
10X_17_029:CCAATCCAGTTGAGATx,10X_17_029,Neuron,DCX,11,15,Immature Neuron,Neuron,0.712848424911499,0.4252535104751587,0.5450892448425293
10X_17_029:CGATCGGGTACGCACCx,10X_17_029,Immature Neuron,DCX,11,15,Immature Neuron,Neuron,0.7717534899711609,0.4985181391239166,0.41246581077575684
10X_17_029:CGATCGGAGAGACTATx,10X_17_029,Immature Neuron,DCX,11,15,Immature Neuron,Neuron,0.7734533548355103,0.4399634301662445,0.4735698699951172
10X_17_029:CGTGTCTCAGCTCGACx,10X_17_029,Immature Neuron,DCX,11,15,Immature Neuron,Neuron,0.7591655254364014,0.4661239981651306,0.46236366033554077
10X_17_029:CTCGGAGAGTGAAGAGx,10X_17_029,Neuron,DCX,11,15,Immature Neuron,Neuron,0.6338719129562378,0.3225216269493103,0.607598066329956
10X_17_029:CTGAAGTTCAGGCAAGx,10X_17_029,Immature Neuron,DCX,11,15,Immature Neuron,Neuron,0.7581903338432312,0.4842439293861389,0.4441417455673218
10X_17_029:CTCTAATTCCCATTATx,10X_17_029,Immature Neuron,DCX,11,15,Immature Neuron,Neuron,0.7657358050346375,0.4708290696144104,0.46807825565338135
10X_17_029:GAAACTCTCGCAAACTx,10X_17_029,Immature Neuron,DCX,11,15,Immature Neuron,Neuron,0.7133898735046387,0.48015785217285156,0.47133028507232666
10X_17_029:GAATAAGCATAGACTCx,10X_17_029,Immature Neuron,DCX,11,15,Immature Neuron,Neuron,0.8166800737380981,0.48598599433898926,0.4171004891395569
10X_17_029:GCTGCTTGTCCAAGTTx,10X_17_029,Immature Neuron,DCX,11,15,Immature Neuron,Neuron,0.7488001585006714,0.4243500232696533,0.512055516242981
10X_17_029:GGAACTTAGTGAAGAGx,10X_17_029,Immature Neuron,DCX,11,15,Immature Neuron,Neuron,0.7695199847221375,0.4973623752593994,0.43329983949661255
10X_17_029:GGATTACTCTGTCTCGx,10X_17_029,Neuron,DCX,11,15,Immature Neuron,Neuron,0.7113645076751709,0.3907950818538666,0.6008532643318176
10X_17_029:GGCAATTCACGTGAGAx,10X_17_029,Immature Neuron,DCX,11,15,Immature Neuron,Neuron,0.77904212474823,0.47867023944854736,0.46613872051239014
10X_17_029:GTATCTTGTCCGTCAGx,10X_17_029,Immature Neuron,DCX,11,15,Immature Neuron,Neuron,0.7662370800971985,0.514399528503418,0.4328926205635071
10X_17_029:GTGCATATCTTTACACx,10X_17_029,Immature Neuron,DCX,11,15,Immature Neuron,Neuron,0.7762983441352844,0.4890592098236084,0.4497162103652954
10X_17_029:GTTCTCGCAAGTTAAGx,10X_17_029,Neuron,DCX,11,15,Immature Neuron,Neuron,0.707481861114502,0.37316012382507324,0.5957814455032349
10X_17_029:TAGACCAGTCCGAAGAx,10X_17_029,Immature Neuron,DCX,11,15,Immature Neuron,Neuron,0.7451810240745544,0.43802452087402344,0.5267612934112549
10X_17_029:TACGGATTCCGAACGCx,10X_17_029,Immature Neuron,DCX,11,15,Immature Neuron,Neuron,0.7783623337745667,0.4755222201347351,0.4511820077896118
10X_17_029:TCCACACCACATTTCTx,10X_17_029,Neuron,DCX,11,15,Immature Neuron,Neuron,0.6885790824890137,0.3709558844566345,0.6106070280075073
10X_17_029:TCGCGTTTCTTAGAGCx,10X_17_029,Neuron,DCX,11,15,Immature Neuron,Neuron,0.7092421054840088,0.3947245478630066,0.5621325373649597
10X_17_029:TGACGGCCAACTGGCCx,10X_17_029,Immature Neuron,DCX,11,15,Immature Neuron,Neuron,0.7281007170677185,0.429935097694397,0.46343743801116943
10X_17_029:TGCTGCTTCTAGAGTCx,10X_17_029,Immature Neuron,DCX,11,15,Immature Neuron,Neuron,0.729094922542572,0.4536858797073364,0.5091590881347656
10X_17_029:TGGGCGTGTGGTACAGx,10X_17_029,Neuron,DCX,11,15,Immature Neuron,Neuron,0.6842906475067139,0.3576684594154358,0.6186216473579407
10X_17_029:TGTCCCACATCCGTGGx,10X_17_029,Immature Neuron,DCX,11,15,Immature Neuron,Neuron,0.8254988193511963,0.5402460098266602,0.4106706380844116
10X_17_029:TTATGCTAGCTAGTCTx,10X_17_029,Neuron,DCX,11,15,Immature Neuron,Neuron,0.6962682008743286,0.3468896746635437,0.6147004961967468
10X_17_029:TTGCGTCAGGCACATGx,10X_17_029,Neuron,DCX,11,15,Immature Neuron,Neuron,0.6648420095443726,0.3380246162414551,0.6177654266357422
10X_17_029:TTGTAGGAGGATATACx,10X_17_029,Immature Neuron,DCX,11,15,Immature Neuron,Neuron,0.724811315536499,0.43622905015945435,0.5016411542892456
10X_17_028:AAAGTAGCACGCTTTCx,10X_17_028,Neuron,BCL11B,15,15,Immature Neuron,Neuron,0.14955836534500122,0.01831895112991333,0.11591815948486328
10X_17_028:AAAGCAACACACAGAGx,10X_17_028,Neuron,BCL11B,15,15,Immature Neuron,Neuron,0.18090792000293732,0.04906381666660309,0.14957749843597412
10X_17_028:AAATGCCGTAGCAAATx,10X_17_028,Immature Neuron,BCL11B,15,15,Immature Neuron,Neuron,0.12622983753681183,-0.017272591590881348,0.11639565229415894
10X_17_028:AACACGTTCGGAGCAAx,10X_17_028,Immature Neuron,BCL11B,15,15,Immature Neuron,Neuron,0.11322231590747833,-0.08452059328556061,0.14786648750305176
10X_17_028:AAAGATGGTACTCTCCx,10X_17_028,Immature Neuron,BCL11B,15,15,Immature Neuron,Neuron,0.13443022966384888,-0.024705886840820312,0.12925446033477783
10X_17_028:AAAGCAACAAGTTCTGx,10X_17_028,Neuron,BCL11B,15,15,Immature Neuron,Neuron,0.1766219139099121,0.05222088098526001,0.12862998247146606
10X_17_028:AAACCTGTCGGTGTCGx,10X_17_028,Immature Neuron,BCL11B,15,15,Immature Neuron,Neuron,0.11025639623403549,-0.04950936138629913,0.15144526958465576
10X_17_028:AACCATGAGGTGTGGTx,10X_17_028,Neuron,BCL11B,15,15,Immature Neuron,Neuron,0.2031192034482956,-0.007503628730773926,0.14578235149383545
10X_17_028:AAAGATGTCTGTCTCGx,10X_17_028,Neuron,BCL11B,15,15,Immature Neuron,Neuron,0.11389626562595367,0.015615984797477722,0.15292131900787354
10X_17_028:AACGTTGAGTTCGATCx,10X_17_028,Immature Neuron,BCL11B,15,15,Immature Neuron,Neuron,0.13199160993099213,-0.101021409034729,0.1469702124595642
10X_17_028:AACTGGTCAAGCGTAGx,10X_17_028,Immature Neuron,BCL11B,15,15,Immature Neuron,Neuron,0.16620929539203644,-0.1116463840007782,0.12288516759872437
10X_17_028:AACGTTGCACCTATCCx,10X_17_028,Neuron,BCL11B,15,15,Immature Neuron,Neuron,0.16043268144130707,0.002918645739555359,0.13293331861495972
10X_17_028:AACTTTCAGCTAAGATx,10X_17_028,Immature Neuron,BCL11B,15,15,Immature Neuron,Neuron,0.15872211754322052,0.02563607692718506,0.1357874870300293
10X_17_028:AACTCTTGTCAATGTCx,10X_17_028,Immature Neuron,BCL11B,15,15,Immature Neuron,Neuron,0.15711553394794464,-0.06487688422203064,0.12121278047561646
10X_17_028:AACTCTTTCAGTTCGAx,10X_17_028,Immature Neuron,BCL11B,15,15,Immature Neuron,Neuron,0.13014939427375793,-0.04868003726005554,0.11525094509124756
10X_17_028:AAGACCTGTCAATACCx,10X_17_028,Immature Neuron,BCL11B,15,15,Immature Neuron,Neuron,0.16396194696426392,-0.01820392906665802,0.13282227516174316
10X_17_028:AACGTTGAGCGCTCCAx,10X_17_028,Immature Neuron,BCL11B,15,15,Immature Neuron,Neuron,0.14080576598644257,-0.03629407286643982,0.12870776653289795
10X_17_028:AACTCTTCAAGTTCTGx,10X_17_028,Neuron,BCL11B,15,15,Immature Neuron,Neuron,0.2081984132528305,-0.044908955693244934,0.17341715097427368
10X_17_028:AACTGGTCAGTGGAGTx,10X_17_028,Immature Neuron,BCL11B,15,15,Immature Neuron,Neuron,0.1145370751619339,-0.07657141983509064,0.13029414415359497
10X_17_028:AACTTTCAGCTACCGCx,10X_17_028,Immature Neuron,BCL11B,15,15,Immature Neuron,Neuron,0.1562664955854416,0.0007316321134567261,0.12855255603790283
10X_17_028:AACGTTGGTCTGCAATx,10X_17_028,Immature Neuron,BCL11B,15,15,Immature Neuron,Neuron,0.1830291599035263,-0.018885403871536255,0.12921172380447388
10X_17_028:AACTCAGTCCATTCTAx,10X_17_028,Immature Neuron,BCL11B,15,15,Immature Neuron,Neuron,0.15986323356628418,0.01099330186843872,0.1238546371459961
10X_17_028:AACTCTTGTGCTCTTCx,10X_17_028,Neuron,BCL11B,15,15,Immature Neuron,Neuron,0.15072686970233917,0.017095312476158142,0.1586739420890808
10X_17_028:AACGTTGAGCGTAATAx,10X_17_028,Neuron,BCL11B,15,15,Immature Neuron,Neuron,0.13336576521396637,-0.05014216899871826,0.179568350315094
10X_17_028:AAGTCTGTCCAAGTACx,10X_17_028,Immature Neuron,BCL11B,15,15,Immature Neuron,Neuron,0.18400244414806366,-0.04746276140213013,0.11263346672058105
10X_17_028:AAGGTTCGTGCGGTAAx,10X_17_028,Immature Neuron,BCL11B,15,15,Immature Neuron,Neuron,0.14661605656147003,-0.12067493796348572,0.12570840120315552
10X_17_028:ACACCCTGTTGATTCGx,10X_17_028,Neuron,BCL11B,15,15,Immature Neuron,Neuron,0.12189419567584991,-0.02369256317615509,0.14766693115234375
10X_17_028:AATCCAGCATCTATGGx,10X_17_028,Immature Neuron,BCL11B,15,15,Immature Neuron,Neuron,0.08019289374351501,-0.08562631905078888,0.13040167093276978
10X_17_028:AAGGTTCGTCTGCAATx,10X_17_028,Immature Neuron,BCL11B,15,15,Immature Neuron,Neuron,0.1588965654373169,0.031046926975250244,0.11451488733291626
10X_17_028:ACACCAAAGGTACTCTx,10X_17_028,Immature Neuron,BCL11B,15,15,Immature Neuron,Neuron,0.14467065036296844,-0.05532415211200714,0.12884938716888428
10X_17_028:AAGGAGCTCGTACCGGx,10X_17_028,Neuron,BCL11B,15,15,Immature Neuron,Neuron,0.19775356352329254,-0.04987998306751251,0.19538742303848267
10X_17_028:AAGTCTGGTACGAAATx,10X_17_028,Immature Neuron,BCL11B,15,15,Immature Neuron,Neuron,0.11143691837787628,-0.06985779106616974,0.13661319017410278
10X_17_028:AATCCAGAGTTCCACAx,10X_17_028,Immature Neuron,BCL11B,15,15,Immature Neuron,Neuron,0.13547523319721222,-0.04013606905937195,0.13276076316833496
10X_17_028:AATCCAGCAGCTGCTGx,10X_17_028,Immature Neuron,BCL11B,15,15,Immature Neuron,Neuron,0.11003334820270538,-0.05354525148868561,0.11636263132095337
10X_17_028:AATCGGTCAATAGCAAx,10X_17_028,Immature Neuron,BCL11B,15,15,Immature Neuron,Neuron,0.10707424581050873,-0.06850714981555939,0.14011234045028687
10X_17_028:AAGTCTGCATCCCACTx,10X_17_028,Immature Neuron,BCL11B,15,15,Immature Neuron,Neuron,0.12388498336076736,-0.0036579519510269165,0.12028038501739502
10X_17_028:ACATACGAGCGCCTTGx,10X_17_028,Immature Neuron,BCL11B,15,15,Immature Neuron,Neuron,0.1389675885438919,-0.034338176250457764,0.1437646746635437
10X_17_028:ACATCAGCAAGCCCACx,10X_17_028,Immature Neuron,BCL11B,15,15,Immature Neuron,Neuron,0.18792958557605743,-0.051206380128860474,0.11347842216491699
10X_17_028:ACACTGATCAAGGTAAx,10X_17_028,Immature Neuron,BCL11B,15,15,Immature Neuron,Neuron,0.14588269591331482,-0.08447882533073425,0.12367361783981323
10X_17_028:ACATCAGCAAGAAAGGx,10X_17_028,Immature Neuron,BCL11B,15,15,Immature Neuron,Neuron,0.08935613930225372,-0.06514067947864532,0.13173902034759521
10X_17_028:ACAGCCGTCAACGGCCx,10X_17_028,Neuron,BCL11B,15,15,Immature Neuron,Neuron,0.18158262968063354,0.006463110446929932,0.16759538650512695
10X_17_028:ACAGCCGCAAACTGCTx,10X_17_028,Immature Neuron,BCL11B,15,15,Immature Neuron,Neuron,0.12265005707740784,-0.03108726441860199,0.14099037647247314
10X_17_028:ACATGGTTCCGTTGTCx,10X_17_028,Neuron,BCL11B,15,15,Immature Neuron,Neuron,0.13618607819080353,-0.031264618039131165,0.142910897731781
10X_17_028:ACATCAGAGCGTAGTGx,10X_17_028,Immature Neuron,BCL11B,15,15,Immature Neuron,Neuron,0.10696722567081451,-0.09379236400127411,0.13671749830245972
10X_17_028:ACAGCTATCTTTACGTx,10X_17_028,Immature Neuron,BCL11B,15,15,Immature Neuron,Neuron,0.16513103246688843,0.014690130949020386,0.10569745302200317
10X_17_028:ACATACGGTACAGTTCx,10X_17_028,Immature Neuron,BCL11B,15,15,Immature Neuron,Neuron,0.12391869723796844,-0.09170179069042206,0.10082882642745972
10X_17_028:ACCTTTATCCGCGTTTx,10X_17_028,Immature Neuron,BCL11B,15,15,Immature Neuron,Neuron,0.20094376802444458,0.06808021664619446,0.14903026819229126
10X_17_028:ACCCACTGTTGAACTCx,10X_17_028,Immature Neuron,BCL11B,15,15,Immature Neuron,Neuron,0.15774187445640564,0.022085458040237427,0.11453115940093994
10X_17_028:ACGCAGCCACCTATCCx,10X_17_028,Immature Neuron,BCL11B,15,15,Immature Neuron,Neuron,0.1758919507265091,-0.017527833580970764,0.11562728881835938
10X_17_028:ACGCAGCTCTAACTTCx,10X_17_028,Immature Neuron,BCL11B,15,15,Immature Neuron,Neuron,0.1488974690437317,0.012352511286735535,0.10613834857940674
10X_17_028:ACGATACCAGAAGCACx,10X_17_028,Immature Neuron,BCL11B,15,15,Immature Neuron,Neuron,0.1511480212211609,0.025615990161895752,0.1049644947052002
10X_17_028:ACGCAGCTCTCAACTTx,10X_17_028,Immature Neuron,BCL11B,15,15,Immature Neuron,Neuron,0.1600036919116974,0.027908295392990112,0.12941402196884155
10X_17_028:ACCCACTGTAGCACGAx,10X_17_028,Immature Neuron,BCL11B,15,15,Immature Neuron,Neuron,0.17544257640838623,0.028022021055221558,0.12364602088928223
10X_17_028:ACGCCAGGTGACGCCTx,10X_17_028,Neuron,BCL11B,15,15,Immature Neuron,Neuron,0.14473369717597961,-0.007998928427696228,0.12226682901382446
10X_17_028:ACGGCCACACTCTGTCx,10X_17_028,Immature Neuron,BCL11B,15,15,Immature Neuron,Neuron,0.165845587849617,-0.0391448438167572,0.12192732095718384
10X_17_028:ACGTCAATCGCATGGCx,10X_17_028,Immature Neuron,BCL11B,15,15,Immature Neuron,Neuron,0.11319494992494583,-0.0394277423620224,0.13043391704559326
10X_17_028:ACTATCTGTATGAATGx,10X_17_028,Neuron,BCL11B,15,15,Immature Neuron,Neuron,0.21726496517658234,-0.027730673551559448,0.17022418975830078
10X_17_028:ACGGCCATCCTATTCAx,10X_17_028,Immature Neuron,BCL11B,15,15,Immature Neuron,Neuron,0.13774867355823517,-0.05867834389209747,0.1482338309288025
10X_17_028:ACGGAGATCTTTAGGGx,10X_17_028,Neuron,BCL11B,15,15,Immature Neuron,Neuron,0.2278025895357132,-0.044635623693466187,0.17668884992599487
10X_17_028:ACGGCCATCAAGGTAAx,10X_17_028,Immature Neuron,BCL11B,15,15,Immature Neuron,Neuron,0.12199614942073822,-0.027941763401031494,0.12747299671173096
10X_17_028:ACGGGCTTCACTTATCx,10X_17_028,Neuron,BCL11B,15,15,Immature Neuron,Neuron,0.1596311628818512,-0.014623463153839111,0.1461685299873352
10X_17_028:ACGCCAGTCGAGAACGx,10X_17_028,Neuron,BCL11B,15,15,Immature Neuron,Neuron,0.16701063513755798,0.06514357775449753,0.17014288902282715
10X_17_028:ACGGCCAAGGAGTAGAx,10X_17_028,Neuron,BCL11B,15,15,Immature Neuron,Neuron,0.16184543073177338,-0.060980990529060364,0.15671730041503906
10X_17_028:ACTTGTTAGAACTGTAx,10X_17_028,Immature Neuron,BCL11B,15,15,Immature Neuron,Neuron,0.13340730965137482,-0.03938540816307068,0.12275910377502441
10X_17_028:ACTGAGTAGTACTTGCx,10X_17_028,Neuron,BCL11B,15,15,Immature Neuron,Neuron,0.0980696827173233,-0.07021613419055939,0.12597358226776123
10X_17_028:ACTGAACAGGCAGTCAx,10X_17_028,Neuron,BCL11B,15,15,Immature Neuron,Neuron,0.15758629143238068,-0.003609001636505127,0.12717020511627197
10X_17_028:ACTTTCACATTATCTCx,10X_17_028,Neuron,BCL11B,15,15,Immature Neuron,Neuron,0.22467707097530365,0.0028236359357833862,0.1495835781097412
10X_17_028:ACTTACTAGCCTTGATx,10X_17_028,Immature Neuron,BCL11B,15,15,Immature Neuron,Neuron,0.13735836744308472,0.019946813583374023,0.1096464991569519
10X_17_028:ACTGAGTGTGATGCCCx,10X_17_028,Immature Neuron,BCL11B,15,15,Immature Neuron,Neuron,0.15377259254455566,-0.05760177969932556,0.1299627423286438
10X_17_028:AGAGTGGAGGGATACCx,10X_17_028,Immature Neuron,BCL11B,15,15,Immature Neuron,Neuron,0.1655130833387375,-0.0793367475271225,0.12474942207336426
10X_17_028:AGATCTGAGAACTCGGx,10X_17_028,Immature Neuron,BCL11B,15,15,Immature Neuron,Neuron,0.09330900013446808,-0.06776656210422516,0.16357117891311646
10X_17_028:AGATTGCCAACACCCGx,10X_17_028,Immature Neuron,BCL11B,15,15,Immature Neuron,Neuron,0.1200496107339859,-0.05755874514579773,0.13017940521240234
10X_17_028:AGCAGCCAGTTAACGAx,10X_17_028,Immature Neuron,BCL11B,15,15,Immature Neuron,Neuron,0.13074378669261932,-0.059109002351760864,0.12501943111419678
10X_17_028:AGAGTGGAGCGCTCCAx,10X_17_028,Immature Neuron,BCL11B,15,15,Immature Neuron,Neuron,0.08435806632041931,-0.08752293884754181,0.1669713854789734
10X_17_028:AGCATACCATTCCTGCx,10X_17_028,Immature Neuron,BCL11B,15,15,Immature Neuron,Neuron,0.18955571949481964,-0.02683308720588684,0.13538920879364014
10X_17_028:AGCAGCCAGACAGGCTx,10X_17_028,Immature Neuron,BCL11B,15,15,Immature Neuron,Neuron,0.13122911751270294,-0.04568304121494293,0.11603778600692749
10X_17_028:AGACGTTCAACGATGGx,10X_17_028,Immature Neuron,BCL11B,15,15,Immature Neuron,Neuron,0.10628508031368256,0.012870490550994873,0.11017215251922607
10X_17_028:AGATTGCGTCCAAGTTx,10X_17_028,Immature Neuron,BCL11B,15,15,Immature Neuron,Neuron,0.11633044481277466,-0.05583292245864868,0.13218486309051514
10X_17_028:AGCCTAAAGATGCCTTx,10X_17_028,Immature Neuron,BCL11B,15,15,Immature Neuron,Neuron,0.1568681299686432,0.04367583990097046,0.11333626508712769
10X_17_028:AGCAGCCAGATCCCGCx,10X_17_028,Neuron,BCL11B,15,15,Immature Neuron,Neuron,0.1336991935968399,-0.018187984824180603,0.12418174743652344
10X_17_028:AGATCTGTCCTTAATCx,10X_17_028,Immature Neuron,BCL11B,15,15,Immature Neuron,Neuron,0.18671801686286926,0.07671314477920532,0.13149535655975342
10X_17_028:AGGCCGTAGTTGTCGTx,10X_17_028,Immature Neuron,BCL11B,15,15,Immature Neuron,Neuron,0.0885133296251297,-0.10334604978561401,0.13966894149780273
10X_17_028:AGGCCACGTGTGTGCCx,10X_17_028,Neuron,BCL11B,15,15,Immature Neuron,Neuron,0.1972399204969406,-0.02850992977619171,0.15103858709335327
10X_17_028:AGCGTCGCAATGAATGx,10X_17_028,Neuron,BCL11B,15,15,Immature Neuron,Neuron,0.17493034899234772,-0.06474114954471588,0.1878533959388733
10X_17_028:AGCTTGATCTCTGCTGx,10X_17_028,Neuron,BCL11B,15,15,Immature Neuron,Neuron,0.15167754888534546,0.022828474640846252,0.11612892150878906
10X_17_028:AGGCCGTAGGTGACCAx,10X_17_028,Immature Neuron,BCL11B,15,15,Immature Neuron,Neuron,0.14045867323875427,-0.05743081867694855,0.12847310304641724
10X_17_028:AGGGAGTGTCAGAATAx,10X_17_028,Immature Neuron,BCL11B,15,15,Immature Neuron,Neuron,0.14322911202907562,-0.07992839813232422,0.10831737518310547
10X_17_028:AGCGTCGAGTTAACGAx,10X_17_028,Immature Neuron,BCL11B,15,15,Immature Neuron,Neuron,0.13000543415546417,-0.12342876195907593,0.13710910081863403
10X_17_028:AGGCCGTTCTCGAGTAx,10X_17_028,Immature Neuron,BCL11B,15,15,Immature Neuron,Neuron,0.1125226616859436,-0.04558359086513519,0.12754607200622559
10X_17_028:AGCTCTCTCGCGGATCx,10X_17_028,Immature Neuron,BCL11B,15,15,Immature Neuron,Neuron,0.19700799882411957,-0.031022265553474426,0.17898797988891602
10X_17_028:AGCGTCGCAGTACACTx,10X_17_028,Immature Neuron,BCL11B,15,15,Immature Neuron,Neuron,0.132976695895195,-0.0693172961473465,0.1448330283164978
10X_17_028:AGCTCTCAGAGACTATx,10X_17_028,Neuron,BCL11B,15,15,Immature Neuron,Neuron,0.18064744770526886,-0.004232689738273621,0.15718084573745728
10X_17_028:AGGGAGTCATTTGCTTx,10X_17_028,Neuron,BCL11B,15,15,Immature Neuron,Neuron,0.15195590257644653,-0.006280645728111267,0.1725994348526001
10X_17_028:AGGTCCGCAATAACGAx,10X_17_028,Neuron,BCL11B,15,15,Immature Neuron,Neuron,0.15211905539035797,-0.053038641810417175,0.13245069980621338
10X_17_028:AGGGATGTCTGCAGTAx,10X_17_028,Immature Neuron,BCL11B,15,15,Immature Neuron,Neuron,0.1778291016817093,-0.051666587591171265,0.14847981929779053
10X_17_028:AGGTCATTCCGCTGTTx,10X_17_028,Neuron,BCL11B,15,15,Immature Neuron,Neuron,0.16379278898239136,0.01796896755695343,0.11876928806304932
10X_17_028:AGTGAGGGTTGATTCGx,10X_17_028,Neuron,BCL11B,15,15,Immature Neuron,Neuron,0.17999501526355743,-0.054961636662483215,0.17126035690307617
10X_17_028:AGGTCCGAGCTAGTGGx,10X_17_028,Neuron,BCL11B,15,15,Immature Neuron,Neuron,0.19188205897808075,-0.04392947256565094,0.16724419593811035
10X_17_028:AGGTCATCAAAGGCGTx,10X_17_028,Neuron,BCL11B,15,15,Immature Neuron,Neuron,0.19315488636493683,-0.042277202010154724,0.16611021757125854
10X_17_028:AGTAGTCTCACCCTCAx,10X_17_028,Immature Neuron,BCL11B,15,15,Immature Neuron,Neuron,0.11627538502216339,-0.1104075163602829,0.13450920581817627
10X_17_028:AGTAGTCTCGCAAGCCx,10X_17_028,Immature Neuron,BCL11B,15,15,Immature Neuron,Neuron,0.14121276140213013,-0.026736095547676086,0.11267632246017456
10X_17_028:AGTGGGAAGCGTAATAx,10X_17_028,Immature Neuron,BCL11B,15,15,Immature Neuron,Neuron,0.04868049919605255,-0.10896974802017212,0.16538208723068237
10X_17_028:AGGTCATAGTGTTGAAx,10X_17_028,Immature Neuron,BCL11B,15,15,Immature Neuron,Neuron,0.18851499259471893,-0.04252740740776062,0.13319861888885498
10X_17_028:ATCACGAAGTTACCCAx,10X_17_028,Immature Neuron,BCL11B,15,15,Immature Neuron,Neuron,0.0886947363615036,-0.03920973837375641,0.16191691160202026
10X_17_028:ATCATGGGTATCACCAx,10X_17_028,Neuron,BCL11B,15,15,Immature Neuron,Neuron,0.18274857103824615,0.004397690296173096,0.1744288206100464
10X_17_028:AGTGTCAAGAGGTAGAx,10X_17_028,Immature Neuron,BCL11B,15,15,Immature Neuron,Neuron,0.11161012947559357,-0.035420045256614685,0.11675882339477539
10X_17_028:ATCATCTAGAGTACCGx,10X_17_028,Neuron,BCL11B,15,15,Immature Neuron,Neuron,0.20558781921863556,-0.030956938862800598,0.17282640933990479
10X_17_028:ATAGACCTCATCGGATx,10X_17_028,Immature Neuron,BCL11B,15,15,Immature Neuron,Neuron,0.17932966351509094,-0.015288546681404114,0.138086199760437
10X_17_028:ATAGACCCACGGTTTAx,10X_17_028,Neuron,BCL11B,15,15,Immature Neuron,Neuron,0.20510657131671906,-0.004449084401130676,0.16111528873443604
10X_17_028:ATCATGGAGCAGATCGx,10X_17_028,Immature Neuron,BCL11B,15,15,Immature Neuron,Neuron,0.12924201786518097,-0.05476529896259308,0.10879004001617432
10X_17_028:ATTACTCTCATTTGGGx,10X_17_028,Immature Neuron,BCL11B,15,15,Immature Neuron,Neuron,0.13853111863136292,-0.050156548619270325,0.11823129653930664
10X_17_028:ATCTACTTCGTTACAGx,10X_17_028,Immature Neuron,BCL11B,15,15,Immature Neuron,Neuron,0.15266795456409454,-0.0651828944683075,0.1262974739074707
10X_17_028:ATCGAGTCAGCTATTGx,10X_17_028,Neuron,BCL11B,15,15,Immature Neuron,Neuron,0.1669258028268814,-0.024660736322402954,0.1616838574409485
10X_17_028:ATTACTCGTTCTGGTAx,10X_17_028,Immature Neuron,BCL11B,15,15,Immature Neuron,Neuron,0.17185141146183014,-0.03738903999328613,0.1339876651763916
10X_17_028:ATGGGAGTCCTCCTAGx,10X_17_028,Neuron,BCL11B,15,15,Immature Neuron,Neuron,0.17167115211486816,0.03260999917984009,0.12288534641265869
10X_17_028:ATTATCCTCAGCACATx,10X_17_028,Immature Neuron,BCL11B,15,15,Immature Neuron,Neuron,0.15757854282855988,-0.007296055555343628,0.12345665693283081
10X_17_028:ATCTACTTCATGTAGCx,10X_17_028,Immature Neuron,BCL11B,15,15,Immature Neuron,Neuron,0.17612199485301971,-0.02189411222934723,0.1348576545715332
10X_17_028:ATTACTCTCTTCATGTx,10X_17_028,Immature Neuron,BCL11B,15,15,Immature Neuron,Neuron,0.14744192361831665,-0.010625317692756653,0.13243335485458374
10X_17_028:ATCTACTCATTAGGCTx,10X_17_028,Immature Neuron,BCL11B,15,15,Immature Neuron,Neuron,0.16152292490005493,0.058393657207489014,0.12350833415985107
10X_17_028:ATGTGTGTCCCTAACCx,10X_17_028,Immature Neuron,BCL11B,15,15,Immature Neuron,Neuron,0.18744787573814392,0.053080976009368896,0.1252700686454773
10X_17_028:ATGTGTGGTCGCGTGTx,10X_17_028,Neuron,BCL11B,15,15,Immature Neuron,Neuron,0.19673950970172882,-0.028279021382331848,0.1912497878074646
10X_17_028:CAACTAGAGGGCACTAx,10X_17_028,Neuron,BCL11B,15,15,Immature Neuron,Neuron,0.1338208019733429,-0.04057440161705017,0.18270230293273926
10X_17_028:CAACCTCCATGTTGACx,10X_17_028,Immature Neuron,BCL11B,15,15,Immature Neuron,Neuron,0.14484098553657532,-0.010052740573883057,0.12518846988677979
10X_17_028:CAACCAATCAAGATCCx,10X_17_028,Immature Neuron,BCL11B,15,15,Immature Neuron,Neuron,0.19849087297916412,-0.0532006174325943,0.13382744789123535
10X_17_028:CAAGAAAAGGGTGTGTx,10X_17_028,Immature Neuron,BCL11B,15,15,Immature Neuron,Neuron,0.094952791929245,-0.04747958481311798,0.1268520951271057
10X_17_028:CAACTAGAGCTGCAAGx,10X_17_028,Immature Neuron,BCL11B,15,15,Immature Neuron,Neuron,0.135862335562706,-0.033324792981147766,0.125263512134552
10X_17_028:ATTGGACAGCGCCTTGx,10X_17_028,Neuron,BCL11B,15,15,Immature Neuron,Neuron,0.16539140045642853,-0.04737110435962677,0.1417710781097412
10X_17_028:ATTCTACAGGGTGTTGx,10X_17_028,Neuron,BCL11B,15,15,Immature Neuron,Neuron,0.18354563415050507,-0.025329113006591797,0.1585291028022766
10X_17_028:CAAGAAAAGCCAGTAGx,10X_17_028,Neuron,BCL11B,15,15,Immature Neuron,Neuron,0.17427735030651093,0.05463537573814392,0.16300761699676514
10X_17_028:ATTGGTGTCGTAGGTTx,10X_17_028,Neuron,BCL11B,15,15,Immature Neuron,Neuron,0.19650773704051971,0.002775713801383972,0.16625118255615234
10X_17_028:CAACCAAAGACACGACx,10X_17_028,Immature Neuron,BCL11B,15,15,Immature Neuron,Neuron,0.14266663789749146,0.014870554208755493,0.11697179079055786
10X_17_028:CAAGGCCGTCGAGTTTx,10X_17_028,Neuron,BCL11B,15,15,Immature Neuron,Neuron,0.18304301798343658,-0.027321770787239075,0.1771601438522339
10X_17_028:CACACAAGTAAATACGx,10X_17_028,Immature Neuron,BCL11B,15,15,Immature Neuron,Neuron,0.1726323515176773,-0.042682498693466187,0.11191439628601074
10X_17_028:CACAAACGTGTTAAGAx,10X_17_028,Neuron,BCL11B,15,15,Immature Neuron,Neuron,0.1660504937171936,0.009200990200042725,0.17070460319519043
10X_17_028:CACAAACTCACTCTTAx,10X_17_028,Immature Neuron,BCL11B,15,15,Immature Neuron,Neuron,0.14661182463169098,-0.037355393171310425,0.12387686967849731
10X_17_028:CAAGGCCGTCGACTGCx,10X_17_028,Immature Neuron,BCL11B,15,15,Immature Neuron,Neuron,0.12941083312034607,-0.11865180730819702,0.13112139701843262
10X_17_028:CACAAACAGTCGTACTx,10X_17_028,Neuron,BCL11B,15,15,Immature Neuron,Neuron,0.15547914803028107,-0.04566378891468048,0.14896005392074585
10X_17_028:CACACAAGTGGCGAATx,10X_17_028,Immature Neuron,BCL11B,15,15,Immature Neuron,Neuron,0.11750100553035736,-0.07655295729637146,0.11859369277954102
10X_17_028:CACAGGCAGATCACGGx,10X_17_028,Immature Neuron,BCL11B,15,15,Immature Neuron,Neuron,0.15935495495796204,0.04052156209945679,0.09755992889404297
10X_17_028:CACACCTAGCTCCTTCx,10X_17_028,Neuron,BCL11B,15,15,Immature Neuron,Neuron,0.2127271145582199,-0.009823530912399292,0.1455000638961792
10X_17_028:CACACAAAGCAGGCTAx,10X_17_028,Neuron,BCL11B,15,15,Immature Neuron,Neuron,0.11644192039966583,-0.012871325016021729,0.12452208995819092
10X_17_028:CACCAGGTCTGCAGTAx,10X_17_028,Neuron,BCL11B,15,15,Immature Neuron,Neuron,0.22466833889484406,-0.04904325306415558,0.17675280570983887
10X_17_028:CACATTTAGCTGCAAGx,10X_17_028,Immature Neuron,BCL11B,15,15,Immature Neuron,Neuron,0.17938809096813202,-0.08853086829185486,0.12151044607162476
10X_17_028:CACCAGGAGAAACGCCx,10X_17_028,Neuron,BCL11B,15,15,Immature Neuron,Neuron,0.14820106327533722,-0.04025919735431671,0.1525036096572876
10X_17_028:CACTCCAGTGAGGCTAx,10X_17_028,Immature Neuron,BCL11B,15,15,Immature Neuron,Neuron,0.14592941105365753,-0.027123764157295227,0.1360962986946106
10X_17_028:CACATTTTCCTAGAACx,10X_17_028,Immature Neuron,BCL11B,15,15,Immature Neuron,Neuron,0.165516197681427,0.022623449563980103,0.14819788932800293
10X_17_028:CACCTTGCAAGCGAGTx,10X_17_028,Neuron,BCL11B,15,15,Immature Neuron,Neuron,0.15803025662899017,0.025945961475372314,0.1393270492553711
10X_17_028:CACTCCATCACAATGCx,10X_17_028,Immature Neuron,BCL11B,15,15,Immature Neuron,Neuron,0.1670192927122116,-0.06864622235298157,0.12687969207763672
10X_17_028:CACCACTTCCGTTGCTx,10X_17_028,Neuron,BCL11B,15,15,Immature Neuron,Neuron,0.2186489999294281,0.08563858270645142,0.16078490018844604
10X_17_028:CACAGTACATGCTAGTx,10X_17_028,Neuron,BCL11B,15,15,Immature Neuron,Neuron,0.19313104450702667,-0.033573806285858154,0.17164015769958496
10X_17_028:CACATTTAGTGCTGCCx,10X_17_028,Immature Neuron,BCL11B,15,15,Immature Neuron,Neuron,0.15554122626781464,-0.05085214972496033,0.12399744987487793
10X_17_028:CACATTTTCAAACAAGx,10X_17_028,Neuron,BCL11B,15,15,Immature Neuron,Neuron,0.16462381184101105,0.0048638880252838135,0.15575528144836426
10X_17_028:CACTCCATCGTCTGCTx,10X_17_028,Neuron,BCL11B,15,15,Immature Neuron,Neuron,0.16954191029071808,-0.05984751880168915,0.14806872606277466
10X_17_028:CAGAATCGTTTCCACCx,10X_17_028,Immature Neuron,BCL11B,15,15,Immature Neuron,Neuron,0.20376472175121307,-0.04148009419441223,0.13229691982269287
10X_17_028:CAGCAGCGTTAAGGGCx,10X_17_028,Immature Neuron,BCL11B,15,15,Immature Neuron,Neuron,0.12272389233112335,-0.07356376945972443,0.12685221433639526
10X_17_028:CAGCCGAGTTCATGGTx,10X_17_028,Neuron,BCL11B,15,15,Immature Neuron,Neuron,0.1743323653936386,-0.015984609723091125,0.1625664234161377
10X_17_028:CAGCCGAAGCTCCTCTx,10X_17_028,Immature Neuron,BCL11B,15,15,Immature Neuron,Neuron,0.1751277595758438,-0.02276742458343506,0.13830453157424927
10X_17_028:CAGAATCCATGTCGATx,10X_17_028,Neuron,BCL11B,15,15,Immature Neuron,Neuron,0.1388540416955948,-0.012806594371795654,0.17340165376663208
10X_17_028:CAGCTAATCGTACGGCx,10X_17_028,Immature Neuron,BCL11B,15,15,Immature Neuron,Neuron,0.1290053427219391,-0.05345553159713745,0.16003119945526123
10X_17_028:CAGAGAGGTTCGAATCx,10X_17_028,Neuron,BCL11B,15,15,Immature Neuron,Neuron,0.1677967756986618,0.017279252409934998,0.15647196769714355
10X_17_028:CAGCGACTCTTGGGTAx,10X_17_028,Immature Neuron,BCL11B,15,15,Immature Neuron,Neuron,0.14496202766895294,-0.08544355630874634,0.14609456062316895
10X_17_028:CAGATCAAGTGAATTGx,10X_17_028,Neuron,BCL11B,15,15,Immature Neuron,Neuron,0.1775776892900467,-0.020980805158615112,0.14403808116912842
10X_17_028:CAGAGAGAGACGCACAx,10X_17_028,Immature Neuron,BCL11B,15,15,Immature Neuron,Neuron,0.16188162565231323,0.005321383476257324,0.11718332767486572
10X_17_028:CAGCTAACAGTAAGATx,10X_17_028,Immature Neuron,BCL11B,15,15,Immature Neuron,Neuron,0.15734197199344635,0.04288087785243988,0.12320643663406372
10X_17_028:CAGATCAGTCTACCTCx,10X_17_028,Immature Neuron,BCL11B,15,15,Immature Neuron,Neuron,0.13073714077472687,-0.008898824453353882,0.12840020656585693
10X_17_028:CAGATCAAGCAAATCAx,10X_17_028,Neuron,BCL11B,15,15,Immature Neuron,Neuron,0.16468453407287598,0.053869396448135376,0.14378446340560913
10X_17_028:CAGCAGCAGGCTAGACx,10X_17_028,Immature Neuron,BCL11B,15,15,Immature Neuron,Neuron,0.0794195830821991,-0.07102526724338531,0.1531599760055542
10X_17_028:CAGGTGCAGGAGTAGAx,10X_17_028,Immature Neuron,BCL11B,15,15,Immature Neuron,Neuron,0.0958217978477478,-0.07614846527576447,0.14833879470825195
10X_17_028:CAGCTGGTCTGTACGAx,10X_17_028,Neuron,BCL11B,15,15,Immature Neuron,Neuron,0.17072156071662903,0.01911032199859619,0.148889422416687
10X_17_028:CAGTAACCATGGTCTAx,10X_17_028,Immature Neuron,BCL11B,15,15,Immature Neuron,Neuron,0.14797845482826233,0.008763536810874939,0.13792729377746582
10X_17_028:CATATTCGTACGCACCx,10X_17_028,Neuron,BCL11B,15,15,Immature Neuron,Neuron,0.19087965786457062,-0.036473944783210754,0.16752225160598755
10X_17_028:CATATGGGTAAATGTGx,10X_17_028,Neuron,BCL11B,15,15,Immature Neuron,Neuron,0.21303589642047882,-0.009770527482032776,0.17477405071258545
10X_17_028:CAGTAACAGTGAATTGx,10X_17_028,Neuron,BCL11B,15,15,Immature Neuron,Neuron,0.19321368634700775,-0.021942541003227234,0.149452805519104
10X_17_028:CATGACAGTCTCCCTAx,10X_17_028,Immature Neuron,BCL11B,15,15,Immature Neuron,Neuron,0.16372162103652954,0.029969260096549988,0.1239699125289917
10X_17_028:CATTCGCAGAAGGTGAx,10X_17_028,Immature Neuron,BCL11B,15,15,Immature Neuron,Neuron,0.131544291973114,-0.0631803423166275,0.12386393547058105
10X_17_028:CATGACAAGGGATACCx,10X_17_028,Neuron,BCL11B,15,15,Immature Neuron,Neuron,0.12129814922809601,0.002545759081840515,0.15716862678527832
10X_17_028:CATGCCTAGACCTAGGx,10X_17_028,Immature Neuron,BCL11B,15,15,Immature Neuron,Neuron,0.14954762160778046,-0.11317524313926697,0.11823385953903198
10X_17_028:CATCGAACACGAAACGx,10X_17_028,Immature Neuron,BCL11B,15,15,Immature Neuron,Neuron,0.14129146933555603,-0.039869263768196106,0.14724355936050415
10X_17_028:CATTATCGTCCAAGTTx,10X_17_028,Immature Neuron,BCL11B,15,15,Immature Neuron,Neuron,0.14954905211925507,0.012118130922317505,0.13515275716781616
10X_17_028:CATGGCGTCGGCTACGx,10X_17_028,Immature Neuron,BCL11B,15,15,Immature Neuron,Neuron,0.11632746458053589,-0.06288906931877136,0.12247800827026367
10X_17_028:CATCGAAGTACAGACGx,10X_17_028,Neuron,BCL11B,15,15,Immature Neuron,Neuron,0.21309678256511688,-0.049811094999313354,0.15882498025894165
10X_17_028:CATGACATCACTTATCx,10X_17_028,Immature Neuron,BCL11B,15,15,Immature Neuron,Neuron,0.18736125528812408,-0.006289809942245483,0.1456497311592102
10X_17_028:CCAATCCTCAACGCTAx,10X_17_028,Neuron,BCL11B,15,15,Immature Neuron,Neuron,0.18232816457748413,0.04473632574081421,0.1288212537765503
10X_17_028:CCAATCCGTCCCGACAx,10X_17_028,Neuron,BCL11B,15,15,Immature Neuron,Neuron,0.19514574110507965,-0.03579947352409363,0.15094852447509766
10X_17_028:CCACGGACAGCGATCCx,10X_17_028,Neuron,BCL11B,15,15,Immature Neuron,Neuron,0.15122155845165253,-0.03176125884056091,0.11918270587921143
10X_17_028:CCATTCGCACGCCAGTx,10X_17_028,Immature Neuron,BCL11B,15,15,Immature Neuron,Neuron,0.1871088594198227,-0.00454305112361908,0.17486631870269775
10X_17_028:CCACGGATCAGTGTTGx,10X_17_028,Immature Neuron,BCL11B,15,15,Immature Neuron,Neuron,0.13768459856510162,-0.09511536359786987,0.1357262134552002
10X_17_028:CCACTACGTGCTTCTCx,10X_17_028,Immature Neuron,BCL11B,15,15,Immature Neuron,Neuron,0.17619679868221283,-0.0714443027973175,0.12029522657394409
10X_17_028:CCACCTACATGGTCATx,10X_17_028,Immature Neuron,BCL11B,15,15,Immature Neuron,Neuron,0.19579410552978516,0.029788658022880554,0.1617898941040039
10X_17_028:CCACCTACAGTTAACCx,10X_17_028,Immature Neuron,BCL11B,15,15,Immature Neuron,Neuron,0.13518555462360382,-0.028001263737678528,0.11050492525100708
10X_17_028:CCCAGTTCAACGCACCx,10X_17_028,Neuron,BCL11B,15,15,Immature Neuron,Neuron,0.1916932612657547,0.015369981527328491,0.1684868335723877
10X_17_028:CCGTACTAGTGCCATTx,10X_17_028,Immature Neuron,BCL11B,15,15,Immature Neuron,Neuron,0.1874338686466217,0.03068128228187561,0.14691686630249023
10X_17_028:CCGGGATTCGTAGGAGx,10X_17_028,Immature Neuron,BCL11B,15,15,Immature Neuron,Neuron,0.12198121845722198,-0.1154300719499588,0.131181001663208
10X_17_028:CCGTGGACACATTCGAx,10X_17_028,Immature Neuron,BCL11B,15,15,Immature Neuron,Neuron,0.06552204489707947,-0.085661381483078,0.1466321349143982
10X_17_028:CCGGGATGTAGCCTATx,10X_17_028,Immature Neuron,BCL11B,15,15,Immature Neuron,Neuron,0.11027766764163971,-0.09139460325241089,0.13755035400390625
10X_17_028:CCGGGATAGGGCTTGAx,10X_17_028,Neuron,BCL11B,15,15,Immature Neuron,Neuron,0.14219625294208527,-0.01868194341659546,0.14746606349945068
10X_17_028:CCGGTAGCACACGCTGx,10X_17_028,Immature Neuron,BCL11B,15,15,Immature Neuron,Neuron,0.10211728513240814,-0.1309218853712082,0.11680835485458374
10X_17_028:CCGTACTTCTGTGCAAx,10X_17_028,Immature Neuron,BCL11B,15,15,Immature Neuron,Neuron,0.153290793299675,-0.020139172673225403,0.1235889196395874
10X_17_028:CCCATACTCGCAAGCCx,10X_17_028,Immature Neuron,BCL11B,15,15,Immature Neuron,Neuron,0.04558691382408142,-0.0836464911699295,0.16934090852737427
10X_17_028:CCGTTCATCTGTCAAGx,10X_17_028,Immature Neuron,BCL11B,15,15,Immature Neuron,Neuron,0.12907736003398895,-0.039400845766067505,0.11475932598114014
10X_17_028:CCGTGGATCACGAAGGx,10X_17_028,Neuron,BCL11B,15,15,Immature Neuron,Neuron,0.10612164437770844,-0.0283365398645401,0.14044350385665894
10X_17_028:CCGTGGATCTAACTCTx,10X_17_028,Immature Neuron,BCL11B,15,15,Immature Neuron,Neuron,0.16562993824481964,-0.09237372875213623,0.11758512258529663
10X_17_028:CCGGGATGTTGTTTGGx,10X_17_028,Immature Neuron,BCL11B,15,15,Immature Neuron,Neuron,0.16592036187648773,-0.03260180354118347,0.14162111282348633
10X_17_028:CCGTGGATCACTGGGCx,10X_17_028,Neuron,BCL11B,15,15,Immature Neuron,Neuron,0.1788746863603592,-0.04484005272388458,0.1612899899482727
10X_17_028:CCTCAGTGTCTGCCAGx,10X_17_028,Neuron,BCL11B,15,15,Immature Neuron,Neuron,0.16274471580982208,-0.04179759323596954,0.1674554944038391
10X_17_028:CCTACACAGATCTGCTx,10X_17_028,Immature Neuron,BCL11B,15,15,Immature Neuron,Neuron,0.1512654572725296,-0.024465411901474,0.11629223823547363
10X_17_028:CCTCTGAGTCTAGGTTx,10X_17_028,Neuron,BCL11B,15,15,Immature Neuron,Neuron,0.18356184661388397,0.03419129550457001,0.16272711753845215
10X_17_028:CCTCTGATCGGAATCTx,10X_17_028,Immature Neuron,BCL11B,15,15,Immature Neuron,Neuron,0.10541458427906036,-0.08790193498134613,0.1639116406440735
10X_17_028:CCTATTACACCTGGTGx,10X_17_028,Immature Neuron,BCL11B,15,15,Immature Neuron,Neuron,0.15542396903038025,-0.029656216502189636,0.15723764896392822
10X_17_028:CCTACACGTCGAGTTTx,10X_17_028,Neuron,BCL11B,15,15,Immature Neuron,Neuron,0.1889456957578659,-0.06743808090686798,0.158952534198761
10X_17_028:CCTAGCTAGCCTCGTGx,10X_17_028,Neuron,BCL11B,15,15,Immature Neuron,Neuron,0.17375566065311432,-0.0506107360124588,0.16485595703125
10X_17_028:CCTAGCTTCCAGGGCTx,10X_17_028,Neuron,BCL11B,15,15,Immature Neuron,Neuron,0.12032130360603333,-0.030477464199066162,0.12312096357345581
10X_17_028:CCTACCATCATTGCCCx,10X_17_028,Immature Neuron,BCL11B,15,15,Immature Neuron,Neuron,0.18904943764209747,-0.013883084058761597,0.1469630002975464
10X_17_028:CCTCAGTCACCACGTGx,10X_17_028,Neuron,BCL11B,15,15,Immature Neuron,Neuron,0.1161312609910965,-0.042784079909324646,0.16074800491333008
10X_17_028:CGAACATTCGCATGATx,10X_17_028,Immature Neuron,BCL11B,15,15,Immature Neuron,Neuron,0.18364174664020538,-0.06413307785987854,0.11688351631164551
10X_17_028:CGACTTCTCACCCGAGx,10X_17_028,Immature Neuron,BCL11B,15,15,Immature Neuron,Neuron,0.1377141922712326,-0.08205826580524445,0.1380184292793274
10X_17_028:CGAGCCAAGCCAACAGx,10X_17_028,Immature Neuron,BCL11B,15,15,Immature Neuron,Neuron,0.09313316643238068,-0.06348355114459991,0.15140628814697266
10X_17_028:CCTTCGATCTACTCATx,10X_17_028,Immature Neuron,BCL11B,15,15,Immature Neuron,Neuron,0.16441845893859863,0.014405310153961182,0.11244624853134155
10X_17_028:CGACCTTAGAATGTGTx,10X_17_028,Neuron,BCL11B,15,15,Immature Neuron,Neuron,0.14647267758846283,0.039831072092056274,0.14080047607421875
10X_17_028:CGACCTTAGGACCACAx,10X_17_028,Immature Neuron,BCL11B,15,15,Immature Neuron,Neuron,0.13780708611011505,-0.037201330065727234,0.12634772062301636
10X_17_028:CGAATGTCAAAGTGCGx,10X_17_028,Immature Neuron,BCL11B,15,15,Immature Neuron,Neuron,0.14109663665294647,-0.013539493083953857,0.12580502033233643
10X_17_028:CGAACATTCGTTTATCx,10X_17_028,Neuron,BCL11B,15,15,Immature Neuron,Neuron,0.19634370505809784,-0.015138551592826843,0.16518110036849976
10X_17_028:CGACTTCTCGGATGTTx,10X_17_028,Neuron,BCL11B,15,15,Immature Neuron,Neuron,0.16611577570438385,-0.01635916531085968,0.15895617008209229
10X_17_028:CGCGGTACACACCGCAx,10X_17_028,Immature Neuron,BCL11B,15,15,Immature Neuron,Neuron,0.12667876482009888,0.0006256699562072754,0.12109696865081787
10X_17_028:CGATTGAAGTGGGATCx,10X_17_028,Immature Neuron,BCL11B,15,15,Immature Neuron,Neuron,0.11617885529994965,-0.05692927539348602,0.12429928779602051
10X_17_028:CGCGGTAGTCATATGCx,10X_17_028,Immature Neuron,BCL11B,15,15,Immature Neuron,Neuron,0.09645639359951019,-0.06058259308338165,0.15467607975006104
10X_17_028:CGAGCCATCAACGGCCx,10X_17_028,Immature Neuron,BCL11B,15,15,Immature Neuron,Neuron,0.12644724547863007,-0.025465920567512512,0.12245833873748779
10X_17_028:CGATTGACATACTCTTx,10X_17_028,Neuron,BCL11B,15,15,Immature Neuron,Neuron,0.18425847589969635,-0.04622134566307068,0.13341748714447021
10X_17_028:CGCGGTAAGCCCAATTx,10X_17_028,Immature Neuron,BCL11B,15,15,Immature Neuron,Neuron,0.13994984328746796,-0.016316860914230347,0.12831830978393555
10X_17_028:CGATTGAAGCATCATCx,10X_17_028,Immature Neuron,BCL11B,15,15,Immature Neuron,Neuron,0.09910233318805695,-0.036647602915763855,0.16945034265518188
10X_17_028:CGGAGCTCATTAGGCTx,10X_17_028,Neuron,BCL11B,15,15,Immature Neuron,Neuron,0.18209604918956757,-0.03920905292034149,0.15927493572235107
10X_17_028:CGGAGTCTCATCTGCCx,10X_17_028,Neuron,BCL11B,15,15,Immature Neuron,Neuron,0.1711772233247757,-0.02713187038898468,0.14796102046966553
10X_17_028:CGGAGCTAGCGTTCCGx,10X_17_028,Immature Neuron,BCL11B,15,15,Immature Neuron,Neuron,0.11245711147785187,-0.062353089451789856,0.11746937036514282
10X_17_028:CGCTTCAGTCGACTGCx,10X_17_028,Neuron,BCL11B,15,15,Immature Neuron,Neuron,0.13892628252506256,-0.021779373288154602,0.12519383430480957
10X_17_028:CGTAGGCGTCCAGTGCx,10X_17_028,Immature Neuron,BCL11B,15,15,Immature Neuron,Neuron,0.17140227556228638,0.006512448191642761,0.13368117809295654
10X_17_028:CGTAGGCCAGCGATCCx,10X_17_028,Immature Neuron,BCL11B,15,15,Immature Neuron,Neuron,0.14890344440937042,-0.040455326437950134,0.12708938121795654
10X_17_028:CGGTTAAAGAAGAAGCx,10X_17_028,Immature Neuron,BCL11B,15,15,Immature Neuron,Neuron,0.15673817694187164,-0.06976233422756195,0.11348605155944824
10X_17_028:CGGCTAGGTGCACCACx,10X_17_028,Immature Neuron,BCL11B,15,15,Immature Neuron,Neuron,0.1350613683462143,0.00047044456005096436,0.1357712745666504
10X_17_028:CGTTAGATCCAAGCCGx,10X_17_028,Immature Neuron,BCL11B,15,15,Immature Neuron,Neuron,0.1586417406797409,-0.0709962397813797,0.11992061138153076
10X_17_028:CTAAGACCAATCCAACx,10X_17_028,Neuron,BCL11B,15,15,Immature Neuron,Neuron,0.17615970969200134,0.023432374000549316,0.12235516309738159
10X_17_028:CTAACTTAGTGGCACAx,10X_17_028,Neuron,BCL11B,15,15,Immature Neuron,Neuron,0.16783222556114197,0.013891756534576416,0.15139609575271606
10X_17_028:CGTGAGCTCTGCAGTAx,10X_17_028,Immature Neuron,BCL11B,15,15,Immature Neuron,Neuron,0.0954388976097107,-0.05536311864852905,0.13523459434509277
10X_17_028:CGTTGGGAGTTAGCGGx,10X_17_028,Immature Neuron,BCL11B,15,15,Immature Neuron,Neuron,0.12486465275287628,-0.037681594491004944,0.1169690489768982
10X_17_028:CGTGTAAGTCTAGCGCx,10X_17_028,Immature Neuron,BCL11B,15,15,Immature Neuron,Neuron,0.15732206404209137,-0.10196128487586975,0.1279640793800354
10X_17_028:CGTGAGCTCTCCAACCx,10X_17_028,Neuron,BCL11B,15,15,Immature Neuron,Neuron,0.12993711233139038,-0.05150969326496124,0.13850444555282593
10X_17_028:CGTGTAAAGGGTGTTGx,10X_17_028,Neuron,BCL11B,15,15,Immature Neuron,Neuron,0.10990412533283234,-0.054423049092292786,0.15821486711502075
10X_17_028:CGTTGGGCAAGTAGTAx,10X_17_028,Immature Neuron,BCL11B,15,15,Immature Neuron,Neuron,0.09042653441429138,-0.06482584774494171,0.1523805856704712
10X_17_028:CGTTAGACAGACTCGCx,10X_17_028,Immature Neuron,BCL11B,15,15,Immature Neuron,Neuron,0.10916837304830551,-0.03099365532398224,0.13487756252288818
10X_17_028:CGTTCTGGTCTGCAATx,10X_17_028,Immature Neuron,BCL11B,15,15,Immature Neuron,Neuron,0.12147250771522522,-0.036781057715415955,0.1319652795791626
10X_17_028:CGTTCTGTCCCTCTTTx,10X_17_028,Neuron,BCL11B,15,15,Immature Neuron,Neuron,0.1785154789686203,-0.0006902962923049927,0.15168321132659912
10X_17_028:CTAGAGTGTCGAACAGx,10X_17_028,Neuron,BCL11B,15,15,Immature Neuron,Neuron,0.16161711513996124,-0.04110714793205261,0.18107718229293823
10X_17_028:CTAATGGGTCGGCATCx,10X_17_028,Immature Neuron,BCL11B,15,15,Immature Neuron,Neuron,0.1466040164232254,-0.06337250769138336,0.1433572769165039
10X_17_028:CTAGCCTTCACCGTAAx,10X_17_028,Neuron,BCL11B,15,15,Immature Neuron,Neuron,0.18800266087055206,-0.007365778088569641,0.17101937532424927
10X_17_028:CTACCCACACCTATCCx,10X_17_028,Immature Neuron,BCL11B,15,15,Immature Neuron,Neuron,0.16357196867465973,-0.016645759344100952,0.13825511932373047
10X_17_028:CTACGTCGTTACGACTx,10X_17_028,Neuron,BCL11B,15,15,Immature Neuron,Neuron,0.1799582839012146,0.010936349630355835,0.16919571161270142
10X_17_028:CTAGTGATCGCCATAAx,10X_17_028,Neuron,BCL11B,15,15,Immature Neuron,Neuron,0.1419568806886673,-0.044626906514167786,0.15228497982025146
10X_17_028:CTCCTAGAGTGGGATCx,10X_17_028,Immature Neuron,BCL11B,15,15,Immature Neuron,Neuron,0.12271055579185486,-0.030258119106292725,0.1211060881614685
10X_17_028:CTCATTATCGCGATCGx,10X_17_028,Neuron,BCL11B,15,15,Immature Neuron,Neuron,0.1632360965013504,-0.042463257908821106,0.1656498908996582
10X_17_028:CTCGGGAGTCTCCATCx,10X_17_028,Immature Neuron,BCL11B,15,15,Immature Neuron,Neuron,0.09526523947715759,-0.03354063630104065,0.13062673807144165
10X_17_028:CTCAGAATCCACGCAGx,10X_17_028,Immature Neuron,BCL11B,15,15,Immature Neuron,Neuron,0.1288643330335617,0.01870642602443695,0.1327143907546997
10X_17_028:CTCGAGGCACTGTCGGx,10X_17_028,Neuron,BCL11B,15,15,Immature Neuron,Neuron,0.16218604147434235,-0.041113510727882385,0.15577685832977295
10X_17_028:CTCGGAGGTCACCTAAx,10X_17_028,Immature Neuron,BCL11B,15,15,Immature Neuron,Neuron,0.12055666744709015,-0.03548033535480499,0.11203551292419434
10X_17_028:CTCCTAGAGGCACATGx,10X_17_028,Immature Neuron,BCL11B,15,15,Immature Neuron,Neuron,0.1672721654176712,-0.047721147537231445,0.14066565036773682
10X_17_028:CTCGAGGGTCGCATATx,10X_17_028,Immature Neuron,BCL11B,15,15,Immature Neuron,Neuron,0.09194311499595642,-0.03383062779903412,0.11892151832580566
10X_17_028:CTCTGGTAGTGAAGTTx,10X_17_028,Immature Neuron,BCL11B,15,15,Immature Neuron,Neuron,0.14273972809314728,-0.11432714760303497,0.1306133270263672
10X_17_028:CTCTGGTGTTTGTTGGx,10X_17_028,Immature Neuron,BCL11B,15,15,Immature Neuron,Neuron,0.12277540564537048,-0.03540998697280884,0.13756859302520752
10X_17_028:CTGAAACTCAGTTGACx,10X_17_028,Immature Neuron,BCL11B,15,15,Immature Neuron,Neuron,0.1193450540304184,-0.06380541622638702,0.12794184684753418
10X_17_028:CTGAAACGTCGGCATCx,10X_17_028,Neuron,BCL11B,15,15,Immature Neuron,Neuron,0.13964934647083282,-0.06171064078807831,0.18121832609176636
10X_17_028:CTGATCCGTAGCGTCCx,10X_17_028,Immature Neuron,BCL11B,15,15,Immature Neuron,Neuron,0.11296112835407257,-0.11028499901294708,0.12534081935882568
10X_17_028:CTCGTCAGTCTCTTATx,10X_17_028,Immature Neuron,BCL11B,15,15,Immature Neuron,Neuron,0.17074544727802277,-0.009193480014801025,0.12351346015930176
10X_17_028:CTCTGGTCAGACGCTCx,10X_17_028,Neuron,BCL11B,15,15,Immature Neuron,Neuron,0.17743100225925446,-0.040953829884529114,0.16991835832595825
10X_17_028:CTCTGGTTCAACGGCCx,10X_17_028,Immature Neuron,BCL11B,15,15,Immature Neuron,Neuron,0.12975415587425232,-0.015010669827461243,0.13284409046173096
10X_17_028:CTGATAGGTTATGTGCx,10X_17_028,Neuron,BCL11B,15,15,Immature Neuron,Neuron,0.20935924351215363,-0.03827081620693207,0.17452728748321533
10X_17_028:CTCTGGTTCGTGGGAAx,10X_17_028,Immature Neuron,BCL11B,15,15,Immature Neuron,Neuron,0.10952611267566681,-0.07701161503791809,0.14263367652893066
10X_17_028:CTCTGGTAGGATGTATx,10X_17_028,Immature Neuron,BCL11B,15,15,Immature Neuron,Neuron,0.12431533634662628,-0.07504506409168243,0.1147344708442688
10X_17_028:CTGAAGTAGGCTAGCAx,10X_17_028,Neuron,BCL11B,15,15,Immature Neuron,Neuron,0.16065014898777008,-0.054374054074287415,0.17761313915252686
10X_17_028:CTGCCTAAGCAGCCTCx,10X_17_028,Immature Neuron,BCL11B,15,15,Immature Neuron,Neuron,0.12706437706947327,-0.016445353627204895,0.113261878490448
10X_17_028:CTGATAGTCAACACTGx,10X_17_028,Immature Neuron,BCL11B,15,15,Immature Neuron,Neuron,0.13970251381397247,-0.0008413493633270264,0.1501043438911438
10X_17_028:CTCGTCATCACTTATCx,10X_17_028,Immature Neuron,BCL11B,15,15,Immature Neuron,Neuron,0.12912419438362122,-0.0096464604139328,0.14236319065093994
10X_17_028:CTGCCTATCACAACGTx,10X_17_028,Immature Neuron,BCL11B,15,15,Immature Neuron,Neuron,0.20300345122814178,-0.013485819101333618,0.15110814571380615
10X_17_028:CTTACCGAGGTCGGATx,10X_17_028,Immature Neuron,BCL11B,15,15,Immature Neuron,Neuron,0.08341795206069946,-0.07836845517158508,0.19014906883239746
10X_17_028:CTGTTTACATTTCAGGx,10X_17_028,Neuron,BCL11B,15,15,Immature Neuron,Neuron,0.17034883797168732,0.00720745325088501,0.144913911819458
10X_17_028:CTGTTTAAGTAAGTACx,10X_17_028,Neuron,BCL11B,15,15,Immature Neuron,Neuron,0.16720445454120636,-0.028351634740829468,0.13224613666534424
10X_17_028:CTGGTCTAGTGAATTGx,10X_17_028,Immature Neuron,BCL11B,15,15,Immature Neuron,Neuron,0.18032972514629364,-0.06986793875694275,0.1278286576271057
10X_17_028:CTGGTCTCATGCCACGx,10X_17_028,Neuron,BCL11B,15,15,Immature Neuron,Neuron,0.151807501912117,-0.01747126877307892,0.13188034296035767
10X_17_028:CTTGGCTGTGATAAGTx,10X_17_028,Immature Neuron,BCL11B,15,15,Immature Neuron,Neuron,0.11943531036376953,-0.08586741983890533,0.1310279369354248
10X_17_028:GAACCTAGTCATGCATx,10X_17_028,Neuron,BCL11B,15,15,Immature Neuron,Neuron,0.15977969765663147,-0.001735404133796692,0.14632821083068848
10X_17_028:CTTCTCTAGCCACCTGx,10X_17_028,Immature Neuron,BCL11B,15,15,Immature Neuron,Neuron,0.16127686202526093,-0.056186407804489136,0.12263822555541992
10X_17_028:GAACCTAAGACCTTTGx,10X_17_028,Immature Neuron,BCL11B,15,15,Immature Neuron,Neuron,0.12388046085834503,-0.044427961111068726,0.14380908012390137
10X_17_028:GAAACTCTCTGTCTATx,10X_17_028,Neuron,BCL11B,15,15,Immature Neuron,Neuron,0.1624944508075714,0.03767446428537369,0.1732897162437439
10X_17_028:GAACCTATCCGCATCTx,10X_17_028,Immature Neuron,BCL11B,15,15,Immature Neuron,Neuron,0.08587650954723358,-0.04619498550891876,0.12995779514312744
10X_17_028:GAAATGAAGGATGCGTx,10X_17_028,Neuron,BCL11B,15,15,Immature Neuron,Neuron,0.13986262679100037,-0.036625564098358154,0.12415611743927002
10X_17_028:GACACGCGTAGATTAGx,10X_17_028,Immature Neuron,BCL11B,15,15,Immature Neuron,Neuron,0.08401885628700256,-0.08207046985626221,0.14479458332061768
10X_17_028:GACACGCAGATATGCAx,10X_17_028,Immature Neuron,BCL11B,15,15,Immature Neuron,Neuron,0.09851941466331482,-0.06048901379108429,0.12062233686447144
10X_17_028:GAATAAGGTGACTACTx,10X_17_028,Immature Neuron,BCL11B,15,15,Immature Neuron,Neuron,0.15287716686725616,-0.019265025854110718,0.1395074725151062
10X_17_028:GAATGAAGTGTTTGGTx,10X_17_028,Immature Neuron,BCL11B,15,15,Immature Neuron,Neuron,0.1469477117061615,-0.07738849520683289,0.12098914384841919
10X_17_028:GAATAAGAGGCAGTCAx,10X_17_028,Immature Neuron,BCL11B,15,15,Immature Neuron,Neuron,0.1530526578426361,-0.07175073027610779,0.12621724605560303
10X_17_028:GAATAAGTCACATGCAx,10X_17_028,Neuron,BCL11B,15,15,Immature Neuron,Neuron,0.19335408508777618,-0.05433088541030884,0.1870887279510498
10X_17_028:GACCTGGTCTCCGGTTx,10X_17_028,Immature Neuron,BCL11B,15,15,Immature Neuron,Neuron,0.14897045493125916,0.0062501877546310425,0.15243679285049438
10X_17_028:GAACGGAGTACAGTTCx,10X_17_028,Immature Neuron,BCL11B,15,15,Immature Neuron,Neuron,0.1381576657295227,-0.011246338486671448,0.10224473476409912
10X_17_028:GAATGAAAGCCGTCGTx,10X_17_028,Neuron,BCL11B,15,15,Immature Neuron,Neuron,0.14323584735393524,-0.06703729927539825,0.16209548711776733
10X_17_028:GACTACAGTGAGGCTAx,10X_17_028,Immature Neuron,BCL11B,15,15,Immature Neuron,Neuron,0.13583125174045563,-0.06466850638389587,0.126691997051239
10X_17_028:GAGCAGATCCTGCTTGx,10X_17_028,Immature Neuron,BCL11B,15,15,Immature Neuron,Neuron,0.12932690978050232,-0.03712601959705353,0.1350882649421692
10X_17_028:GACGTGCAGTGCGTGAx,10X_17_028,Neuron,BCL11B,15,15,Immature Neuron,Neuron,0.1918514221906662,-0.042459920048713684,0.1661120057106018
10X_17_028:GACGGCTTCCCACTTGx,10X_17_028,Neuron,BCL11B,15,15,Immature Neuron,Neuron,0.15130655467510223,0.009930908679962158,0.1316089630126953
10X_17_028:GACGGCTCACGTAAGGx,10X_17_028,Immature Neuron,BCL11B,15,15,Immature Neuron,Neuron,0.11623556911945343,-0.1120949536561966,0.12338089942932129
10X_17_028:GAGCAGACAGCTGCTGx,10X_17_028,Immature Neuron,BCL11B,15,15,Immature Neuron,Neuron,0.12732209265232086,-0.04345066845417023,0.13376450538635254
10X_17_028:GACGCGTTCTTGCATTx,10X_17_028,Immature Neuron,BCL11B,15,15,Immature Neuron,Neuron,0.13931791484355927,-0.02336081862449646,0.12832528352737427
10X_17_028:GACGGCTGTCAAGCGAx,10X_17_028,Immature Neuron,BCL11B,15,15,Immature Neuron,Neuron,0.12894347310066223,-0.06580246984958649,0.14578711986541748
10X_17_028:GATCAGTGTACCGTATx,10X_17_028,Immature Neuron,BCL11B,15,15,Immature Neuron,Neuron,0.08487555384635925,-0.08478231728076935,0.17228996753692627
10X_17_028:GATCGTACATTATCTCx,10X_17_028,Immature Neuron,BCL11B,15,15,Immature Neuron,Neuron,0.14275629818439484,-0.038035109639167786,0.17438405752182007
10X_17_028:GATCGTATCCAAACACx,10X_17_028,Neuron,BCL11B,15,15,Immature Neuron,Neuron,0.1614873856306076,0.019750162959098816,0.15395206212997437
10X_17_028:GAGGTGAAGTGGGATCx,10X_17_028,Neuron,BCL11B,15,15,Immature Neuron,Neuron,0.1402316689491272,0.012072145938873291,0.11448836326599121
10X_17_028:GATGAAATCCCAAGTAx,10X_17_028,Neuron,BCL11B,15,15,Immature Neuron,Neuron,0.2018369883298874,-0.06498187780380249,0.1858764886856079
10X_17_028:GATCTAGTCACAAACCx,10X_17_028,Immature Neuron,BCL11B,15,15,Immature Neuron,Neuron,0.16230781376361847,-0.00896039605140686,0.12053120136260986
10X_17_028:GATCGCGGTATGAATGx,10X_17_028,Immature Neuron,BCL11B,15,15,Immature Neuron,Neuron,0.14985162019729614,0.03255742788314819,0.11702269315719604
10X_17_028:GATCGCGAGGGCTTGAx,10X_17_028,Neuron,BCL11B,15,15,Immature Neuron,Neuron,0.15993757545948029,-0.0001680999994277954,0.1556638479232788
10X_17_028:GATCTAGAGAGCCCAAx,10X_17_028,Neuron,BCL11B,15,15,Immature Neuron,Neuron,0.15039370954036713,-0.0518767386674881,0.1446426510810852
10X_17_028:GAGTCCGCACGGCGTTx,10X_17_028,Neuron,BCL11B,15,15,Immature Neuron,Neuron,0.17369967699050903,0.03143396973609924,0.1648409366607666
10X_17_028:GAGTCCGTCACTATTCx,10X_17_028,Neuron,BCL11B,15,15,Immature Neuron,Neuron,0.16802878677845,0.024484694004058838,0.15989381074905396
10X_17_028:GCAGCCAGTGTGGTTTx,10X_17_028,Immature Neuron,BCL11B,15,15,Immature Neuron,Neuron,0.10998959839344025,-0.0686914324760437,0.13629186153411865
10X_17_028:GCACATATCGTAGGTTx,10X_17_028,Neuron,BCL11B,15,15,Immature Neuron,Neuron,0.14719490706920624,-0.00391659140586853,0.14540964365005493
10X_17_028:GCAGCCATCCTTAATCx,10X_17_028,Immature Neuron,BCL11B,15,15,Immature Neuron,Neuron,0.1477416306734085,-0.10774639248847961,0.12475162744522095
10X_17_028:GATGCTAAGGGTGTGTx,10X_17_028,Immature Neuron,BCL11B,15,15,Immature Neuron,Neuron,0.11785505712032318,-0.11860577762126923,0.1265627145767212
10X_17_028:GCAATCAGTTCTGAACx,10X_17_028,Immature Neuron,BCL11B,15,15,Immature Neuron,Neuron,0.16483891010284424,-0.1050097644329071,0.12402093410491943
10X_17_028:GCAATCATCCACTCCAx,10X_17_028,Neuron,BCL11B,15,15,Immature Neuron,Neuron,0.1743953973054886,0.0025220364332199097,0.16175854206085205
10X_17_028:GCAGCCAAGTAGGCCAx,10X_17_028,Immature Neuron,BCL11B,15,15,Immature Neuron,Neuron,0.15064531564712524,-0.08780570328235626,0.11177229881286621
10X_17_028:GCAGCCACATTTGCCCx,10X_17_028,Neuron,BCL11B,15,15,Immature Neuron,Neuron,0.1217251867055893,-0.03332337737083435,0.16626667976379395
10X_17_028:GATGAGGCAAAGCAATx,10X_17_028,Immature Neuron,BCL11B,15,15,Immature Neuron,Neuron,0.1294155865907669,-0.1595713049173355,0.1432400941848755
10X_17_028:GCAATCACACGCGAAAx,10X_17_028,Neuron,BCL11B,15,15,Immature Neuron,Neuron,0.20074144005775452,0.050270259380340576,0.13060569763183594
10X_17_028:GATGCTACAATGGAATx,10X_17_028,Immature Neuron,BCL11B,15,15,Immature Neuron,Neuron,0.12448544800281525,-0.10947224497795105,0.11974871158599854
10X_17_028:GCGCAGTCAATGGAATx,10X_17_028,Immature Neuron,BCL11B,15,15,Immature Neuron,Neuron,0.12206487357616425,-0.07217521965503693,0.1503087878227234
10X_17_028:GCATGCGTCACAACGTx,10X_17_028,Immature Neuron,BCL11B,15,15,Immature Neuron,Neuron,0.18771669268608093,-0.10567012429237366,0.12812429666519165
10X_17_028:GCCTCTACACGGACAAx,10X_17_028,Immature Neuron,BCL11B,15,15,Immature Neuron,Neuron,0.15565605461597443,-0.003976687788963318,0.1529538631439209
10X_17_028:GCCTCTACACATGGGAx,10X_17_028,Immature Neuron,BCL11B,15,15,Immature Neuron,Neuron,0.16304261982440948,-0.05565282702445984,0.13737201690673828
10X_17_028:GCATGTAAGATGTGGCx,10X_17_028,Immature Neuron,BCL11B,15,15,Immature Neuron,Neuron,0.14509622752666473,-0.040697768330574036,0.12241071462631226
10X_17_028:GCGAGAAAGTTACGGGx,10X_17_028,Immature Neuron,BCL11B,15,15,Immature Neuron,Neuron,0.1200001984834671,-0.06699724495410919,0.1419493556022644
10X_17_028:GCATGTATCGTGTAGTx,10X_17_028,Neuron,BCL11B,15,15,Immature Neuron,Neuron,0.1299719363451004,-0.010101839900016785,0.14374899864196777
10X_17_028:GCAGTTATCTGCGACGx,10X_17_028,Immature Neuron,BCL11B,15,15,Immature Neuron,Neuron,0.10122092068195343,-0.10251039266586304,0.13078397512435913
10X_17_028:GCATGTAGTGATAAACx,10X_17_028,Immature Neuron,BCL11B,15,15,Immature Neuron,Neuron,0.15261703729629517,-0.04650282859802246,0.13106131553649902
10X_17_028:GCCAAATTCTCGTTTAx,10X_17_028,Immature Neuron,BCL11B,15,15,Immature Neuron,Neuron,0.1680627465248108,0.026664182543754578,0.11183464527130127
10X_17_028:GCGCGATTCTGATACGx,10X_17_028,Neuron,BCL11B,15,15,Immature Neuron,Neuron,0.15664710104465485,-0.048357442021369934,0.1294088363647461
10X_17_028:GCTGCTTGTAGTGAATx,10X_17_028,Neuron,BCL11B,15,15,Immature Neuron,Neuron,0.13201113045215607,-0.004929780960083008,0.12107574939727783
10X_17_028:GCGCAGTTCCAAGCCGx,10X_17_028,Immature Neuron,BCL11B,15,15,Immature Neuron,Neuron,0.1571885645389557,0.03412836790084839,0.122261643409729
10X_17_028:GCGCCAATCAGCATGTx,10X_17_028,Immature Neuron,BCL11B,15,15,Immature Neuron,Neuron,0.16072815656661987,-0.03137953579425812,0.11308461427688599
10X_17_028:GCTCCTATCACAGTACx,10X_17_028,Immature Neuron,BCL11B,15,15,Immature Neuron,Neuron,0.16074448823928833,0.009348064661026001,0.11863517761230469
10X_17_028:GCGGGTTTCCAGAGGAx,10X_17_028,Immature Neuron,BCL11B,15,15,Immature Neuron,Neuron,0.09756125509738922,-0.06762978434562683,0.16178983449935913
10X_17_028:GCTGCAGCAAGTCTACx,10X_17_028,Neuron,BCL11B,15,15,Immature Neuron,Neuron,0.2127007693052292,-0.009628131985664368,0.17676782608032227
10X_17_028:GCTTGAATCATCGGATx,10X_17_028,Immature Neuron,BCL11B,15,15,Immature Neuron,Neuron,0.10681302845478058,-0.08209885656833649,0.14986205101013184
10X_17_028:GCTTCCAGTTCTCATTx,10X_17_028,Immature Neuron,BCL11B,15,15,Immature Neuron,Neuron,0.1359771192073822,-0.07770812511444092,0.1139519214630127
10X_17_028:GGAATAAGTCTGATCAx,10X_17_028,Neuron,BCL11B,15,15,Immature Neuron,Neuron,0.15752948820590973,-0.0009824186563491821,0.15078037977218628
10X_17_028:GGACAAGGTTTGACTGx,10X_17_028,Neuron,BCL11B,15,15,Immature Neuron,Neuron,0.20017261803150177,-0.029538825154304504,0.1885703206062317
10X_17_028:GGACAGAAGACATAACx,10X_17_028,Immature Neuron,BCL11B,15,15,Immature Neuron,Neuron,0.1762893944978714,0.02390962839126587,0.1268082857131958
10X_17_028:GCTGGGTGTCCAGTATx,10X_17_028,Immature Neuron,BCL11B,15,15,Immature Neuron,Neuron,0.12929461896419525,-0.1121656596660614,0.12022680044174194
10X_17_028:GGACAGAGTTTGTTTCx,10X_17_028,Neuron,BCL11B,15,15,Immature Neuron,Neuron,0.207240030169487,-0.054877594113349915,0.16684281826019287
10X_17_028:GGCAATTGTCACACGCx,10X_17_028,Immature Neuron,BCL11B,15,15,Immature Neuron,Neuron,0.18641908466815948,-0.07150900363922119,0.12338685989379883
10X_17_028:GGAGCAATCTTTACGTx,10X_17_028,Immature Neuron,BCL11B,15,15,Immature Neuron,Neuron,0.1442980319261551,-0.003276050090789795,0.11970555782318115
10X_17_028:GGCCGATCATGAACCTx,10X_17_028,Immature Neuron,BCL11B,15,15,Immature Neuron,Neuron,0.15724578499794006,0.007891803979873657,0.17462849617004395
10X_17_028:GGCAATTGTGATGATAx,10X_17_028,Immature Neuron,BCL11B,15,15,Immature Neuron,Neuron,0.15136221051216125,-0.06546303629875183,0.10787707567214966
10X_17_028:GGATTACGTAGGCATGx,10X_17_028,Immature Neuron,BCL11B,15,15,Immature Neuron,Neuron,0.15256018936634064,-0.020653918385505676,0.12187504768371582
10X_17_028:GGCAATTTCTCGCTTGx,10X_17_028,Immature Neuron,BCL11B,15,15,Immature Neuron,Neuron,0.15977352857589722,-0.014563173055648804,0.14671939611434937
10X_17_028:GGAGCAAGTGATAAGTx,10X_17_028,Immature Neuron,BCL11B,15,15,Immature Neuron,Neuron,0.12002600729465485,-0.06700213253498077,0.11279624700546265
10X_17_028:GGGAGATGTTTGGCGCx,10X_17_028,Immature Neuron,BCL11B,15,15,Immature Neuron,Neuron,0.09153540432453156,-0.10840137302875519,0.1554936170578003
10X_17_028:GGCGTGTCACAGACAGx,10X_17_028,Immature Neuron,BCL11B,15,15,Immature Neuron,Neuron,0.12865573167800903,-0.14651528000831604,0.14265668392181396
10X_17_028:GGCTGGTGTTAGGGTGx,10X_17_028,Immature Neuron,BCL11B,15,15,Immature Neuron,Neuron,0.09114916622638702,-0.06701500713825226,0.13492357730865479
10X_17_028:GGGCACTAGTACGCGAx,10X_17_028,Immature Neuron,BCL11B,15,15,Immature Neuron,Neuron,0.13080765306949615,-0.09123276174068451,0.1361631155014038
10X_17_028:GGGAGATCATTCCTCGx,10X_17_028,Immature Neuron,BCL11B,15,15,Immature Neuron,Neuron,0.16710002720355988,0.001681983470916748,0.11443150043487549
10X_17_028:GGGAGATGTGCTCTTCx,10X_17_028,Immature Neuron,BCL11B,15,15,Immature Neuron,Neuron,0.15347526967525482,-0.07435265183448792,0.12465083599090576
10X_17_028:GGCGTGTTCTGGGCCAx,10X_17_028,Immature Neuron,BCL11B,15,15,Immature Neuron,Neuron,0.07470794022083282,-0.10180826485157013,0.1556074023246765
10X_17_028:GGGAATGCAATAACGAx,10X_17_028,Immature Neuron,BCL11B,15,15,Immature Neuron,Neuron,0.12820272147655487,-0.03847593069076538,0.11399030685424805
10X_17_028:GGGAGATCAGCCTTTCx,10X_17_028,Immature Neuron,BCL11B,15,15,Immature Neuron,Neuron,0.10210180282592773,-0.08506748080253601,0.13740229606628418
10X_17_028:GGGCACTAGAGGTTGCx,10X_17_028,Neuron,BCL11B,15,15,Immature Neuron,Neuron,0.21331046521663666,-0.04266311228275299,0.1594739556312561
10X_17_028:GGTGTTATCTGCGTAAx,10X_17_028,Immature Neuron,BCL11B,15,15,Immature Neuron,Neuron,0.1493557244539261,-0.016395866870880127,0.12333142757415771
10X_17_028:GTAACGTGTGGCCCTAx,10X_17_028,Immature Neuron,BCL11B,15,15,Immature Neuron,Neuron,0.09369619190692902,-0.12339717149734497,0.1383083462715149
10X_17_028:GGGTCTGTCTAACTCTx,10X_17_028,Immature Neuron,BCL11B,15,15,Immature Neuron,Neuron,0.12352116405963898,-0.05738493800163269,0.10757589340209961
10X_17_028:GGTATTGTCTCCCTGAx,10X_17_028,Neuron,BCL11B,15,15,Immature Neuron,Neuron,0.19046920537948608,-0.030830875039100647,0.1769375205039978
10X_17_028:GTATTCTCAGGGAGAGx,10X_17_028,Neuron,BCL11B,15,15,Immature Neuron,Neuron,0.12662172317504883,-0.0529225617647171,0.1355648636817932
10X_17_028:GTACTCCGTGATAAGTx,10X_17_028,Neuron,BCL11B,15,15,Immature Neuron,Neuron,0.19273658096790314,-0.02727992832660675,0.16528016328811646
10X_17_028:GTAACTGCATCATCCCx,10X_17_028,Immature Neuron,BCL11B,15,15,Immature Neuron,Neuron,0.151373490691185,-0.029790669679641724,0.11233359575271606
10X_17_028:GTATTCTCATCGTCGGx,10X_17_028,Immature Neuron,BCL11B,15,15,Immature Neuron,Neuron,0.131183460354805,-0.04829181730747223,0.13774174451828003
10X_17_028:GTATCTTCACATAACCx,10X_17_028,Immature Neuron,BCL11B,15,15,Immature Neuron,Neuron,0.1510419398546219,-0.02492663264274597,0.1297919750213623
10X_17_028:GTAGGCCGTCGCGAAAx,10X_17_028,Immature Neuron,BCL11B,15,15,Immature Neuron,Neuron,0.11737735569477081,-0.09573689103126526,0.11755025386810303
10X_17_028:GTAGTCAAGCCGATTTx,10X_17_028,Immature Neuron,BCL11B,15,15,Immature Neuron,Neuron,0.14441019296646118,-0.0018786787986755371,0.12455683946609497
10X_17_028:GTAGTCAGTCGCCATGx,10X_17_028,Immature Neuron,BCL11B,15,15,Immature Neuron,Neuron,0.17441914975643158,-0.06872619688510895,0.11541002988815308
10X_17_028:GTAACTGTCTCCTATAx,10X_17_028,Neuron,BCL11B,15,15,Immature Neuron,Neuron,0.18770547211170197,0.061563313007354736,0.1556006669998169
10X_17_028:GTAGGCCGTTTGTTGGx,10X_17_028,Immature Neuron,BCL11B,15,15,Immature Neuron,Neuron,0.14033742249011993,-0.10510030388832092,0.12352418899536133
10X_17_028:GTCAAGTTCTGGCGACx,10X_17_028,Immature Neuron,BCL11B,15,15,Immature Neuron,Neuron,0.08444344997406006,-0.06485231220722198,0.11555129289627075
10X_17_028:GTCCTCATCACGACTAx,10X_17_028,Immature Neuron,BCL11B,15,15,Immature Neuron,Neuron,0.15524788200855255,-0.07714346051216125,0.11477488279342651
10X_17_028:GTCGGGTGTCGGCTCAx,10X_17_028,Immature Neuron,BCL11B,15,15,Immature Neuron,Neuron,0.13717158138751984,-0.0744745284318924,0.1478283405303955
10X_17_028:GTCACAAGTCGAAAGCx,10X_17_028,Neuron,BCL11B,15,15,Immature Neuron,Neuron,0.1637098789215088,-0.00844728946685791,0.1774337887763977
10X_17_028:GTCACGGGTCATATCGx,10X_17_028,Immature Neuron,BCL11B,15,15,Immature Neuron,Neuron,0.12111194431781769,-0.08089248836040497,0.12339574098587036
10X_17_028:GTCACAAGTCCAGTTAx,10X_17_028,Immature Neuron,BCL11B,15,15,Immature Neuron,Neuron,0.1806236207485199,0.04491990804672241,0.10989570617675781
10X_17_028:GTCCTCACACTCGACGx,10X_17_028,Neuron,BCL11B,15,15,Immature Neuron,Neuron,0.15181687474250793,-0.033559247851371765,0.12735581398010254
10X_17_028:GTCCTCAAGTACTTGCx,10X_17_028,Immature Neuron,BCL11B,15,15,Immature Neuron,Neuron,0.08818027377128601,-0.07394488155841827,0.15880870819091797
10X_17_028:GTCCTCAAGATATGCAx,10X_17_028,Immature Neuron,BCL11B,15,15,Immature Neuron,Neuron,0.14209218323230743,-0.10545165836811066,0.12281394004821777
10X_17_028:GTCCTCAGTAGATTAGx,10X_17_028,Neuron,BCL11B,15,15,Immature Neuron,Neuron,0.18725402653217316,-0.02180001139640808,0.18806415796279907
10X_17_028:GTCACGGCAGGTCGTCx,10X_17_028,Neuron,BCL11B,15,15,Immature Neuron,Neuron,0.11726707220077515,-0.046711355447769165,0.12082475423812866
10X_17_028:GTGAAGGCATGACGGAx,10X_17_028,Immature Neuron,BCL11B,15,15,Immature Neuron,Neuron,0.12246112525463104,-0.008207142353057861,0.13440942764282227
10X_17_028:GTGAAGGCACGAGAGTx,10X_17_028,Immature Neuron,BCL11B,15,15,Immature Neuron,Neuron,0.12250997126102448,-0.08215172588825226,0.14084529876708984
10X_17_028:GTGCTTCAGGCGATACx,10X_17_028,Immature Neuron,BCL11B,15,15,Immature Neuron,Neuron,0.09839585423469543,-0.07275243103504181,0.14313340187072754
10X_17_028:GTGCGGTCAAACGCGAx,10X_17_028,Immature Neuron,BCL11B,15,15,Immature Neuron,Neuron,0.09790046513080597,-0.11108244955539703,0.14400678873062134
10X_17_028:GTGCTTCGTGGACGATx,10X_17_028,Neuron,BCL11B,15,15,Immature Neuron,Neuron,0.15181155502796173,-0.005944773554801941,0.15509045124053955
10X_17_028:GTGCTTCAGAGACGAAx,10X_17_028,Neuron,BCL11B,15,15,Immature Neuron,Neuron,0.1857631802558899,-0.026608720421791077,0.17137598991394043
10X_17_028:GTGCAGCAGATCCCGCx,10X_17_028,Immature Neuron,BCL11B,15,15,Immature Neuron,Neuron,0.15513846278190613,0.02164846658706665,0.12089979648590088
10X_17_028:GTGGGTCGTCGTCTTCx,10X_17_028,Immature Neuron,BCL11B,15,15,Immature Neuron,Neuron,0.1323034018278122,-0.10388399660587311,0.13648146390914917
10X_17_028:GTGGGTCAGGAATTACx,10X_17_028,Immature Neuron,BCL11B,15,15,Immature Neuron,Neuron,0.09718425571918488,-0.10041669011116028,0.1418948769569397
10X_17_028:GTGAAGGAGGCATTGGx,10X_17_028,Neuron,BCL11B,15,15,Immature Neuron,Neuron,0.17098872363567352,-0.056168898940086365,0.16387337446212769
10X_17_028:GTGCTTCTCAGCACATx,10X_17_028,Immature Neuron,BCL11B,15,15,Immature Neuron,Neuron,0.15002091228961945,-0.12528106570243835,0.12530392408370972
10X_17_028:GTGGGTCGTGTAACGGx,10X_17_028,Immature Neuron,BCL11B,15,15,Immature Neuron,Neuron,0.08216147124767303,-0.08192838728427887,0.1496480107307434
10X_17_028:GTGTTAGAGCGTGTCCx,10X_17_028,Immature Neuron,BCL11B,15,15,Immature Neuron,Neuron,0.15188026428222656,-0.07852418720722198,0.13768655061721802
10X_17_028:GTGTTAGCATGGAATAx,10X_17_028,Immature Neuron,BCL11B,15,15,Immature Neuron,Neuron,0.14193613827228546,-0.09053188562393188,0.13336646556854248
10X_17_028:GTTAAGCAGGAGTACCx,10X_17_028,Neuron,BCL11B,15,15,Immature Neuron,Neuron,0.19794659316539764,-0.06060716509819031,0.17646390199661255
10X_17_028:GTGTGCGGTCCGACGTx,10X_17_028,Neuron,BCL11B,15,15,Immature Neuron,Neuron,0.18840853869915009,-0.07404577732086182,0.16591203212738037
10X_17_028:GTTCATTCATCTACGAx,10X_17_028,Neuron,BCL11B,15,15,Immature Neuron,Neuron,0.15101726353168488,-0.05860994756221771,0.1481626033782959
10X_17_028:GTTCATTGTTCCACGGx,10X_17_028,Immature Neuron,BCL11B,15,15,Immature Neuron,Neuron,0.1369224339723587,-0.08512064814567566,0.1229596734046936
10X_17_028:GTGTGCGCAATGTTGCx,10X_17_028,Immature Neuron,BCL11B,15,15,Immature Neuron,Neuron,0.15127016603946686,-0.053246691823005676,0.12328970432281494
10X_17_028:TAAGAGAGTAGAAAGGx,10X_17_028,Immature Neuron,BCL11B,15,15,Immature Neuron,Neuron,0.11591073870658875,-0.08801145851612091,0.14008426666259766
10X_17_028:GTGTGCGCAGCTATTGx,10X_17_028,Immature Neuron,BCL11B,15,15,Immature Neuron,Neuron,0.12794265151023865,-0.0813920646905899,0.1490774154663086
10X_17_028:GTTAAGCGTAGCGTCCx,10X_17_028,Immature Neuron,BCL11B,15,15,Immature Neuron,Neuron,0.15201665461063385,-0.09109576046466827,0.1246267557144165
10X_17_028:GTTTCTAGTTAGATGAx,10X_17_028,Immature Neuron,BCL11B,15,15,Immature Neuron,Neuron,0.1256365329027176,-0.09110476076602936,0.12912476062774658
10X_17_028:GTTACAGTCAGCTCTCx,10X_17_028,Immature Neuron,BCL11B,15,15,Immature Neuron,Neuron,0.20119540393352509,-0.04834333062171936,0.13665354251861572
10X_17_028:GTGTGCGGTTAAGTAGx,10X_17_028,Immature Neuron,BCL11B,15,15,Immature Neuron,Neuron,0.13153906166553497,-0.03597073256969452,0.12517070770263672
10X_17_028:TACACGAAGCAGATCGx,10X_17_028,Immature Neuron,BCL11B,15,15,Immature Neuron,Neuron,0.13978902995586395,0.009778052568435669,0.14397788047790527
10X_17_028:TACAGTGCAGCCTATAx,10X_17_028,Immature Neuron,BCL11B,15,15,Immature Neuron,Neuron,0.1531669646501541,-0.09198930859565735,0.1363084316253662
10X_17_028:TACAGTGGTGAGTATAx,10X_17_028,Neuron,BCL11B,15,15,Immature Neuron,Neuron,0.18417318165302277,-0.016044870018959045,0.13802635669708252
10X_17_028:TACCTTAGTACACCGCx,10X_17_028,Immature Neuron,BCL11B,15,15,Immature Neuron,Neuron,0.10006140172481537,-0.11178958415985107,0.12669885158538818
10X_17_028:TACGGGCTCACAGGCCx,10X_17_028,Neuron,BCL11B,15,15,Immature Neuron,Neuron,0.16710634529590607,0.014140650629997253,0.15050536394119263
10X_17_028:TAAGAGAGTATAGTAGx,10X_17_028,Immature Neuron,BCL11B,15,15,Immature Neuron,Neuron,0.16711966693401337,-0.053702324628829956,0.14529460668563843
10X_17_028:TAAGTGCTCGCATGATx,10X_17_028,Neuron,BCL11B,15,15,Immature Neuron,Neuron,0.2129027098417282,-0.035011664032936096,0.16815567016601562
10X_17_028:TACGGATCAGATCGGAx,10X_17_028,Immature Neuron,BCL11B,15,15,Immature Neuron,Neuron,0.09492619335651398,-0.06578417122364044,0.12923431396484375
10X_17_028:TACCTTATCCGGGTGTx,10X_17_028,Immature Neuron,BCL11B,15,15,Immature Neuron,Neuron,0.1755833774805069,-0.04551583528518677,0.1505223512649536
10X_17_028:TAAGTGCAGAGACTATx,10X_17_028,Immature Neuron,BCL11B,15,15,Immature Neuron,Neuron,0.11485816538333893,-0.04138624668121338,0.12253105640411377
10X_17_028:TACACGAGTTCCACGGx,10X_17_028,Neuron,BCL11B,15,15,Immature Neuron,Neuron,0.19917906820774078,-0.00850076973438263,0.17413830757141113
10X_17_028:TACCTTAAGTCATCCAx,10X_17_028,Immature Neuron,BCL11B,15,15,Immature Neuron,Neuron,0.18412400782108307,-0.010722950100898743,0.11963433027267456
10X_17_028:TACAGTGAGACCCACCx,10X_17_028,Neuron,BCL11B,15,15,Immature Neuron,Neuron,0.19451263546943665,0.0504264235496521,0.13783568143844604
10X_17_028:TAAGTGCAGGATGTATx,10X_17_028,Immature Neuron,BCL11B,15,15,Immature Neuron,Neuron,0.09486547112464905,-0.0762290507555008,0.14119231700897217
10X_17_028:TACTTACAGATGCCAGx,10X_17_028,Immature Neuron,BCL11B,15,15,Immature Neuron,Neuron,0.13366754353046417,0.007302805781364441,0.12278562784194946
10X_17_028:TACTCATTCTTACCTAx,10X_17_028,Immature Neuron,BCL11B,15,15,Immature Neuron,Neuron,0.15181662142276764,-0.003691151738166809,0.13816410303115845
10X_17_028:TACTCGCCAGTACACTx,10X_17_028,Immature Neuron,BCL11B,15,15,Immature Neuron,Neuron,0.10316780209541321,-0.13220122456550598,0.14375197887420654
10X_17_028:TACTTGTCATGATCCAx,10X_17_028,Immature Neuron,BCL11B,15,15,Immature Neuron,Neuron,0.159956157207489,0.04258622229099274,0.11941945552825928
10X_17_028:TACTCATGTAATCACCx,10X_17_028,Immature Neuron,BCL11B,15,15,Immature Neuron,Neuron,0.1267082840204239,-0.05434019863605499,0.14539986848831177
10X_17_028:TAGACCAAGAGTAATCx,10X_17_028,Immature Neuron,BCL11B,15,15,Immature Neuron,Neuron,0.09819000959396362,0.03607581555843353,0.14743924140930176
10X_17_028:TAGACCATCGGCTACGx,10X_17_028,Immature Neuron,BCL11B,15,15,Immature Neuron,Neuron,0.1540120244026184,-0.028184950351715088,0.11578452587127686
10X_17_028:TACTCATAGTGCGTGAx,10X_17_028,Immature Neuron,BCL11B,15,15,Immature Neuron,Neuron,0.16204452514648438,0.006912887096405029,0.1218717098236084
10X_17_028:TACTCGCTCGTAGATCx,10X_17_028,Immature Neuron,BCL11B,15,15,Immature Neuron,Neuron,0.12162929773330688,-0.05710799992084503,0.14380329847335815
10X_17_028:TAGACCAGTAAAGGAGx,10X_17_028,Immature Neuron,BCL11B,15,15,Immature Neuron,Neuron,0.11831042170524597,0.005313798785209656,0.1184302568435669
10X_17_028:TACTCATTCTCGTATTx,10X_17_028,Immature Neuron,BCL11B,15,15,Immature Neuron,Neuron,0.14123111963272095,-0.01853889226913452,0.13097453117370605
10X_17_028:TATGCCCAGAAGATTCx,10X_17_028,Immature Neuron,BCL11B,15,15,Immature Neuron,Neuron,0.16427186131477356,0.029998302459716797,0.12895935773849487
10X_17_028:TAGTGGTTCCAAGCCGx,10X_17_028,Immature Neuron,BCL11B,15,15,Immature Neuron,Neuron,0.13112658262252808,-0.005871117115020752,0.11742037534713745
10X_17_028:TAGCCGGGTTCCAACAx,10X_17_028,Neuron,BCL11B,15,15,Immature Neuron,Neuron,0.18268124759197235,-0.034259989857673645,0.1576763391494751
10X_17_028:TATGCCCGTACAGTGGx,10X_17_028,Immature Neuron,BCL11B,15,15,Immature Neuron,Neuron,0.1079748347401619,-0.04103107750415802,0.14432638883590698
10X_17_028:TATCTCAAGGTGCAACx,10X_17_028,Neuron,BCL11B,15,15,Immature Neuron,Neuron,0.15069885551929474,-0.030683711171150208,0.1440666913986206
10X_17_028:TAGGCATAGATAGGAGx,10X_17_028,Immature Neuron,BCL11B,15,15,Immature Neuron,Neuron,0.1313513070344925,-0.08102637529373169,0.13346898555755615
10X_17_028:TCAGATGCACTTCGAAx,10X_17_028,Immature Neuron,BCL11B,15,15,Immature Neuron,Neuron,0.13166655600070953,-0.041095003485679626,0.14832890033721924
10X_17_028:TCAGGATCAGGACCCTx,10X_17_028,Immature Neuron,BCL11B,15,15,Immature Neuron,Neuron,0.1548672467470169,0.01213178038597107,0.137315034866333
10X_17_028:TCAATCTGTAAGGATTx,10X_17_028,Neuron,BCL11B,15,15,Immature Neuron,Neuron,0.2193300426006317,-0.018457502126693726,0.17396461963653564
10X_17_028:TCAGATGCAGTAACGGx,10X_17_028,Immature Neuron,BCL11B,15,15,Immature Neuron,Neuron,0.14541016519069672,-0.09359630942344666,0.1250208616256714
10X_17_028:TCAGGTACAAGCCGTCx,10X_17_028,Neuron,BCL11B,15,15,Immature Neuron,Neuron,0.17724736034870148,-0.02005666494369507,0.1726154088973999
10X_17_028:TCAATCTTCCAGTAGTx,10X_17_028,Immature Neuron,BCL11B,15,15,Immature Neuron,Neuron,0.10054050385951996,-0.05028018355369568,0.16852229833602905
10X_17_028:TCAGGTACAGCCTTGGx,10X_17_028,Immature Neuron,BCL11B,15,15,Immature Neuron,Neuron,0.12129075825214386,-0.03385372459888458,0.11616885662078857
10X_17_028:TCAGCAAGTACCGTATx,10X_17_028,Immature Neuron,BCL11B,15,15,Immature Neuron,Neuron,0.13955684006214142,-0.014465123414993286,0.13437306880950928
10X_17_028:TCAGGATAGCGAGAAAx,10X_17_028,Immature Neuron,BCL11B,15,15,Immature Neuron,Neuron,0.15205474197864532,-0.04329295456409454,0.17579692602157593
10X_17_028:TCAGGTAGTAAAGTCAx,10X_17_028,Immature Neuron,BCL11B,15,15,Immature Neuron,Neuron,0.13416311144828796,-0.1043359637260437,0.1392613649368286
10X_17_028:TCAGGTAGTATAATGGx,10X_17_028,Neuron,BCL11B,15,15,Immature Neuron,Neuron,0.19989903271198273,-0.04851016402244568,0.1608896255493164
10X_17_028:TCGGGACAGCCACGTCx,10X_17_028,Immature Neuron,BCL11B,15,15,Immature Neuron,Neuron,0.08685286343097687,-0.04808624088764191,0.14211761951446533
10X_17_028:TCCCGATGTACTTAGCx,10X_17_028,Neuron,BCL11B,15,15,Immature Neuron,Neuron,0.11817080527544022,-0.040975287556648254,0.1428011655807495
10X_17_028:TCATTTGGTTCTGAACx,10X_17_028,Immature Neuron,BCL11B,15,15,Immature Neuron,Neuron,0.15811015665531158,-0.054139479994773865,0.11170214414596558
10X_17_028:TCCCGATCATCGATGTx,10X_17_028,Immature Neuron,BCL11B,15,15,Immature Neuron,Neuron,0.1372753083705902,-0.025967970490455627,0.121116042137146
10X_17_028:TCATTACTCTTTAGTCx,10X_17_028,Immature Neuron,BCL11B,15,15,Immature Neuron,Neuron,0.15673191845417023,-0.01582188904285431,0.11935526132583618
10X_17_028:TCCACACTCGTCGTTCx,10X_17_028,Immature Neuron,BCL11B,15,15,Immature Neuron,Neuron,0.13274343311786652,-0.05319109559059143,0.1375960111618042
10X_17_028:TCATTTGTCGTTGACAx,10X_17_028,Immature Neuron,BCL11B,15,15,Immature Neuron,Neuron,0.11097212135791779,-0.07265663146972656,0.13232624530792236
10X_17_028:TCGCGTTGTGCAACTTx,10X_17_028,Immature Neuron,BCL11B,15,15,Immature Neuron,Neuron,0.13365434110164642,-0.05090853571891785,0.1306377649307251
10X_17_028:TCTCTAAGTCCAACTAx,10X_17_028,Neuron,BCL11B,15,15,Immature Neuron,Neuron,0.21109813451766968,0.01733236014842987,0.18113631010055542
10X_17_028:TCTCATAAGCCAGTTTx,10X_17_028,Immature Neuron,BCL11B,15,15,Immature Neuron,Neuron,0.1909671574831009,-0.00925309956073761,0.15126919746398926
10X_17_028:TCTCATACAAGTTAAGx,10X_17_028,Neuron,BCL11B,15,15,Immature Neuron,Neuron,0.1767999678850174,0.02088753879070282,0.16819226741790771
10X_17_028:TCTCTAAAGGGTTTCTx,10X_17_028,Immature Neuron,BCL11B,15,15,Immature Neuron,Neuron,0.14709968864917755,-0.07915470004081726,0.1227114200592041
10X_17_028:TCTGAGATCCCGACTTx,10X_17_028,Neuron,BCL11B,15,15,Immature Neuron,Neuron,0.2391650229692459,-0.04117140173912048,0.18791091442108154
10X_17_028:TCTGAGATCGGAGCAAx,10X_17_028,Immature Neuron,BCL11B,15,15,Immature Neuron,Neuron,0.1310170441865921,-0.010980337858200073,0.10711687803268433
10X_17_028:TCTCTAAAGCCAGTTTx,10X_17_028,Immature Neuron,BCL11B,15,15,Immature Neuron,Neuron,0.13555656373500824,0.007906481623649597,0.12804245948791504
10X_17_028:TCTGGAATCAGCATGTx,10X_17_028,Immature Neuron,BCL11B,15,15,Immature Neuron,Neuron,0.13082559406757355,-0.04522262513637543,0.13800644874572754
10X_17_028:TCTGAGACAAACCTACx,10X_17_028,Neuron,BCL11B,15,15,Immature Neuron,Neuron,0.1869722604751587,-0.008134916424751282,0.19142329692840576
10X_17_028:TCTCTAACACGAAATAx,10X_17_028,Immature Neuron,BCL11B,15,15,Immature Neuron,Neuron,0.1638406664133072,0.0021604299545288086,0.13007140159606934
10X_17_028:TCTGGAACATCATCCCx,10X_17_028,Neuron,BCL11B,15,15,Immature Neuron,Neuron,0.18794424831867218,-0.03469419479370117,0.18378371000289917
10X_17_028:TGAGAGGCAAATACAGx,10X_17_028,Immature Neuron,BCL11B,15,15,Immature Neuron,Neuron,0.1348496526479721,-0.08664974570274353,0.13595819473266602
10X_17_028:TGACAACTCTATGTGGx,10X_17_028,Immature Neuron,BCL11B,15,15,Immature Neuron,Neuron,0.1535920649766922,0.03896121680736542,0.12725543975830078
10X_17_028:TGACGGCCAATGTTGCx,10X_17_028,Immature Neuron,BCL11B,15,15,Immature Neuron,Neuron,0.10323099792003632,-0.0928691178560257,0.14336681365966797
10X_17_028:TGACAACTCTCAAACGx,10X_17_028,Immature Neuron,BCL11B,15,15,Immature Neuron,Neuron,0.15800818800926208,0.05047529935836792,0.10389894247055054
10X_17_028:TGAGAGGAGCGGCTTCx,10X_17_028,Immature Neuron,BCL11B,15,15,Immature Neuron,Neuron,0.1191270500421524,-0.09409184753894806,0.12478280067443848
10X_17_028:TCTTCGGTCTCCCTGAx,10X_17_028,Neuron,BCL11B,15,15,Immature Neuron,Neuron,0.1940736174583435,0.028360888361930847,0.1314852237701416
10X_17_028:TGCCCATCATAGGATAx,10X_17_028,Immature Neuron,BCL11B,15,15,Immature Neuron,Neuron,0.15845385193824768,0.010909736156463623,0.12008392810821533
10X_17_028:TGAGGGATCTGTCTCGx,10X_17_028,Immature Neuron,BCL11B,15,15,Immature Neuron,Neuron,0.13715322315692902,0.01560857892036438,0.12532424926757812
10X_17_028:TGCCAAAAGAGCCCAAx,10X_17_028,Immature Neuron,BCL11B,15,15,Immature Neuron,Neuron,0.11377403140068054,-0.1166578084230423,0.13896667957305908
10X_17_028:TGAGGGACACGTAAGGx,10X_17_028,Neuron,BCL11B,15,15,Immature Neuron,Neuron,0.13328136503696442,-0.067532017827034,0.14395439624786377
10X_17_028:TGAGGGAGTGCTTCTCx,10X_17_028,Neuron,BCL11B,15,15,Immature Neuron,Neuron,0.14437685906887054,-0.030002787709236145,0.14236664772033691
10X_17_028:TGATTTCGTGACGCCTx,10X_17_028,Immature Neuron,BCL11B,15,15,Immature Neuron,Neuron,0.12630347907543182,-0.06974972784519196,0.13469886779785156
10X_17_028:TGAGGGATCGGTCCGAx,10X_17_028,Immature Neuron,BCL11B,15,15,Immature Neuron,Neuron,0.16640706360340118,-0.020683452486991882,0.11797124147415161
10X_17_028:TGAGGGAGTGTAAGTAx,10X_17_028,Immature Neuron,BCL11B,15,15,Immature Neuron,Neuron,0.14553672075271606,-0.06642709672451019,0.12352114915847778
10X_17_028:TGCACCTGTGAGGCTAx,10X_17_028,Neuron,BCL11B,15,15,Immature Neuron,Neuron,0.1451953500509262,-0.012501835823059082,0.13909661769866943
10X_17_028:TGCCAAAAGATGCCAGx,10X_17_028,Immature Neuron,BCL11B,15,15,Immature Neuron,Neuron,0.1442941129207611,-0.05665810406208038,0.13428032398223877
10X_17_028:TGGCCAGCAAACGCGAx,10X_17_028,Immature Neuron,BCL11B,15,15,Immature Neuron,Neuron,0.14724095165729523,-0.03363896906375885,0.10959047079086304
10X_17_028:TGCTACCTCGATGAGGx,10X_17_028,Neuron,BCL11B,15,15,Immature Neuron,Neuron,0.20589619874954224,0.030442535877227783,0.12933790683746338
10X_17_028:TGCGCAGCAACGCACCx,10X_17_028,Immature Neuron,BCL11B,15,15,Immature Neuron,Neuron,0.12593293190002441,-0.030331209301948547,0.10253429412841797
10X_17_028:TGCGTGGGTAGGCATGx,10X_17_028,Immature Neuron,BCL11B,15,15,Immature Neuron,Neuron,0.10312885046005249,-0.08389188349246979,0.1620195508003235
10X_17_028:TGCTACCAGTGCAAGCx,10X_17_028,Immature Neuron,BCL11B,15,15,Immature Neuron,Neuron,0.12481227517127991,0.0013794153928756714,0.12739384174346924
10X_17_028:TGCTGCTAGACTAGATx,10X_17_028,Immature Neuron,BCL11B,15,15,Immature Neuron,Neuron,0.1702023148536682,0.04754525423049927,0.11005610227584839
10X_17_028:TGGGCGTTCTGCAGTAx,10X_17_028,Neuron,BCL11B,15,15,Immature Neuron,Neuron,0.08658786118030548,-0.024717524647712708,0.15897852182388306
10X_17_028:TGGCTGGTCTGTTGAGx,10X_17_028,Immature Neuron,BCL11B,15,15,Immature Neuron,Neuron,0.10682375729084015,-0.05561596155166626,0.12488126754760742
10X_17_028:TGGCGCACATGTTGACx,10X_17_028,Neuron,BCL11B,15,15,Immature Neuron,Neuron,0.13802821934223175,-0.03141924738883972,0.13098597526550293
10X_17_028:TGGGAAGTCAGGCCCAx,10X_17_028,Immature Neuron,BCL11B,15,15,Immature Neuron,Neuron,0.12706533074378967,-0.0704154521226883,0.13618707656860352
10X_17_028:TGGTTCCCATATGGTCx,10X_17_028,Neuron,BCL11B,15,15,Immature Neuron,Neuron,0.15931203961372375,0.007743418216705322,0.16277825832366943
10X_17_028:TGGCGCATCCATTCTAx,10X_17_028,Neuron,BCL11B,15,15,Immature Neuron,Neuron,0.18167759478092194,-0.047581225633621216,0.15152305364608765
10X_17_028:TGTATTCGTTACGTCAx,10X_17_028,Immature Neuron,BCL11B,15,15,Immature Neuron,Neuron,0.16145165264606476,-0.032543376088142395,0.14758217334747314
10X_17_028:TGGGCGTTCACGCATAx,10X_17_028,Neuron,BCL11B,15,15,Immature Neuron,Neuron,0.19674868881702423,-0.017306193709373474,0.15288352966308594
10X_17_028:TGTTCCGGTTTAAGCCx,10X_17_028,Immature Neuron,BCL11B,15,15,Immature Neuron,Neuron,0.13025471568107605,-0.051798537373542786,0.10991895198822021
10X_17_028:TGTGGTATCCTTTCGGx,10X_17_028,Immature Neuron,BCL11B,15,15,Immature Neuron,Neuron,0.1300676017999649,-0.0883752852678299,0.13258683681488037
10X_17_028:TGTTCCGCAGGACCCTx,10X_17_028,Immature Neuron,BCL11B,15,15,Immature Neuron,Neuron,0.15330083668231964,-0.08074016869068146,0.1296006441116333
10X_17_028:TTAGTTCAGAATTGTGx,10X_17_028,Neuron,BCL11B,15,15,Immature Neuron,Neuron,0.14849217236042023,0.0031273216009140015,0.1614915132522583
10X_17_028:TGTGGTATCGCCATAAx,10X_17_028,Immature Neuron,BCL11B,15,15,Immature Neuron,Neuron,0.12021322548389435,-0.09789104759693146,0.1280364990234375
10X_17_028:TTAGTTCAGTACGCCCx,10X_17_028,Immature Neuron,BCL11B,15,15,Immature Neuron,Neuron,0.1500873565673828,0.0030867457389831543,0.1695663332939148
10X_17_028:TGTGTTTCATACCATGx,10X_17_028,Neuron,BCL11B,15,15,Immature Neuron,Neuron,0.15160004794597626,-0.05194927752017975,0.13903194665908813
10X_17_028:TTAGTTCGTCCCTACTx,10X_17_028,Neuron,BCL11B,15,15,Immature Neuron,Neuron,0.20704413950443268,0.011658206582069397,0.17684030532836914
10X_17_028:TTAGGCATCAGTACGTx,10X_17_028,Immature Neuron,BCL11B,15,15,Immature Neuron,Neuron,0.08511364459991455,-0.04763120412826538,0.15324145555496216
10X_17_028:TTCGGTCCATTACCTTx,10X_17_028,Neuron,BCL11B,15,15,Immature Neuron,Neuron,0.1130584180355072,-0.041762784123420715,0.136335551738739
10X_17_028:TTCTCAATCGACCAGCx,10X_17_028,Immature Neuron,BCL11B,15,15,Immature Neuron,Neuron,0.13105399906635284,-0.07522933185100555,0.10879230499267578
10X_17_028:TTCTCAACACCCAGTGx,10X_17_028,Immature Neuron,BCL11B,15,15,Immature Neuron,Neuron,0.17537447810173035,0.008008040487766266,0.17567598819732666
10X_17_028:TTCTCAAGTTTAAGCCx,10X_17_028,Immature Neuron,BCL11B,15,15,Immature Neuron,Neuron,0.18685735762119293,-0.06713148951530457,0.12693607807159424
10X_17_028:TTCTTAGGTTCCCGAGx,10X_17_028,Immature Neuron,BCL11B,15,15,Immature Neuron,Neuron,0.1572224646806717,-0.0048272013664245605,0.11463826894760132
10X_17_028:TTGAACGGTTCGTGATx,10X_17_028,Immature Neuron,BCL11B,15,15,Immature Neuron,Neuron,0.14704807102680206,-0.04027792811393738,0.14132964611053467
10X_17_028:TTGAACGTCGTATCAGx,10X_17_028,Neuron,BCL11B,15,15,Immature Neuron,Neuron,0.19820283353328705,-0.06144009530544281,0.1677769422531128
10X_17_028:TTTACTGGTCGGCACTx,10X_17_028,Immature Neuron,BCL11B,15,15,Immature Neuron,Neuron,0.12723428010940552,-0.06786753237247467,0.12069368362426758
10X_17_028:TTGCCGTTCCTTTCGGx,10X_17_028,Immature Neuron,BCL11B,15,15,Immature Neuron,Neuron,0.11570747196674347,-0.07774963974952698,0.12389642000198364
10X_17_028:TTGCGTCCAAATTGCCx,10X_17_028,Neuron,BCL11B,15,15,Immature Neuron,Neuron,0.1661190390586853,0.005132690072059631,0.15671765804290771
10X_17_028:TTTGTCATCTGCCCTAx,10X_17_028,Neuron,BCL11B,15,15,Immature Neuron,Neuron,0.17991502583026886,0.01961784064769745,0.17506790161132812
10X_17_028:TTTGTCACAGACGCCTx,10X_17_028,Immature Neuron,BCL11B,15,15,Immature Neuron,Neuron,0.16746672987937927,0.05940985679626465,0.15748471021652222
10X_17_028:TTTCCTCTCGACAGCCx,10X_17_028,Immature Neuron,BCL11B,15,15,Immature Neuron,Neuron,0.16010650992393494,0.008927389979362488,0.12797337770462036
10X_17_029:AAACGGGAGATTACCCx,10X_17_029,Neuron,BCL11B,15,15,Immature Neuron,Neuron,0.1501973271369934,-0.004055574536323547,0.1654188632965088
10X_17_029:AAATGCCTCTAACTCTx,10X_17_029,Immature Neuron,BCL11B,15,15,Immature Neuron,Neuron,0.17153452336788177,-0.03462836146354675,0.11520731449127197
10X_17_029:AACACGTAGGTAGCCAx,10X_17_029,Immature Neuron,BCL11B,15,15,Immature Neuron,Neuron,0.1397828459739685,0.021200090646743774,0.11070048809051514
10X_17_029:AACTCTTCAGACAGGTx,10X_17_029,Immature Neuron,BCL11B,15,15,Immature Neuron,Neuron,0.1382548213005066,-0.0044745951890945435,0.10942196846008301
10X_17_029:AACACGTCATTACGACx,10X_17_029,Immature Neuron,BCL11B,15,15,Immature Neuron,Neuron,0.147028386592865,0.02339392900466919,0.1332579255104065
10X_17_029:AAACGGGTCGCTAGCGx,10X_17_029,Immature Neuron,BCL11B,15,15,Immature Neuron,Neuron,0.15784355998039246,0.020608246326446533,0.11774337291717529
10X_17_029:AACTCAGTCACTATTCx,10X_17_029,Immature Neuron,BCL11B,15,15,Immature Neuron,Neuron,0.15347181260585785,-0.060214728116989136,0.12105202674865723
10X_17_029:AAGCCGCGTCCGACGTx,10X_17_029,Immature Neuron,BCL11B,15,15,Immature Neuron,Neuron,0.1513095647096634,-0.002095162868499756,0.11810654401779175
10X_17_029:AATCCAGAGTACATGAx,10X_17_029,Neuron,BCL11B,15,15,Immature Neuron,Neuron,0.1821635216474533,-0.011801928281784058,0.13739240169525146
10X_17_029:ACAGCCGTCTTCGGTCx,10X_17_029,Immature Neuron,BCL11B,15,15,Immature Neuron,Neuron,0.18056650459766388,-0.05011078715324402,0.12713360786437988
10X_17_029:ACAGCCGAGCTGAAATx,10X_17_029,Immature Neuron,BCL11B,15,15,Immature Neuron,Neuron,0.13434846699237823,-0.0646631270647049,0.148551344871521
10X_17_029:AATCCAGCAGACGCTCx,10X_17_029,Immature Neuron,BCL11B,15,15,Immature Neuron,Neuron,0.13968141376972198,-0.016956746578216553,0.1235194206237793
10X_17_029:AAGGAGCCAGATTGCTx,10X_17_029,Neuron,BCL11B,15,15,Immature Neuron,Neuron,0.16494245827198029,0.020493805408477783,0.13243460655212402
10X_17_029:AAGGTTCAGGAGCGTTx,10X_17_029,Immature Neuron,BCL11B,15,15,Immature Neuron,Neuron,0.12969835102558136,-0.08694693446159363,0.11934316158294678
10X_17_029:AAGTCTGAGCAAATCAx,10X_17_029,Immature Neuron,BCL11B,15,15,Immature Neuron,Neuron,0.10054901242256165,-0.07395465672016144,0.12608301639556885
10X_17_029:AAGGCAGCAAGACGTGx,10X_17_029,Neuron,BCL11B,15,15,Immature Neuron,Neuron,0.17204363644123077,-0.0575425922870636,0.15324687957763672
10X_17_029:ACGCCAGAGACAAAGGx,10X_17_029,Immature Neuron,BCL11B,15,15,Immature Neuron,Neuron,0.12581714987754822,0.0027623772621154785,0.12067639827728271
10X_17_029:ACCAGTATCGGTTCGGx,10X_17_029,Immature Neuron,BCL11B,15,15,Immature Neuron,Neuron,0.12123509496450424,-0.03893725574016571,0.1243712306022644
10X_17_029:ACCTTTAAGTATTGGAx,10X_17_029,Immature Neuron,BCL11B,15,15,Immature Neuron,Neuron,0.17937272787094116,-0.03292021155357361,0.13920927047729492
10X_17_029:ACGAGCCCATACGCCGx,10X_17_029,Neuron,BCL11B,15,15,Immature Neuron,Neuron,0.1745510995388031,0.05134940147399902,0.1318383812904358
10X_17_029:ACGATGTGTCTCCACTx,10X_17_029,Immature Neuron,BCL11B,15,15,Immature Neuron,Neuron,0.1508873552083969,0.020616084337234497,0.1480357050895691
10X_17_029:ACCTTTAAGCAGATCGx,10X_17_029,Immature Neuron,BCL11B,15,15,Immature Neuron,Neuron,0.15438874065876007,-0.06825682520866394,0.13764417171478271
10X_17_029:ACGGGTCCATCACGTAx,10X_17_029,Immature Neuron,BCL11B,15,15,Immature Neuron,Neuron,0.15182586014270782,-0.06491872668266296,0.11497914791107178
10X_17_029:ACTTTCACACCCATTCx,10X_17_029,Immature Neuron,BCL11B,15,15,Immature Neuron,Neuron,0.12092028558254242,-0.061229556798934937,0.13182520866394043
10X_17_029:ACTTGTTGTTTGACTGx,10X_17_029,Immature Neuron,BCL11B,15,15,Immature Neuron,Neuron,0.09312751889228821,-0.07341332733631134,0.12235331535339355
10X_17_029:ACTGTCCTCACTTCATx,10X_17_029,Immature Neuron,BCL11B,15,15,Immature Neuron,Neuron,0.1826435625553131,0.05855552852153778,0.15110671520233154
10X_17_029:ACGGGTCTCGACGGAAx,10X_17_029,Neuron,BCL11B,15,15,Immature Neuron,Neuron,0.1828567236661911,-0.03805060684680939,0.14750993251800537
10X_17_029:AGCCTAAAGCGTGAACx,10X_17_029,Neuron,BCL11B,15,15,Immature Neuron,Neuron,0.17737098038196564,-0.007238507270812988,0.16914880275726318
10X_17_029:AGCGTATGTATAGGGCx,10X_17_029,Immature Neuron,BCL11B,15,15,Immature Neuron,Neuron,0.14167629182338715,-0.04301971197128296,0.13316011428833008
10X_17_029:AGCGTATGTGACAAATx,10X_17_029,Immature Neuron,BCL11B,15,15,Immature Neuron,Neuron,0.12463422119617462,-0.05312855541706085,0.13407176733016968
10X_17_029:AGATTGCTCCTACAGAx,10X_17_029,Immature Neuron,BCL11B,15,15,Immature Neuron,Neuron,0.1250675469636917,-0.026981860399246216,0.12651050090789795
10X_17_029:AGCGTCGCACTCGACGx,10X_17_029,Immature Neuron,BCL11B,15,15,Immature Neuron,Neuron,0.1807144433259964,-0.027941420674324036,0.10978043079376221
10X_17_029:AGCAGCCAGTCTCGGCx,10X_17_029,Immature Neuron,BCL11B,15,15,Immature Neuron,Neuron,0.1397845447063446,-0.07456715404987335,0.13244372606277466
10X_17_029:AGATTGCTCCGAGCCAx,10X_17_029,Immature Neuron,BCL11B,15,15,Immature Neuron,Neuron,0.11842814087867737,-0.009911596775054932,0.12626546621322632
10X_17_029:AGCCTAACATGGGACAx,10X_17_029,Immature Neuron,BCL11B,15,15,Immature Neuron,Neuron,0.15560992062091827,-0.05471225082874298,0.11487025022506714
10X_17_029:AGACGTTAGATGGCGTx,10X_17_029,Immature Neuron,BCL11B,15,15,Immature Neuron,Neuron,0.11892491579055786,-0.026755988597869873,0.13197118043899536
10X_17_029:AGCATACCAATGAAACx,10X_17_029,Neuron,BCL11B,15,15,Immature Neuron,Neuron,0.1910019814968109,-0.030790477991104126,0.17424273490905762
10X_17_029:AGCTCCTAGAAACCTAx,10X_17_029,Neuron,BCL11B,15,15,Immature Neuron,Neuron,0.1883748322725296,0.04156880080699921,0.17168307304382324
10X_17_029:AGCAGCCAGCCATCGCx,10X_17_029,Neuron,BCL11B,15,15,Immature Neuron,Neuron,0.19676418602466583,-0.029142558574676514,0.14919036626815796
10X_17_029:AGCTCCTCATGGGACAx,10X_17_029,Immature Neuron,BCL11B,15,15,Immature Neuron,Neuron,0.14229945838451385,-0.03102099895477295,0.1397390365600586
10X_17_029:AGGGTGAAGCGCTTATx,10X_17_029,Neuron,BCL11B,15,15,Immature Neuron,Neuron,0.16572578251361847,-0.034513190388679504,0.1420811414718628
10X_17_029:AGGGTGACAATGGACGx,10X_17_029,Immature Neuron,BCL11B,15,15,Immature Neuron,Neuron,0.10344311594963074,-0.07041560113430023,0.13600999116897583
10X_17_029:AGGTCATGTTGGTTTGx,10X_17_029,Immature Neuron,BCL11B,15,15,Immature Neuron,Neuron,0.13801051676273346,-0.0312618762254715,0.15584200620651245
10X_17_029:AGCTCTCGTAAGTGGCx,10X_17_029,Immature Neuron,BCL11B,15,15,Immature Neuron,Neuron,0.12257394194602966,-0.05498714745044708,0.12452149391174316
10X_17_029:AGGGATGAGTCATGCTx,10X_17_029,Neuron,BCL11B,15,15,Immature Neuron,Neuron,0.20059390366077423,0.0014712810516357422,0.15277761220932007
10X_17_029:AGGGATGTCTTGAGGTx,10X_17_029,Immature Neuron,BCL11B,15,15,Immature Neuron,Neuron,0.0953730046749115,-0.11081631481647491,0.13603049516677856
10X_17_029:AGGGAGTGTCACAAGGx,10X_17_029,Immature Neuron,BCL11B,15,15,Immature Neuron,Neuron,0.12248688191175461,-0.12697336077690125,0.12407898902893066
10X_17_029:AGGTCCGAGTCCAGGAx,10X_17_029,Immature Neuron,BCL11B,15,15,Immature Neuron,Neuron,0.14513956010341644,-0.05301894247531891,0.11401236057281494
10X_17_029:AGTGAGGAGAACTCGGx,10X_17_029,Immature Neuron,BCL11B,15,15,Immature Neuron,Neuron,0.15566927194595337,-0.11087018251419067,0.1392766237258911
10X_17_029:AGGCCACGTGACGCCTx,10X_17_029,Neuron,BCL11B,15,15,Immature Neuron,Neuron,0.20389124751091003,0.06057924032211304,0.13911783695220947
10X_17_029:AGTGTCAGTTCGCTAAx,10X_17_029,Immature Neuron,BCL11B,15,15,Immature Neuron,Neuron,0.13209451735019684,-0.022355347871780396,0.12586963176727295
10X_17_029:AGTTGGTGTCTAGAGGx,10X_17_029,Immature Neuron,BCL11B,15,15,Immature Neuron,Neuron,0.14341410994529724,-0.018873661756515503,0.10985374450683594
10X_17_029:ATAAGAGAGTCTTGCAx,10X_17_029,Immature Neuron,BCL11B,15,15,Immature Neuron,Neuron,0.19385413825511932,-0.05381883680820465,0.11996030807495117
10X_17_029:ATAAGAGTCTACCAGAx,10X_17_029,Immature Neuron,BCL11B,15,15,Immature Neuron,Neuron,0.14344441890716553,-0.01666015386581421,0.13280630111694336
10X_17_029:ATGCGATAGACTTTCGx,10X_17_029,Immature Neuron,BCL11B,15,15,Immature Neuron,Neuron,0.15296465158462524,-0.005907222628593445,0.13862013816833496
10X_17_029:ATCTGCCAGTCTCCTCx,10X_17_029,Immature Neuron,BCL11B,15,15,Immature Neuron,Neuron,0.17834347486495972,-0.056186407804489136,0.13954293727874756
10X_17_029:AGTGTCAGTCCGCTGAx,10X_17_029,Immature Neuron,BCL11B,15,15,Immature Neuron,Neuron,0.10461015999317169,-0.06209464371204376,0.11841785907745361
10X_17_029:ATAACGCGTCGAACAGx,10X_17_029,Immature Neuron,BCL11B,15,15,Immature Neuron,Neuron,0.1382094770669937,-0.08783325552940369,0.13126850128173828
10X_17_029:ATCATGGCACCTGGTGx,10X_17_029,Neuron,BCL11B,15,15,Immature Neuron,Neuron,0.18488691747188568,0.0027543753385543823,0.1580350399017334
10X_17_029:ATCATCTTCCCAGGTGx,10X_17_029,Neuron,BCL11B,15,15,Immature Neuron,Neuron,0.17795315384864807,0.03407818078994751,0.14112913608551025
10X_17_029:ATAGACCTCATGCTCCx,10X_17_029,Immature Neuron,BCL11B,15,15,Immature Neuron,Neuron,0.15004457533359528,-0.037281110882759094,0.1314030885696411
10X_17_029:ATCTGCCAGCTCAACTx,10X_17_029,Immature Neuron,BCL11B,15,15,Immature Neuron,Neuron,0.18784721195697784,-0.08370453119277954,0.13507741689682007
10X_17_029:ATTCTACTCTCTAGGAx,10X_17_029,Immature Neuron,BCL11B,15,15,Immature Neuron,Neuron,0.18906550109386444,-0.04777306318283081,0.11576318740844727
10X_17_029:CAACCTCCACGTAAGGx,10X_17_029,Immature Neuron,BCL11B,15,15,Immature Neuron,Neuron,0.12982791662216187,-0.04590386152267456,0.14177334308624268
10X_17_029:ATTTCTGGTCGGCTCAx,10X_17_029,Neuron,BCL11B,15,15,Immature Neuron,Neuron,0.18742923438549042,-0.05603322386741638,0.162733793258667
10X_17_029:ATGGGAGGTTTGTGTGx,10X_17_029,Immature Neuron,BCL11B,15,15,Immature Neuron,Neuron,0.12349958717823029,-0.05992408096790314,0.16169536113739014
10X_17_029:CACAAACCACTATCTTx,10X_17_029,Neuron,BCL11B,15,15,Immature Neuron,Neuron,0.17555198073387146,0.06186586618423462,0.1321210265159607
10X_17_029:ATTACTCCATTCGACAx,10X_17_029,Immature Neuron,BCL11B,15,15,Immature Neuron,Neuron,0.14581364393234253,0.01570086181163788,0.1335124969482422
10X_17_029:CAACCAACAGGCGATAx,10X_17_029,Immature Neuron,BCL11B,15,15,Immature Neuron,Neuron,0.17223860323429108,-0.012978389859199524,0.12817782163619995
10X_17_029:CAAGGCCAGGTGCTAGx,10X_17_029,Immature Neuron,BCL11B,15,15,Immature Neuron,Neuron,0.14016708731651306,0.03334289789199829,0.11505913734436035
10X_17_029:CAGAGAGCATCGGACCx,10X_17_029,Immature Neuron,BCL11B,15,15,Immature Neuron,Neuron,0.17216424643993378,-0.06972989439964294,0.12522757053375244
10X_17_029:CACCTTGCAGGTTTCAx,10X_17_029,Immature Neuron,BCL11B,15,15,Immature Neuron,Neuron,0.13028427958488464,-0.029396146535873413,0.14535075426101685
10X_17_029:CAGCAGCGTACCGCTGx,10X_17_029,Immature Neuron,BCL11B,15,15,Immature Neuron,Neuron,0.09660203754901886,-0.11005410552024841,0.11805546283721924
10X_17_029:CACACCTCACACCGCAx,10X_17_029,Neuron,BCL11B,15,15,Immature Neuron,Neuron,0.17714227735996246,-0.018018797039985657,0.1364225149154663
10X_17_029:CACACAAGTGTCTGATx,10X_17_029,Neuron,BCL11B,15,15,Immature Neuron,Neuron,0.20139510929584503,-0.007188871502876282,0.19397252798080444
10X_17_029:CACCACTCACCAACCGx,10X_17_029,Immature Neuron,BCL11B,15,15,Immature Neuron,Neuron,0.1484655886888504,-0.022356659173965454,0.14907264709472656
10X_17_029:CACACAACAAGCCCACx,10X_17_029,Neuron,BCL11B,15,15,Immature Neuron,Neuron,0.1736031174659729,-0.0033706873655319214,0.14801186323165894
10X_17_029:CAGCAGCCACCGAAAGx,10X_17_029,Immature Neuron,BCL11B,15,15,Immature Neuron,Neuron,0.13703808188438416,-0.08183053135871887,0.13219916820526123
10X_17_029:CACTCCAGTGAACCTTx,10X_17_029,Neuron,BCL11B,15,15,Immature Neuron,Neuron,0.23657222092151642,0.0036394894123077393,0.1713239550590515
10X_17_029:CAGATCATCATCGGATx,10X_17_029,Immature Neuron,BCL11B,15,15,Immature Neuron,Neuron,0.1522587239742279,-0.03859277069568634,0.11781191825866699
10X_17_029:CACACCTTCTCGCATCx,10X_17_029,Neuron,BCL11B,15,15,Immature Neuron,Neuron,0.17596884071826935,-0.018257632851600647,0.14947307109832764
10X_17_029:CACATAGAGCCTTGATx,10X_17_029,Neuron,BCL11B,15,15,Immature Neuron,Neuron,0.14310593903064728,-0.010953322052955627,0.13841652870178223
10X_17_029:CAGAATCGTCACAAGGx,10X_17_029,Immature Neuron,BCL11B,15,15,Immature Neuron,Neuron,0.17037925124168396,0.013589203357696533,0.1217120885848999
10X_17_029:CACACAACAGATGGCAx,10X_17_029,Immature Neuron,BCL11B,15,15,Immature Neuron,Neuron,0.15612120926380157,-0.030636146664619446,0.1102716326713562
10X_17_029:CAGCTAACAAATACAGx,10X_17_029,Immature Neuron,BCL11B,15,15,Immature Neuron,Neuron,0.18095387518405914,-0.10407289862632751,0.14111244678497314
10X_17_029:CATATTCCAGTAACGGx,10X_17_029,Immature Neuron,BCL11B,15,15,Immature Neuron,Neuron,0.14391693472862244,-0.08186456561088562,0.12525135278701782
10X_17_029:CAGTAACTCAACCATGx,10X_17_029,Immature Neuron,BCL11B,15,15,Immature Neuron,Neuron,0.15368612110614777,0.00473746657371521,0.12478268146514893
10X_17_029:CAGCGACAGCGATAGCx,10X_17_029,Neuron,BCL11B,15,15,Immature Neuron,Neuron,0.19559353590011597,0.05883096158504486,0.16432321071624756
10X_17_029:CAGTCCTTCCAAACTGx,10X_17_029,Immature Neuron,BCL11B,15,15,Immature Neuron,Neuron,0.18369384109973907,0.041426680982112885,0.17555665969848633
10X_17_029:CATATTCCATGACATCx,10X_17_029,Immature Neuron,BCL11B,15,15,Immature Neuron,Neuron,0.15825097262859344,-0.09205952286720276,0.11602121591567993
10X_17_029:CAGGTGCAGACTACAAx,10X_17_029,Neuron,BCL11B,15,15,Immature Neuron,Neuron,0.19966095685958862,0.05606411397457123,0.1775825023651123
10X_17_029:CAGGTGCGTACTCGCGx,10X_17_029,Neuron,BCL11B,15,15,Immature Neuron,Neuron,0.17320872843265533,0.03849133849143982,0.14806413650512695
10X_17_029:CATCAAGCATGTCGATx,10X_17_029,Immature Neuron,BCL11B,15,15,Immature Neuron,Neuron,0.1552380919456482,0.019581139087677002,0.10537725687026978
10X_17_029:CATATTCCAGGAATCGx,10X_17_029,Immature Neuron,BCL11B,15,15,Immature Neuron,Neuron,0.1599394679069519,-0.03761175274848938,0.11377328634262085
10X_17_029:CAGCTAATCTTGAGACx,10X_17_029,Immature Neuron,BCL11B,15,15,Immature Neuron,Neuron,0.16116051375865936,-0.07726210355758667,0.12101900577545166
10X_17_029:CAGCGACCAACTGGCCx,10X_17_029,Neuron,BCL11B,15,15,Immature Neuron,Neuron,0.1537940502166748,0.00885707139968872,0.1593807339668274
10X_17_029:CAGTAACTCACCAGGCx,10X_17_029,Immature Neuron,BCL11B,15,15,Immature Neuron,Neuron,0.12230884283781052,-0.04434601962566376,0.16270089149475098
10X_17_029:CATCAGATCGGAGGTAx,10X_17_029,Neuron,BCL11B,15,15,Immature Neuron,Neuron,0.12595903873443604,-0.08388069272041321,0.1526203155517578
10X_17_029:CCACGGAAGGGTCTCCx,10X_17_029,Immature Neuron,BCL11B,15,15,Immature Neuron,Neuron,0.16219595074653625,-0.024935558438301086,0.13081806898117065
10X_17_029:CATTATCAGCAGACTGx,10X_17_029,Immature Neuron,BCL11B,15,15,Immature Neuron,Neuron,0.17057746648788452,0.035565316677093506,0.128334641456604
10X_17_029:CATGCCTGTTTAAGCCx,10X_17_029,Immature Neuron,BCL11B,15,15,Immature Neuron,Neuron,0.20740565657615662,0.014805585145950317,0.15619492530822754
10X_17_029:CATCAGAAGCGTTTACx,10X_17_029,Neuron,BCL11B,15,15,Immature Neuron,Neuron,0.20276100933551788,-0.0073225051164627075,0.18098121881484985
10X_17_029:CCAATCCAGTTGAGATx,10X_17_029,Neuron,BCL11B,15,15,Immature Neuron,Neuron,0.1510893702507019,0.0017928779125213623,0.1256272792816162
10X_17_029:CATTCGCCACTTACGAx,10X_17_029,Neuron,BCL11B,15,15,Immature Neuron,Neuron,0.16855542361736298,0.0320855975151062,0.16061747074127197
10X_17_029:CCAATCCCAGGAACGTx,10X_17_029,Neuron,BCL11B,15,15,Immature Neuron,Neuron,0.15812797844409943,-0.00022388994693756104,0.11777514219284058
10X_17_029:CATGGCGGTCCAGTATx,10X_17_029,Immature Neuron,BCL11B,15,15,Immature Neuron,Neuron,0.13491946458816528,-0.025051146745681763,0.14015990495681763
10X_17_029:CCACTACGTGATGTCTx,10X_17_029,Immature Neuron,BCL11B,15,15,Immature Neuron,Neuron,0.1423652172088623,0.011902153491973877,0.11386394500732422
10X_17_029:CCGTTCATCGGATGTTx,10X_17_029,Immature Neuron,BCL11B,15,15,Immature Neuron,Neuron,0.12642031908035278,-0.03883334994316101,0.1414250135421753
10X_17_029:CCCAATCAGACTACAAx,10X_17_029,Immature Neuron,BCL11B,15,15,Immature Neuron,Neuron,0.15099681913852692,-0.005549013614654541,0.12406951189041138
10X_17_029:CCCTCCTAGCACCGCTx,10X_17_029,Immature Neuron,BCL11B,15,15,Immature Neuron,Neuron,0.2025619000196457,-0.04880043864250183,0.13258081674575806
10X_17_029:CCCTCCTTCATGCTCCx,10X_17_029,Neuron,BCL11B,15,15,Immature Neuron,Neuron,0.2838825583457947,-0.01830148696899414,0.18383002281188965
10X_17_029:CCGTTCATCCGCATCTx,10X_17_029,Immature Neuron,BCL11B,15,15,Immature Neuron,Neuron,0.15441575646400452,-0.00887233018875122,0.11959034204483032
10X_17_029:CCATTCGCAAAGCGGTx,10X_17_029,Immature Neuron,BCL11B,15,15,Immature Neuron,Neuron,0.12282271683216095,-0.10831457376480103,0.12288320064544678
10X_17_029:CCGTACTAGATGTGGCx,10X_17_029,Immature Neuron,BCL11B,15,15,Immature Neuron,Neuron,0.1081286370754242,-0.039515212178230286,0.11582720279693604
10X_17_029:CCATGTCGTACTTAGCx,10X_17_029,Immature Neuron,BCL11B,15,15,Immature Neuron,Neuron,0.1483239084482193,-0.09896045923233032,0.12957876920700073
10X_17_029:CCCATACTCCCGGATGx,10X_17_029,Immature Neuron,BCL11B,15,15,Immature Neuron,Neuron,0.11890490353107452,-0.032866910099983215,0.1216130256652832
10X_17_029:CCCTCCTGTCTCATCCx,10X_17_029,Neuron,BCL11B,15,15,Immature Neuron,Neuron,0.2152799814939499,0.004795774817466736,0.16388118267059326
10X_17_029:CGAATGTAGTTCGATCx,10X_17_029,Neuron,BCL11B,15,15,Immature Neuron,Neuron,0.19077004492282867,-0.04430566728115082,0.15060806274414062
10X_17_029:CGATCGGGTACGCACCx,10X_17_029,Immature Neuron,BCL11B,15,15,Immature Neuron,Neuron,0.15362556278705597,-0.040035754442214966,0.13636279106140137
10X_17_029:CCTCAGTTCAGTCCCTx,10X_17_029,Immature Neuron,BCL11B,15,15,Immature Neuron,Neuron,0.17761997878551483,0.004709690809249878,0.13222777843475342
10X_17_029:CCTAGCTGTGAGTATAx,10X_17_029,Immature Neuron,BCL11B,15,15,Immature Neuron,Neuron,0.11904935538768768,0.007477596402168274,0.14056527614593506
10X_17_029:CGAATGTAGTTCGCATx,10X_17_029,Immature Neuron,BCL11B,15,15,Immature Neuron,Neuron,0.14235106110572815,0.03589634597301483,0.13499444723129272
10X_17_029:CGAATGTAGACTAGATx,10X_17_029,Immature Neuron,BCL11B,15,15,Immature Neuron,Neuron,0.1851894110441208,-0.04791542887687683,0.12433767318725586
10X_17_029:CGAGCCACATAAAGGTx,10X_17_029,Immature Neuron,BCL11B,15,15,Immature Neuron,Neuron,0.14906615018844604,0.0028705745935440063,0.12619805335998535
10X_17_029:CCTTCCCGTCCGACGTx,10X_17_029,Immature Neuron,BCL11B,15,15,Immature Neuron,Neuron,0.1340162307024002,-0.05942602455615997,0.11719173192977905
10X_17_029:CGAGCACAGATCGATAx,10X_17_029,Immature Neuron,BCL11B,15,15,Immature Neuron,Neuron,0.13585327565670013,-0.09191350638866425,0.11617660522460938
10X_17_029:CGACTTCGTTTACTCTx,10X_17_029,Immature Neuron,BCL11B,15,15,Immature Neuron,Neuron,0.17310114204883575,0.016083866357803345,0.1232801079750061
10X_17_029:CCTTCGATCCAAACTGx,10X_17_029,Neuron,BCL11B,15,15,Immature Neuron,Neuron,0.19722728431224823,-0.04683287441730499,0.16658473014831543
10X_17_029:CCTTCCCAGAATCTCCx,10X_17_029,Neuron,BCL11B,15,15,Immature Neuron,Neuron,0.28377383947372437,-0.006717875599861145,0.1940830945968628
10X_17_029:CGACTTCCATAAAGGTx,10X_17_029,Immature Neuron,BCL11B,15,15,Immature Neuron,Neuron,0.14675140380859375,0.048320069909095764,0.14163720607757568
10X_17_029:CGAGAAGTCCTATTCAx,10X_17_029,Neuron,BCL11B,15,15,Immature Neuron,Neuron,0.21465332806110382,-0.03341539204120636,0.16763830184936523
10X_17_029:CGATCGGAGAGACTATx,10X_17_029,Immature Neuron,BCL11B,15,15,Immature Neuron,Neuron,0.13381537795066833,-0.07684363424777985,0.12376224994659424
10X_17_029:CGAGAAGGTGACTACTx,10X_17_029,Immature Neuron,BCL11B,15,15,Immature Neuron,Neuron,0.16214460134506226,-0.013472497463226318,0.12485730648040771
10X_17_029:CGAACATTCGCGCCAAx,10X_17_029,Immature Neuron,BCL11B,15,15,Immature Neuron,Neuron,0.1580001711845398,-0.021304085850715637,0.1107780933380127
10X_17_029:CGAGAAGAGCCCAGCTx,10X_17_029,Neuron,BCL11B,15,15,Immature Neuron,Neuron,0.13813865184783936,-0.06962516903877258,0.12674224376678467
10X_17_029:CGATCGGTCGTCACGGx,10X_17_029,Immature Neuron,BCL11B,15,15,Immature Neuron,Neuron,0.1304730772972107,-0.012135535478591919,0.1057165265083313
10X_17_029:CGCTGGAAGGCAGTCAx,10X_17_029,Immature Neuron,BCL11B,15,15,Immature Neuron,Neuron,0.14786621928215027,0.018096327781677246,0.10833412408828735
10X_17_029:CGGACTGGTGGTCTCGx,10X_17_029,Neuron,BCL11B,15,15,Immature Neuron,Neuron,0.1456303596496582,0.00710684061050415,0.115631103515625
10X_17_029:CGCCAAGCATGACGGAx,10X_17_029,Neuron,BCL11B,15,15,Immature Neuron,Neuron,0.14864876866340637,-0.05287940800189972,0.1370481252670288
10X_17_029:CGATGGCTCCAAACTGx,10X_17_029,Immature Neuron,BCL11B,15,15,Immature Neuron,Neuron,0.1517019271850586,0.030992627143859863,0.11802500486373901
10X_17_029:CGCGTTTTCTTCGGTCx,10X_17_029,Immature Neuron,BCL11B,15,15,Immature Neuron,Neuron,0.18042497336864471,-0.03185948729515076,0.1336301565170288
10X_17_029:CGCTGGACATTGGTACx,10X_17_029,Neuron,BCL11B,15,15,Immature Neuron,Neuron,0.17855042219161987,0.05179961025714874,0.15599751472473145
10X_17_029:CGTCACTCAATGTAAGx,10X_17_029,Immature Neuron,BCL11B,15,15,Immature Neuron,Neuron,0.15941496193408966,-0.0486878901720047,0.11525768041610718
10X_17_029:CGGTTAAAGCAGACTGx,10X_17_029,Neuron,BCL11B,15,15,Immature Neuron,Neuron,0.19205670058727264,-0.048554033041000366,0.1539183259010315
10X_17_029:CGTGTAACAGTAACGGx,10X_17_029,Immature Neuron,BCL11B,15,15,Immature Neuron,Neuron,0.13992004096508026,-0.05231434106826782,0.11953037977218628
10X_17_029:CGTTCTGAGCGGCTTCx,10X_17_029,Immature Neuron,BCL11B,15,15,Immature Neuron,Neuron,0.1578441709280014,-0.006204560399055481,0.14778703451156616
10X_17_029:CGGGTCAAGCAGCCTCx,10X_17_029,Immature Neuron,BCL11B,15,15,Immature Neuron,Neuron,0.1274682730436325,-0.08316262066364288,0.15806156396865845
10X_17_029:CGTAGCGGTTTAGCTGx,10X_17_029,Immature Neuron,BCL11B,15,15,Immature Neuron,Neuron,0.13038547337055206,-0.1337619572877884,0.14536547660827637
10X_17_029:CGTGTCTCAGCTCGACx,10X_17_029,Immature Neuron,BCL11B,15,15,Immature Neuron,Neuron,0.09053118526935577,-0.050748392939567566,0.12922519445419312
10X_17_029:CGTCTACGTCCGAGTCx,10X_17_029,Neuron,BCL11B,15,15,Immature Neuron,Neuron,0.14609061181545258,-0.0016791224479675293,0.14346885681152344
10X_17_029:CGTTAGATCGTTACAGx,10X_17_029,Immature Neuron,BCL11B,15,15,Immature Neuron,Neuron,0.13460509479045868,-0.01743564009666443,0.11989349126815796
10X_17_029:CGTCACTTCCTACAGAx,10X_17_029,Immature Neuron,BCL11B,15,15,Immature Neuron,Neuron,0.15388280153274536,-0.004107832908630371,0.10763156414031982
10X_17_029:CGTGTCTCAGACGCCTx,10X_17_029,Immature Neuron,BCL11B,15,15,Immature Neuron,Neuron,0.11668340861797333,-0.13896293938159943,0.13574284315109253
10X_17_029:CTCCTAGCACGACGAAx,10X_17_029,Immature Neuron,BCL11B,15,15,Immature Neuron,Neuron,0.10795605182647705,-0.09544414281845093,0.13090646266937256
10X_17_029:CTACGTCTCAGTTTGGx,10X_17_029,Immature Neuron,BCL11B,15,15,Immature Neuron,Neuron,0.11774618923664093,-0.09355457127094269,0.12046730518341064
10X_17_029:CTACATTAGGATGGAAx,10X_17_029,Immature Neuron,BCL11B,15,15,Immature Neuron,Neuron,0.12274129688739777,-0.08197851479053497,0.1300901174545288
10X_17_029:CTCACACAGTAATCCCx,10X_17_029,Immature Neuron,BCL11B,15,15,Immature Neuron,Neuron,0.168117955327034,-0.04167294502258301,0.1340903639793396
10X_17_029:CTAGTGATCAAACAAGx,10X_17_029,Neuron,BCL11B,15,15,Immature Neuron,Neuron,0.18693076074123383,-0.023649781942367554,0.12760615348815918
10X_17_029:CTACACCAGACACGACx,10X_17_029,Immature Neuron,BCL11B,15,15,Immature Neuron,Neuron,0.1565890908241272,-0.0011523663997650146,0.14195388555526733
10X_17_029:CTAAGACGTACCGTATx,10X_17_029,Immature Neuron,BCL11B,15,15,Immature Neuron,Neuron,0.15095201134681702,0.025042712688446045,0.11736303567886353
10X_17_029:CTCATTAAGTACGCCCx,10X_17_029,Neuron,BCL11B,15,15,Immature Neuron,Neuron,0.2107110470533371,-0.04975488781929016,0.16419821977615356
10X_17_029:CTAACTTTCCTCCTAGx,10X_17_029,Immature Neuron,BCL11B,15,15,Immature Neuron,Neuron,0.18756060302257538,-0.05469128489494324,0.13237696886062622
10X_17_029:CTCGGAGAGTGAAGAGx,10X_17_029,Neuron,BCL11B,15,15,Immature Neuron,Neuron,0.14453686773777008,-0.035731106996536255,0.15081655979156494
10X_17_029:CTGAAGTTCAGGCAAGx,10X_17_029,Immature Neuron,BCL11B,15,15,Immature Neuron,Neuron,0.12437044084072113,-0.05481620132923126,0.131730854511261
10X_17_029:CTCGAAATCGCCATAAx,10X_17_029,Immature Neuron,BCL11B,15,15,Immature Neuron,Neuron,0.12669308483600616,-0.03540915250778198,0.1271551251411438
10X_17_029:CTCTGGTCACGAAACGx,10X_17_029,Immature Neuron,BCL11B,15,15,Immature Neuron,Neuron,0.12219816446304321,-0.023972511291503906,0.12224328517913818
10X_17_029:CTGATCCCATTTCAGGx,10X_17_029,Neuron,BCL11B,15,15,Immature Neuron,Neuron,0.10376684367656708,0.012863628566265106,0.16122806072235107
10X_17_029:CTCTAATTCCCATTATx,10X_17_029,Immature Neuron,BCL11B,15,15,Immature Neuron,Neuron,0.1433761864900589,-0.006634250283241272,0.12940239906311035
10X_17_029:CTGATCCAGTACGTAAx,10X_17_029,Immature Neuron,BCL11B,15,15,Immature Neuron,Neuron,0.13575153052806854,-0.027631714940071106,0.11658275127410889
10X_17_029:CTCTACGAGGGCTCTCx,10X_17_029,Immature Neuron,BCL11B,15,15,Immature Neuron,Neuron,0.1324833184480667,-0.02099214494228363,0.10626882314682007
10X_17_029:CTCGAGGGTGACCAAGx,10X_17_029,Immature Neuron,BCL11B,15,15,Immature Neuron,Neuron,0.16108065843582153,0.026298701763153076,0.11082309484481812
10X_17_029:CTGCCTAAGTTAAGTGx,10X_17_029,Immature Neuron,BCL11B,15,15,Immature Neuron,Neuron,0.1739692986011505,0.03973540663719177,0.12677937746047974
10X_17_029:CTTAGGATCTTGTACTx,10X_17_029,Immature Neuron,BCL11B,15,15,Immature Neuron,Neuron,0.18170367181301117,-0.051495105028152466,0.11015886068344116
10X_17_029:GAAATGATCGTTTATCx,10X_17_029,Immature Neuron,BCL11B,15,15,Immature Neuron,Neuron,0.15123839676380157,-0.027026861906051636,0.1345764398574829
10X_17_029:CTGCGGATCATACGGTx,10X_17_029,Immature Neuron,BCL11B,15,15,Immature Neuron,Neuron,0.1378656029701233,-0.018217608332633972,0.1350475549697876
10X_17_029:GAACCTAAGCGGATCAx,10X_17_029,Immature Neuron,BCL11B,15,15,Immature Neuron,Neuron,0.1577623337507248,-0.09360003471374512,0.11603635549545288
10X_17_029:CTTTGCGCATCAGTCAx,10X_17_029,Immature Neuron,BCL11B,15,15,Immature Neuron,Neuron,0.17179782688617706,-0.07011626660823822,0.12377649545669556
10X_17_029:CTTAGGACAAAGAATCx,10X_17_029,Immature Neuron,BCL11B,15,15,Immature Neuron,Neuron,0.14999064803123474,-0.05122622847557068,0.14550137519836426
10X_17_029:GAACATCTCATTGCCCx,10X_17_029,Immature Neuron,BCL11B,15,15,Immature Neuron,Neuron,0.11105956137180328,-0.06705448031425476,0.15609019994735718
10X_17_029:GAAACTCTCGCAAACTx,10X_17_029,Immature Neuron,BCL11B,15,15,Immature Neuron,Neuron,0.14774437248706818,-0.018296539783477783,0.12764883041381836
10X_17_029:GAAACTCTCGGATGGAx,10X_17_029,Immature Neuron,BCL11B,15,15,Immature Neuron,Neuron,0.14759117364883423,-0.10772046446800232,0.12653273344039917
10X_17_029:CTGTGCTAGTCCCACGx,10X_17_029,Neuron,BCL11B,15,15,Immature Neuron,Neuron,0.20621632039546967,-0.0451233834028244,0.1409010887145996
10X_17_029:CTGCGGAGTACACCGCx,10X_17_029,Neuron,BCL11B,15,15,Immature Neuron,Neuron,0.1517399102449417,0.0008783340454101562,0.15868937969207764
10X_17_029:GAACATCTCAGAGCTTx,10X_17_029,Immature Neuron,BCL11B,15,15,Immature Neuron,Neuron,0.16261525452136993,-0.06840774416923523,0.13221365213394165
10X_17_029:CTTAACTAGGTGATATx,10X_17_029,Neuron,BCL11B,15,15,Immature Neuron,Neuron,0.15863116085529327,-0.01643909513950348,0.15242868661880493
10X_17_029:GAAATGAAGCCCAACCx,10X_17_029,Immature Neuron,BCL11B,15,15,Immature Neuron,Neuron,0.1311267763376236,-0.035718634724617004,0.1384873390197754
10X_17_029:GAACCTAGTTCAACCAx,10X_17_029,Immature Neuron,BCL11B,15,15,Immature Neuron,Neuron,0.18313881754875183,0.04994267225265503,0.12410104274749756
10X_17_029:GAACCTAAGGAGCGAGx,10X_17_029,Neuron,BCL11B,15,15,Immature Neuron,Neuron,0.13495583832263947,-0.05998821556568146,0.1495400071144104
10X_17_029:GACCAATAGTACGCGAx,10X_17_029,Immature Neuron,BCL11B,15,15,Immature Neuron,Neuron,0.12934471666812897,-0.02597731351852417,0.12549424171447754
10X_17_029:GACCAATAGAACTGTAx,10X_17_029,Immature Neuron,BCL11B,15,15,Immature Neuron,Neuron,0.18630559742450714,-0.05100473761558533,0.12790119647979736
10X_17_029:GAACGGAGTGCACCACx,10X_17_029,Immature Neuron,BCL11B,15,15,Immature Neuron,Neuron,0.14966244995594025,-0.06691555678844452,0.11965250968933105
10X_17_029:GACGTTATCTAACTCTx,10X_17_029,Immature Neuron,BCL11B,15,15,Immature Neuron,Neuron,0.18519994616508484,0.039973288774490356,0.15567028522491455
10X_17_029:GACTAACCATCGATTGx,10X_17_029,Immature Neuron,BCL11B,15,15,Immature Neuron,Neuron,0.1593005508184433,-0.03831978142261505,0.11173909902572632
10X_17_029:GAATAAGCATAGACTCx,10X_17_029,Immature Neuron,BCL11B,15,15,Immature Neuron,Neuron,0.15165190398693085,-0.04189187288284302,0.1187434196472168
10X_17_029:GACCTGGCATCGATTGx,10X_17_029,Immature Neuron,BCL11B,15,15,Immature Neuron,Neuron,0.14605265855789185,-0.025520846247673035,0.10575276613235474
10X_17_029:GACCAATGTATTACCGx,10X_17_029,Neuron,BCL11B,15,15,Immature Neuron,Neuron,0.20241029560565948,0.00845317542552948,0.16995465755462646
10X_17_029:GAGGTGAAGGCAGTCAx,10X_17_029,Immature Neuron,BCL11B,15,15,Immature Neuron,Neuron,0.13086830079555511,-0.0729839950799942,0.13317382335662842
10X_17_029:GACTACATCGTCTGAAx,10X_17_029,Neuron,BCL11B,15,15,Immature Neuron,Neuron,0.19948728382587433,-0.03507605195045471,0.17493915557861328
10X_17_029:GATCGCGCATCTATGGx,10X_17_029,Neuron,BCL11B,15,15,Immature Neuron,Neuron,0.19414015114307404,0.008038744330406189,0.17624104022979736
10X_17_029:GATCGTAAGAGTGAGAx,10X_17_029,Immature Neuron,BCL11B,15,15,Immature Neuron,Neuron,0.15323495864868164,-0.005755066871643066,0.11014634370803833
10X_17_029:GCAATCAAGAGTAAGGx,10X_17_029,Immature Neuron,BCL11B,15,15,Immature Neuron,Neuron,0.11020192503929138,-0.06515529751777649,0.15567845106124878
10X_17_029:GATCAGTAGGGTTTCTx,10X_17_029,Immature Neuron,BCL11B,15,15,Immature Neuron,Neuron,0.13575388491153717,-0.10867950320243835,0.12096178531646729
10X_17_029:GAGGTGATCGCATGATx,10X_17_029,Immature Neuron,BCL11B,15,15,Immature Neuron,Neuron,0.15552128851413727,-0.031142249703407288,0.1159408688545227
10X_17_029:GATCAGTTCCGGGTGTx,10X_17_029,Immature Neuron,BCL11B,15,15,Immature Neuron,Neuron,0.1582912802696228,-0.012771576642990112,0.12689697742462158
10X_17_029:GCATGTATCGCCAGCAx,10X_17_029,Neuron,BCL11B,15,15,Immature Neuron,Neuron,0.14782340824604034,-0.009818270802497864,0.16014951467514038
10X_17_029:GCGAGAATCTCAAGTGx,10X_17_029,Immature Neuron,BCL11B,15,15,Immature Neuron,Neuron,0.11945481598377228,-0.07703495025634766,0.11761903762817383
10X_17_029:GCATGTAGTGCCTTGGx,10X_17_029,Neuron,BCL11B,15,15,Immature Neuron,Neuron,0.18840238451957703,0.06442081928253174,0.13911235332489014
10X_17_029:GCTGCTTGTCCAAGTTx,10X_17_029,Immature Neuron,BCL11B,15,15,Immature Neuron,Neuron,0.18075959384441376,-0.03555792570114136,0.13023322820663452
10X_17_029:GGAAAGCTCCGTAGTAx,10X_17_029,Neuron,BCL11B,15,15,Immature Neuron,Neuron,0.193095400929451,0.010984554886817932,0.1765810251235962
10X_17_029:GCGCAGTTCCGCAAGCx,10X_17_029,Immature Neuron,BCL11B,15,15,Immature Neuron,Neuron,0.15815545618534088,-0.013862654566764832,0.14674162864685059
10X_17_029:GCGCCAAGTTCATGGTx,10X_17_029,Immature Neuron,BCL11B,15,15,Immature Neuron,Neuron,0.19257031381130219,-0.056340187788009644,0.1343713402748108
10X_17_029:GCTGGGTCACATTCGAx,10X_17_029,Immature Neuron,BCL11B,15,15,Immature Neuron,Neuron,0.1727723479270935,-0.02313503623008728,0.11403161287307739
10X_17_029:GGAAAGCTCTGGCGTGx,10X_17_029,Neuron,BCL11B,15,15,Immature Neuron,Neuron,0.144633948802948,0.013938367366790771,0.16726887226104736
10X_17_029:GGAACTTAGTGAAGAGx,10X_17_029,Immature Neuron,BCL11B,15,15,Immature Neuron,Neuron,0.1362895518541336,-0.03250940144062042,0.13357281684875488
10X_17_029:GCTGGGTGTCTAAACCx,10X_17_029,Immature Neuron,BCL11B,15,15,Immature Neuron,Neuron,0.08808442950248718,-0.08676266670227051,0.1485147476196289
10X_17_029:GGCTGGTCAAACCCATx,10X_17_029,Immature Neuron,BCL11B,15,15,Immature Neuron,Neuron,0.11568495631217957,-0.04397423565387726,0.12020629644393921
10X_17_029:GGAGCAACAGTACACTx,10X_17_029,Immature Neuron,BCL11B,15,15,Immature Neuron,Neuron,0.17786535620689392,0.04606395959854126,0.1161489486694336
10X_17_029:GGATTACTCTGTCTCGx,10X_17_029,Neuron,BCL11B,15,15,Immature Neuron,Neuron,0.19738225638866425,0.04054170846939087,0.15809255838394165
10X_17_029:GGCAATTCACGTGAGAx,10X_17_029,Immature Neuron,BCL11B,15,15,Immature Neuron,Neuron,0.1607348918914795,0.02687358856201172,0.11873340606689453
10X_17_029:GGTATTGCATGATCCAx,10X_17_029,Immature Neuron,BCL11B,15,15,Immature Neuron,Neuron,0.14510577917099,-0.00044089555740356445,0.13997578620910645
10X_17_029:GTACGTACACAACTGTx,10X_17_029,Immature Neuron,BCL11B,15,15,Immature Neuron,Neuron,0.1396450698375702,-0.016026854515075684,0.14153802394866943
10X_17_029:GGGATGAAGTCTCCTCx,10X_17_029,Neuron,BCL11B,15,15,Immature Neuron,Neuron,0.16062791645526886,-0.021002963185310364,0.1504666805267334
10X_17_029:GGTATTGTCAGCGATTx,10X_17_029,Immature Neuron,BCL11B,15,15,Immature Neuron,Neuron,0.1488467901945114,-0.026101425290107727,0.11029672622680664
10X_17_029:GTAACGTTCCGAGCCAx,10X_17_029,Neuron,BCL11B,15,15,Immature Neuron,Neuron,0.18583722412586212,-0.035451844334602356,0.16112744808197021
10X_17_029:GGGAGATTCATCGATGx,10X_17_029,Immature Neuron,BCL11B,15,15,Immature Neuron,Neuron,0.16750909388065338,-0.06710344552993774,0.11007875204086304
10X_17_029:GGGCACTCACATAACCx,10X_17_029,Immature Neuron,BCL11B,15,15,Immature Neuron,Neuron,0.13208094239234924,-0.022369325160980225,0.11850237846374512
10X_17_029:GGTGAAGGTTCCATGAx,10X_17_029,Immature Neuron,BCL11B,15,15,Immature Neuron,Neuron,0.13413792848587036,-0.013055399060249329,0.10317611694335938
10X_17_029:GTCCTCAGTGAGCGATx,10X_17_029,Immature Neuron,BCL11B,15,15,Immature Neuron,Neuron,0.12866908311843872,-0.02061903476715088,0.11862719058990479
10X_17_029:GTCACAACAGCCAATTx,10X_17_029,Immature Neuron,BCL11B,15,15,Immature Neuron,Neuron,0.13668043911457062,-0.027172520756721497,0.11758613586425781
10X_17_029:GTCGGGTCACGTTGGCx,10X_17_029,Immature Neuron,BCL11B,15,15,Immature Neuron,Neuron,0.12121811509132385,-0.04997752606868744,0.11657029390335083
10X_17_029:GTATCTTCAGACGTAGx,10X_17_029,Immature Neuron,BCL11B,15,15,Immature Neuron,Neuron,0.08906155824661255,-0.09637367725372314,0.1533362865447998
10X_17_029:GTCCTCATCAACGCTAx,10X_17_029,Immature Neuron,BCL11B,15,15,Immature Neuron,Neuron,0.13846856355667114,-0.018855884671211243,0.10781776905059814
10X_17_029:GTATCTTTCGAATGGGx,10X_17_029,Immature Neuron,BCL11B,15,15,Immature Neuron,Neuron,0.15869846940040588,-0.021771013736724854,0.11299324035644531
10X_17_029:GTACTTTCAGTCAGAGx,10X_17_029,Immature Neuron,BCL11B,15,15,Immature Neuron,Neuron,0.08867809176445007,-0.1285199373960495,0.13470852375030518
10X_17_029:GTATTCTCACTCGACGx,10X_17_029,Neuron,BCL11B,15,15,Immature Neuron,Neuron,0.1695391982793808,-0.011175855994224548,0.12692677974700928
10X_17_029:GTATCTTGTGTCGCTGx,10X_17_029,Immature Neuron,BCL11B,15,15,Immature Neuron,Neuron,0.13140809535980225,-0.1038101315498352,0.14600032567977905
10X_17_029:GTATCTTGTCCGTCAGx,10X_17_029,Immature Neuron,BCL11B,15,15,Immature Neuron,Neuron,0.15431402623653412,-0.007928580045700073,0.13782089948654175
10X_17_029:GTAGTCAGTTCCATGAx,10X_17_029,Immature Neuron,BCL11B,15,15,Immature Neuron,Neuron,0.14363695681095123,-0.032326772809028625,0.12019193172454834
10X_17_029:GTATCTTTCAGGCAAGx,10X_17_029,Immature Neuron,BCL11B,15,15,Immature Neuron,Neuron,0.12969094514846802,-0.025618508458137512,0.12207317352294922
10X_17_029:GTATTCTCAAAGTGCGx,10X_17_029,Immature Neuron,BCL11B,15,15,Immature Neuron,Neuron,0.14089490473270416,-0.038953736424446106,0.12589526176452637
10X_17_029:GTTAAGCGTACGCACCx,10X_17_029,Neuron,BCL11B,15,15,Immature Neuron,Neuron,0.14647911489009857,-0.0011848807334899902,0.12689077854156494
10X_17_029:GTGCATATCTTTACACx,10X_17_029,Immature Neuron,BCL11B,15,15,Immature Neuron,Neuron,0.17826785147190094,0.026580840349197388,0.1341465711593628
10X_17_029:GTGGGTCCACTCTGTCx,10X_17_029,Immature Neuron,BCL11B,15,15,Immature Neuron,Neuron,0.13350754976272583,-0.0172690749168396,0.10807889699935913
10X_17_029:GTTAAGCGTACGACCCx,10X_17_029,Neuron,BCL11B,15,15,Immature Neuron,Neuron,0.14168578386306763,0.0019462555646896362,0.12323945760726929
10X_17_029:GTGGGTCGTGCTGTATx,10X_17_029,Neuron,BCL11B,15,15,Immature Neuron,Neuron,0.15605853497982025,-0.03539760410785675,0.1253088116645813
10X_17_029:GTCTCGTAGAGTACATx,10X_17_029,Immature Neuron,BCL11B,15,15,Immature Neuron,Neuron,0.12242107093334198,-0.06209893524646759,0.1283400058746338
10X_17_029:GTTCATTTCTACTCATx,10X_17_029,Immature Neuron,BCL11B,15,15,Immature Neuron,Neuron,0.1904795914888382,0.001454383134841919,0.13174515962600708
10X_17_029:TACCTATGTACGCTGCx,10X_17_029,Immature Neuron,BCL11B,15,15,Immature Neuron,Neuron,0.12950271368026733,-0.05211980640888214,0.13176631927490234
10X_17_029:TACACGAGTCTCTTATx,10X_17_029,Immature Neuron,BCL11B,15,15,Immature Neuron,Neuron,0.16165241599082947,0.06218801438808441,0.12489020824432373
10X_17_029:GTTACAGGTCCAGTTAx,10X_17_029,Immature Neuron,BCL11B,15,15,Immature Neuron,Neuron,0.12540091574192047,-0.0328650176525116,0.11616450548171997
10X_17_029:TAAGCGTCAATTCCTTx,10X_17_029,Neuron,BCL11B,15,15,Immature Neuron,Neuron,0.1902652084827423,0.07755450904369354,0.11770564317703247
10X_17_029:GTTCTCGCAAGTTAAGx,10X_17_029,Neuron,BCL11B,15,15,Immature Neuron,Neuron,0.1703832596540451,-0.004455685615539551,0.15101850032806396
10X_17_029:GTTCGGGGTACAGTGGx,10X_17_029,Immature Neuron,BCL11B,15,15,Immature Neuron,Neuron,0.151310533285141,-0.026847615838050842,0.128332257270813
10X_17_029:TACAGTGCAGTATGCTx,10X_17_029,Immature Neuron,BCL11B,15,15,Immature Neuron,Neuron,0.1375177651643753,-0.07175108790397644,0.1320645809173584
10X_17_029:TATCTCATCGTATCAGx,10X_17_029,Immature Neuron,BCL11B,15,15,Immature Neuron,Neuron,0.12468771636486053,-0.05588407814502716,0.12496566772460938
10X_17_029:TAGACCAGTATTCTCTx,10X_17_029,Immature Neuron,BCL11B,15,15,Immature Neuron,Neuron,0.1634756177663803,0.0037023723125457764,0.12991678714752197
10X_17_029:TACTCATTCATGTGGTx,10X_17_029,Immature Neuron,BCL11B,15,15,Immature Neuron,Neuron,0.15009614825248718,-0.04737384617328644,0.11633908748626709
10X_17_029:TATCAGGAGGCCGAATx,10X_17_029,Immature Neuron,BCL11B,15,15,Immature Neuron,Neuron,0.15221425890922546,0.0381397008895874,0.10540419816970825
10X_17_029:TAGACCAGTCCGAAGAx,10X_17_029,Immature Neuron,BCL11B,15,15,Immature Neuron,Neuron,0.1613757312297821,0.042916834354400635,0.11207902431488037
10X_17_029:TAGAGCTAGACAAGCCx,10X_17_029,Immature Neuron,BCL11B,15,15,Immature Neuron,Neuron,0.1229301393032074,-0.04017706215381622,0.12353479862213135
10X_17_029:TACGGATAGTTTAGGAx,10X_17_029,Immature Neuron,BCL11B,15,15,Immature Neuron,Neuron,0.18215245008468628,-0.06074810028076172,0.11762756109237671
10X_17_029:TACTCGCAGGAGCGTTx,10X_17_029,Immature Neuron,BCL11B,15,15,Immature Neuron,Neuron,0.17434538900852203,-0.037922099232673645,0.14186853170394897
10X_17_029:TACTTACCAGTAAGATx,10X_17_029,Neuron,BCL11B,15,15,Immature Neuron,Neuron,0.16414375603199005,0.004005357623100281,0.1424781084060669
10X_17_029:TAGGCATTCGCTAGCGx,10X_17_029,Neuron,BCL11B,15,15,Immature Neuron,Neuron,0.15520602464675903,0.004141867160797119,0.16699469089508057
10X_17_029:TACGGATTCCGAACGCx,10X_17_029,Immature Neuron,BCL11B,15,15,Immature Neuron,Neuron,0.13214163482189178,-0.03232830762863159,0.12523281574249268
10X_17_029:TAGACCAGTCGACTATx,10X_17_029,Neuron,BCL11B,15,15,Immature Neuron,Neuron,0.16048067808151245,0.0015654563903808594,0.16096657514572144
10X_17_029:TCATTACAGCAGCGTAx,10X_17_029,Neuron,BCL11B,15,15,Immature Neuron,Neuron,0.18169666826725006,0.011635065078735352,0.1397080421447754
10X_17_029:TCCACACCACATTTCTx,10X_17_029,Neuron,BCL11B,15,15,Immature Neuron,Neuron,0.19423970580101013,0.01752452552318573,0.15962445735931396
10X_17_029:TCATTTGTCCTCCTAGx,10X_17_029,Neuron,BCL11B,15,15,Immature Neuron,Neuron,0.205264151096344,0.03911380469799042,0.18959814310073853
10X_17_029:TCAACGAAGTGAAGTTx,10X_17_029,Immature Neuron,BCL11B,15,15,Immature Neuron,Neuron,0.15641792118549347,-0.0519418865442276,0.12399399280548096
10X_17_029:TCAGGTACATCTGGTAx,10X_17_029,Neuron,BCL11B,15,15,Immature Neuron,Neuron,0.15044285356998444,0.0001322627067565918,0.12744760513305664
10X_17_029:TCACAAGTCTTGCATTx,10X_17_029,Immature Neuron,BCL11B,15,15,Immature Neuron,Neuron,0.14568080008029938,0.0008671730756759644,0.13086169958114624
10X_17_029:TCAGGTACAGCTGCACx,10X_17_029,Neuron,BCL11B,15,15,Immature Neuron,Neuron,0.20985065400600433,-0.022865355014801025,0.17331069707870483
10X_17_029:TCACGAACATGTTCCCx,10X_17_029,Neuron,BCL11B,15,15,Immature Neuron,Neuron,0.19855505228042603,0.06243664026260376,0.15943872928619385
10X_17_029:TCATTACGTCTAACGTx,10X_17_029,Immature Neuron,BCL11B,15,15,Immature Neuron,Neuron,0.1599951535463333,0.01520375907421112,0.15920138359069824
10X_17_029:TCATTACCAATGAATGx,10X_17_029,Immature Neuron,BCL11B,15,15,Immature Neuron,Neuron,0.16872473061084747,-0.1022016704082489,0.12285947799682617
10X_17_029:TCATTACTCTACTTACx,10X_17_029,Immature Neuron,BCL11B,15,15,Immature Neuron,Neuron,0.23185674846172333,-0.03768441081047058,0.13130193948745728
10X_17_029:TCTTTCCAGACTCGGAx,10X_17_029,Immature Neuron,BCL11B,15,15,Immature Neuron,Neuron,0.17350424826145172,0.04283927381038666,0.13263463973999023
10X_17_029:TCGCGTTTCTTAGAGCx,10X_17_029,Neuron,BCL11B,15,15,Immature Neuron,Neuron,0.18507130444049835,0.007472053170204163,0.1971116065979004
10X_17_029:TCGTACCGTAAGAGAGx,10X_17_029,Immature Neuron,BCL11B,15,15,Immature Neuron,Neuron,0.11273275315761566,-0.13630905747413635,0.1439342498779297
10X_17_029:TCGTAGATCACGAAGGx,10X_17_029,Immature Neuron,BCL11B,15,15,Immature Neuron,Neuron,0.13268448412418365,-0.09479077160358429,0.1290050745010376
10X_17_029:TCTTTCCAGAAGGGTAx,10X_17_029,Immature Neuron,BCL11B,15,15,Immature Neuron,Neuron,0.17397190630435944,-0.08038029074668884,0.11573523283004761
10X_17_029:TCTTTCCAGGCAATTAx,10X_17_029,Immature Neuron,BCL11B,15,15,Immature Neuron,Neuron,0.1789446324110031,-0.02143236994743347,0.132953941822052
10X_17_029:TCTCATAGTGCCTGTGx,10X_17_029,Immature Neuron,BCL11B,15,15,Immature Neuron,Neuron,0.1360538750886917,-0.022324249148368835,0.1130247712135315
10X_17_029:TCTTTCCCATCATCCCx,10X_17_029,Immature Neuron,BCL11B,15,15,Immature Neuron,Neuron,0.14117082953453064,0.012642920017242432,0.1246953010559082
10X_17_029:TGACTTTAGTCCTCCTx,10X_17_029,Neuron,BCL11B,15,15,Immature Neuron,Neuron,0.248064324259758,-0.005108535289764404,0.18280911445617676
10X_17_029:TGCCAAAGTGTAATGAx,10X_17_029,Immature Neuron,BCL11B,15,15,Immature Neuron,Neuron,0.1227005273103714,-0.03909887373447418,0.1305219531059265
10X_17_029:TGACAACAGTTCGCATx,10X_17_029,Immature Neuron,BCL11B,15,15,Immature Neuron,Neuron,0.1654474288225174,-0.043573617935180664,0.1219320297241211
10X_17_029:TGAAAGACAATGAATGx,10X_17_029,Immature Neuron,BCL11B,15,15,Immature Neuron,Neuron,0.11567194759845734,-0.11639578640460968,0.12324368953704834
10X_17_029:TGCACCTAGCGCCTCAx,10X_17_029,Immature Neuron,BCL11B,15,15,Immature Neuron,Neuron,0.15633124113082886,-0.032014623284339905,0.11714696884155273
10X_17_029:TGACGGCCAACTGGCCx,10X_17_029,Immature Neuron,BCL11B,15,15,Immature Neuron,Neuron,0.14223803579807281,-0.09288272261619568,0.13003724813461304
10X_17_029:TGAGGGAGTGTAACGGx,10X_17_029,Immature Neuron,BCL11B,15,15,Immature Neuron,Neuron,0.12245447933673859,-0.09925822913646698,0.12314385175704956
10X_17_029:TGCGTGGCAAAGCGGTx,10X_17_029,Immature Neuron,BCL11B,15,15,Immature Neuron,Neuron,0.1627292037010193,-0.008515477180480957,0.10899925231933594
10X_17_029:TGCTGCTTCTAGAGTCx,10X_17_029,Immature Neuron,BCL11B,15,15,Immature Neuron,Neuron,0.16903313994407654,0.07710480690002441,0.11684262752532959
10X_17_029:TGGGCGTCATACTCTTx,10X_17_029,Neuron,BCL11B,15,15,Immature Neuron,Neuron,0.2139110118150711,-0.047800034284591675,0.2136012315750122
10X_17_029:TGGTTAGAGGAGTTTAx,10X_17_029,Immature Neuron,BCL11B,15,15,Immature Neuron,Neuron,0.15737704932689667,-0.05913551151752472,0.11907786130905151
10X_17_029:TGGGAAGAGTTACGGGx,10X_17_029,Neuron,BCL11B,15,15,Immature Neuron,Neuron,0.1794394999742508,0.030027449131011963,0.15758800506591797
10X_17_029:TGGGCGTGTGGTACAGx,10X_17_029,Neuron,BCL11B,15,15,Immature Neuron,Neuron,0.1497313529253006,-0.03890044987201691,0.15441358089447021
10X_17_029:TGGACGCGTCCTGCTTx,10X_17_029,Immature Neuron,BCL11B,15,15,Immature Neuron,Neuron,0.11549544334411621,-0.040772855281829834,0.12538349628448486
10X_17_029:TGTTCCGAGCGCTTATx,10X_17_029,Neuron,BCL11B,15,15,Immature Neuron,Neuron,0.18515346944332123,0.0012226700782775879,0.14034461975097656
10X_17_029:TGTGGTAAGACCTAGGx,10X_17_029,Immature Neuron,BCL11B,15,15,Immature Neuron,Neuron,0.14496062695980072,-0.06703659892082214,0.12412571907043457
10X_17_029:TTCCCAGCAGGGTATGx,10X_17_029,Immature Neuron,BCL11B,15,15,Immature Neuron,Neuron,0.17299418151378632,-0.011231228709220886,0.10642707347869873
10X_17_029:TGTGGTACACCACGTGx,10X_17_029,Neuron,BCL11B,15,15,Immature Neuron,Neuron,0.17009621858596802,0.03230738639831543,0.1532852053642273
10X_17_029:TGTCCCACATCCGTGGx,10X_17_029,Immature Neuron,BCL11B,15,15,Immature Neuron,Neuron,0.10064394772052765,-0.07750971615314484,0.15676450729370117
10X_17_029:TGTTCCGAGTCCATACx,10X_17_029,Immature Neuron,BCL11B,15,15,Immature Neuron,Neuron,0.1582081913948059,0.0036543607711791992,0.10717177391052246
10X_17_029:TTCCCAGGTACCGCTGx,10X_17_029,Immature Neuron,BCL11B,15,15,Immature Neuron,Neuron,0.09295912086963654,-0.08624710142612457,0.12885314226150513
10X_17_029:TGTGGTAGTTGCGTTAx,10X_17_029,Immature Neuron,BCL11B,15,15,Immature Neuron,Neuron,0.12683655321598053,-0.022592023015022278,0.12559598684310913
10X_17_029:TTATGCTAGCTAGTCTx,10X_17_029,Neuron,BCL11B,15,15,Immature Neuron,Neuron,0.19881992042064667,-0.019127368927001953,0.1590430736541748
10X_17_029:TGTTCCGGTACTTCTTx,10X_17_029,Neuron,BCL11B,15,15,Immature Neuron,Neuron,0.1633797436952591,0.022864922881126404,0.15967607498168945
10X_17_029:TTCTACATCAGTGCATx,10X_17_029,Immature Neuron,BCL11B,15,15,Immature Neuron,Neuron,0.176540806889534,-0.018089130520820618,0.13837802410125732
10X_17_029:TTCTACAAGTTAAGTGx,10X_17_029,Immature Neuron,BCL11B,15,15,Immature Neuron,Neuron,0.13856224715709686,-0.006494730710983276,0.12614929676055908
10X_17_029:TTCTCCTTCAGGCAAGx,10X_17_029,Immature Neuron,BCL11B,15,15,Immature Neuron,Neuron,0.1811956912279129,0.020814165472984314,0.1477452516555786
10X_17_029:TTGCGTCCAACTGGCCx,10X_17_029,Neuron,BCL11B,15,15,Immature Neuron,Neuron,0.19479615986347198,0.05535946041345596,0.17368721961975098
10X_17_029:TTCTACAGTCCGCTGAx,10X_17_029,Immature Neuron,BCL11B,15,15,Immature Neuron,Neuron,0.16571958363056183,-0.07569962739944458,0.11886096000671387
10X_17_029:TTGCGTCAGGCACATGx,10X_17_029,Neuron,BCL11B,15,15,Immature Neuron,Neuron,0.18757624924182892,-0.05250461399555206,0.17409956455230713
10X_17_029:TTGACTTCAGTAGAGCx,10X_17_029,Neuron,BCL11B,15,15,Immature Neuron,Neuron,0.15557260811328888,-0.010961025953292847,0.14229637384414673
10X_17_029:TTGGAACTCTGCTGTCx,10X_17_029,Immature Neuron,BCL11B,15,15,Immature Neuron,Neuron,0.13496871292591095,-0.024199366569519043,0.12633967399597168
10X_17_029:TTCTTAGGTTCCACAAx,10X_17_029,Immature Neuron,BCL11B,15,15,Immature Neuron,Neuron,0.21438543498516083,-0.04291506111621857,0.12553930282592773
10X_17_029:TTCTTAGAGACGACGTx,10X_17_029,Immature Neuron,BCL11B,15,15,Immature Neuron,Neuron,0.12938052415847778,-0.017812788486480713,0.13060790300369263
10X_17_029:TTGTAGGTCCAGAGGAx,10X_17_029,Immature Neuron,BCL11B,15,15,Immature Neuron,Neuron,0.13901636004447937,-0.06097479164600372,0.13039422035217285
10X_17_029:TTGTAGGAGGATATACx,10X_17_029,Immature Neuron,BCL11B,15,15,Immature Neuron,Neuron,0.18453387916088104,-0.03511819243431091,0.13065099716186523
10X_17_029:TTTACTGTCTTTACACx,10X_17_029,Immature Neuron,BCL11B,15,15,Immature Neuron,Neuron,0.17170168459415436,0.0079822838306427,0.12960243225097656
10X_17_029:TTTGGTTGTACCCAATx,10X_17_029,Neuron,BCL11B,15,15,Immature Neuron,Neuron,0.15740245580673218,0.002978205680847168,0.13512790203094482
